[02Sep2026 19:42:42.194] [main/INFO] [cpw.mods.modlauncher.Launcher/MODLAUNCHER]: ModLauncher running: args [--launchTarget, forgeserver, --fml.forgeVersion, 47.4.20, --fml.mcVersion, 1.20.1, --fml.forgeGroup, net.minecraftforge, --fml.mcpVersion, 20230612.114412, nogui]
[02Sep2026 19:42:42.198] [main/INFO] [cpw.mods.modlauncher.Launcher/MODLAUNCHER]: ModLauncher 10.0.9+10.0.9+main.dcd20f30 starting: java version 17.0.20 by Ubuntu; OS Linux arch amd64 version 6.8.0-1052-azure
[02Sep2026 19:42:45.383] [main/INFO] [net.minecraftforge.fml.loading.ImmediateWindowHandler/]: ImmediateWindowProvider not loading because launch target is forgeserver
[02Sep2026 19:42:45.464] [main/INFO] [mixin/]: SpongePowered MIXIN Subsystem Version=0.8.5 Source=union:/workspaces/Prueba/servidor_minecraft/libraries/org/spongepowered/mixin/0.8.5/mixin-0.8.5.jar%2365!/ Service=ModLauncher Env=SERVER
[02Sep2026 19:42:45.923] [main/WARN] [net.minecraftforge.fml.loading.moddiscovery.ModDiscoverer/SCAN]: Locator {mods folder locator at /workspaces/Prueba/servidor_minecraft/mods} returned 1 files which are client-side-only mods, but we're on a dedicated server. They will be skipped!
[02Sep2026 19:42:46.006] [main/WARN] [net.minecraftforge.fml.loading.moddiscovery.ModFileParser/LOADING]: Mod file /workspaces/Prueba/servidor_minecraft/libraries/net/minecraftforge/fmlcore/1.20.1-47.4.20/fmlcore-1.20.1-47.4.20.jar is missing mods.toml file
[02Sep2026 19:42:46.007] [main/WARN] [net.minecraftforge.fml.loading.moddiscovery.ModFileParser/LOADING]: Mod file /workspaces/Prueba/servidor_minecraft/libraries/net/minecraftforge/javafmllanguage/1.20.1-47.4.20/javafmllanguage-1.20.1-47.4.20.jar is missing mods.toml file
[02Sep2026 19:42:46.008] [main/WARN] [net.minecraftforge.fml.loading.moddiscovery.ModFileParser/LOADING]: Mod file /workspaces/Prueba/servidor_minecraft/libraries/net/minecraftforge/lowcodelanguage/1.20.1-47.4.20/lowcodelanguage-1.20.1-47.4.20.jar is missing mods.toml file
[02Sep2026 19:42:46.008] [main/WARN] [net.minecraftforge.fml.loading.moddiscovery.ModFileParser/LOADING]: Mod file /workspaces/Prueba/servidor_minecraft/libraries/net/minecraftforge/mclanguage/1.20.1-47.4.20/mclanguage-1.20.1-47.4.20.jar is missing mods.toml file
[02Sep2026 19:42:46.715] [main/WARN] [net.minecraftforge.jarjar.selection.JarSelector/]: Attempted to select a dependency jar for JarJar which was passed in as source: architectury. Using Mod File: /workspaces/Prueba/servidor_minecraft/mods/architectury-9.2.14-forge.jar
[02Sep2026 19:42:46.716] [main/INFO] [net.minecraftforge.fml.loading.moddiscovery.JarInJarDependencyLocator/]: Found 70 dependencies adding them to mods collection
[02Sep2026 19:42:51.691] [main/INFO] [mixin/]: Compatibility level set to JAVA_17
[02Sep2026 19:42:51.829] [main/ERROR] [mixin/]: Mixin config arclight.mixins.json does not specify "minVersion" property
[02Sep2026 19:42:51.968] [main/ERROR] [mixin/]: Mixin config fabric-item-group-api-v1.mixins.json does not specify "minVersion" property
[02Sep2026 19:42:51.970] [main/ERROR] [mixin/]: Mixin config fabric-item-group-api-v1.client.mixins.json does not specify "minVersion" property
[02Sep2026 19:42:52.047] [main/ERROR] [mixin/]: Mixin config fabric-item-api-v1.client.mixins.json does not specify "minVersion" property
[02Sep2026 19:42:52.085] [main/ERROR] [mixin/]: Mixin config fabric-data-attachment-api-v1.mixins.json does not specify "minVersion" property
[02Sep2026 19:42:52.088] [main/ERROR] [mixin/]: Mixin config fabric-data-attachment-api-v1.client.mixins.json does not specify "minVersion" property
[02Sep2026 19:42:52.313] [main/ERROR] [mixin/]: Mixin config yacl.mixins.json does not specify "minVersion" property
[02Sep2026 19:42:52.436] [main/INFO] [mixin/]: Successfully loaded Mixin Connector [com.sonicether.soundphysics.MixinConnector]
[02Sep2026 19:42:52.438] [main/INFO] [mixin/]: Successfully loaded Mixin Connector [ca.spottedleaf.starlight.mixin.MixinConnector]
[02Sep2026 19:42:52.442] [main/INFO] [net.fabricmc.loader.impl.bootstrap.FabricLoaderBootstrap/]: Propagating FML mod list to Fabric Loader
[02Sep2026 19:42:52.464] [main/INFO] [cpw.mods.modlauncher.LaunchServiceHandler/MODLAUNCHER]: Launching target 'forgeserver' with arguments [nogui]
[02Sep2026 19:42:52.489] [main/WARN] [mixin/]: Reference map 'parcool_compat_addon.refmap.json' for parcool_compat_addon.mixins.json could not be read. If this is a development environment you can ignore this message
[02Sep2026 19:42:52.714] [main/INFO] [ModernFix/]: Loaded configuration file for ModernFix 5.27.79+mc1.20.1: 110 options available, 1 override(s) found
[02Sep2026 19:42:52.715] [main/WARN] [ModernFix/]: Option 'mixin.perf.thread_priorities' overriden (by mods [smoothboot]) to 'false'
[02Sep2026 19:42:52.716] [main/INFO] [ModernFix/]: Applying Nashorn fix
[02Sep2026 19:42:52.736] [main/INFO] [ModernFix/]: Applied Forge config corruption patch
[02Sep2026 19:42:52.788] [main/INFO] [Embeddium/]: Loaded configuration file for Embeddium: 251 options available, 0 override(s) found
[02Sep2026 19:42:52.888] [main/WARN] [mixin/]: Reference map 'arclight.mixins.refmap.json' for arclight.mixins.json could not be read. If this is a development environment you can ignore this message
[02Sep2026 19:42:53.073] [main/WARN] [mixin/]: Reference map 'jademoddedentities.refmap.json' for jademoddedentities.mixins.json could not be read. If this is a development environment you can ignore this message
[02Sep2026 19:42:53.084] [main/WARN] [mixin/]: Reference map 'jademoddedentities.refmap.json' for jademoddedentities.forge.mixins.json could not be read. If this is a development environment you can ignore this message
[02Sep2026 19:42:53.219] [main/WARN] [mixin/]: Reference map 'cristellib-forge-refmap.json' for cristellib.mixins.json could not be read. If this is a development environment you can ignore this message
[02Sep2026 19:42:53.373] [main/WARN] [mixin/]: Reference map 'mixins.corpsedragonsurvival.refmap.json' for corpsedragonsurvival.mixins.json could not be read. If this is a development environment you can ignore this message
[02Sep2026 19:42:53.431] [main/WARN] [mixin/]: Reference map 'mixins.epic_knights_ice_and_fire.refmap.json' for mixins.epic_knights_ice_and_fire.json could not be read. If this is a development environment you can ignore this message
[02Sep2026 19:42:53.695] [main/INFO] [dev.tonimatas.packetfixer.mixins.v1_19_4_forge.MixinPlugin/]: Packet Fixer forge 1.19.4-1.20.1 has been applied successfully.
[02Sep2026 19:42:54.305] [main/INFO] [net.minecraftforge.coremod.CoreMod.apotheosis/COREMODLOG]: Replaced 1 calls to Enchantment#getMaxLevel() in net/minecraft/world/level/storage/loot/functions/EnchantRandomlyFunction
[02Sep2026 19:42:54.306] [main/INFO] [net.minecraftforge.coremod.CoreMod.apotheosis/COREMODLOG]: Replaced 1 calls to Enchantment#isDiscoverable() in net/minecraft/world/level/storage/loot/functions/EnchantRandomlyFunction
[02Sep2026 19:42:54.605] [main/WARN] [mixin/]: Error loading class: io/github/strikerrocker/vt/enchantments/SiphonEnchantment (java.lang.ClassNotFoundException: io.github.strikerrocker.vt.enchantments.SiphonEnchantment)
[02Sep2026 19:42:54.954] [main/INFO] [net.minecraftforge.coremod.CoreMod.apotheosis/COREMODLOG]: Replaced 2 calls to Enchantment#getMaxLevel() in net/minecraft/world/inventory/AnvilMenu
[02Sep2026 19:42:54.967] [main/WARN] [mixin/]: Error loading class: org/violetmoon/quark/content/tweaks/module/GoldToolsHaveFortuneModule (java.lang.ClassNotFoundException: org.violetmoon.quark.content.tweaks.module.GoldToolsHaveFortuneModule)
[02Sep2026 19:42:54.974] [main/INFO] [net.minecraftforge.coremod.CoreMod.placebo/COREMODLOG]: Patching IForgeItemStack#getEnchantmentLevel
[02Sep2026 19:42:54.989] [main/INFO] [net.minecraftforge.coremod.CoreMod.placebo/COREMODLOG]: Patching IForgeItemStack#getEnchantmentLevel
[02Sep2026 19:42:55.005] [main/INFO] [net.minecraftforge.coremod.CoreMod.placebo/COREMODLOG]: Patching IForgeItemStack#getEnchantmentLevel
[02Sep2026 19:42:55.007] [main/INFO] [net.minecraftforge.coremod.CoreMod.placebo/COREMODLOG]: Patching IForgeItemStack#getEnchantmentLevel
[02Sep2026 19:42:55.023] [main/WARN] [mixin/]: Error loading class: com/hollingsworth/arsnouveau/common/items/SpellCrossbow (java.lang.ClassNotFoundException: com.hollingsworth.arsnouveau.common.items.SpellCrossbow)
[02Sep2026 19:42:55.045] [main/ERROR] [net.minecraftforge.fml.loading.RuntimeDistCleaner/DISTXFORM]: Attempted to load class net/minecraft/client/MouseHandler for invalid dist DEDICATED_SERVER
[02Sep2026 19:42:55.045] [main/WARN] [mixin/]: Error loading class: net/minecraft/client/MouseHandler (java.lang.RuntimeException: Attempted to load class net/minecraft/client/MouseHandler for invalid dist DEDICATED_SERVER)
[02Sep2026 19:42:55.047] [main/WARN] [mixin/]: @Mixin target net.minecraft.client.MouseHandler was not found fabric-screen-api-v1.mixins.json:MouseMixin
[02Sep2026 19:42:55.048] [main/ERROR] [net.minecraftforge.fml.loading.RuntimeDistCleaner/DISTXFORM]: Attempted to load class net/minecraft/client/gui/screens/Screen for invalid dist DEDICATED_SERVER
[02Sep2026 19:42:55.052] [main/WARN] [mixin/]: Error loading class: net/minecraft/client/gui/screens/Screen (java.lang.RuntimeException: Attempted to load class net/minecraft/client/gui/screens/Screen for invalid dist DEDICATED_SERVER)
[02Sep2026 19:42:55.052] [main/WARN] [mixin/]: @Mixin target net.minecraft.client.gui.screens.Screen was not found fabric-screen-api-v1.mixins.json:ScreenAccessor
[02Sep2026 19:42:55.247] [main/INFO] [net.minecraftforge.coremod.CoreMod.apotheosis/COREMODLOG]: Replaced 2 calls to Enchantment#getMaxLevel() in net/minecraft/world/item/CreativeModeTabs
[02Sep2026 19:42:55.356] [main/ERROR] [net.minecraftforge.fml.loading.RuntimeDistCleaner/DISTXFORM]: Attempted to load class net/minecraft/client/renderer/item/ItemProperties for invalid dist DEDICATED_SERVER
[02Sep2026 19:42:55.356] [main/WARN] [mixin/]: Error loading class: net/minecraft/client/renderer/item/ItemProperties (java.lang.RuntimeException: Attempted to load class net/minecraft/client/renderer/item/ItemProperties for invalid dist DEDICATED_SERVER)
[02Sep2026 19:42:55.357] [main/WARN] [mixin/]: @Mixin target net.minecraft.client.renderer.item.ItemProperties was not found mixins.vminus.json:items.ItemPropertiesMixin
[02Sep2026 19:42:55.587] [main/ERROR] [net.minecraftforge.fml.loading.RuntimeDistCleaner/DISTXFORM]: Attempted to load class net/minecraft/client/renderer/LevelRenderer for invalid dist DEDICATED_SERVER
[02Sep2026 19:42:55.588] [main/WARN] [mixin/]: Error loading class: net/minecraft/client/renderer/LevelRenderer (java.lang.RuntimeException: Attempted to load class net/minecraft/client/renderer/LevelRenderer for invalid dist DEDICATED_SERVER)
[02Sep2026 19:42:55.588] [main/WARN] [mixin/]: @Mixin target net.minecraft.client.renderer.LevelRenderer was not found accessories-common.mixins.json:LevelRendererAccessor
[02Sep2026 19:42:55.786] [main/WARN] [mixin/]: Error loading class: com/oblivioussp/spartanweaponry/item/BoltItem (java.lang.ClassNotFoundException: com.oblivioussp.spartanweaponry.item.BoltItem)
[02Sep2026 19:42:55.786] [main/WARN] [mixin/]: @Mixin target com.oblivioussp.spartanweaponry.item.BoltItem was not found moreartifacts.mixins.json:BoltItemMixin
[02Sep2026 19:42:55.789] [main/WARN] [mixin/]: Error loading class: team/creative/enhancedvisuals/common/handler/ExplosionHandler (java.lang.ClassNotFoundException: team.creative.enhancedvisuals.common.handler.ExplosionHandler)
[02Sep2026 19:42:55.790] [main/WARN] [mixin/]: @Mixin target team.creative.enhancedvisuals.common.handler.ExplosionHandler was not found moreartifacts.mixins.json:ExplosionHandlerMixin
[02Sep2026 19:42:55.793] [main/WARN] [mixin/]: Error loading class: net/gobies/potionrings2/item/potionrings/PotionRingItem (java.lang.ClassNotFoundException: net.gobies.potionrings2.item.potionrings.PotionRingItem)
[02Sep2026 19:42:55.793] [main/WARN] [mixin/]: @Mixin target net.gobies.potionrings2.item.potionrings.PotionRingItem was not found moreartifacts.mixins.json:PotionRingItemMixin
[02Sep2026 19:42:55.876] [main/ERROR] [net.minecraftforge.fml.loading.RuntimeDistCleaner/DISTXFORM]: Attempted to load class net/minecraft/client/gui/screens/Screen for invalid dist DEDICATED_SERVER
[02Sep2026 19:42:55.876] [main/WARN] [mixin/]: Error loading class: net/minecraft/client/gui/screens/Screen (java.lang.RuntimeException: Attempted to load class net/minecraft/client/gui/screens/Screen for invalid dist DEDICATED_SERVER)
[02Sep2026 19:42:55.877] [main/WARN] [mixin/]: @Mixin target net.minecraft.client.gui.screens.Screen was not found relics.mixins.json:ScreenMixin
[02Sep2026 19:42:56.145] [main/INFO] [net.minecraftforge.coremod.CoreMod.apotheosis/COREMODLOG]: Patching FishingHook#catchingFish
[02Sep2026 19:42:56.152] [main/WARN] [mixin/]: Error loading class: vectorwing/farmersdelight/common/block/StoveBlock (java.lang.ClassNotFoundException: vectorwing.farmersdelight.common.block.StoveBlock)
[02Sep2026 19:42:56.172] [main/WARN] [mixin/]: Error loading class: net/lunakibby/timekeeper/procedures/QueryProcDayProcedure (java.lang.ClassNotFoundException: net.lunakibby.timekeeper.procedures.QueryProcDayProcedure)
[02Sep2026 19:42:56.176] [main/WARN] [mixin/]: Error loading class: net/lunakibby/timekeeper/procedures/QueryProcDayFullProcedure (java.lang.ClassNotFoundException: net.lunakibby.timekeeper.procedures.QueryProcDayFullProcedure)
[02Sep2026 19:42:56.222] [main/WARN] [mixin/]: Error loading class: forge/net/mca/entity/ai/pathfinder/VillagerLandPathNodeMaker (java.lang.ClassNotFoundException: forge.net.mca.entity.ai.pathfinder.VillagerLandPathNodeMaker)
[02Sep2026 19:42:56.344] [main/WARN] [mixin/]: Error loading class: net/bettercombat/network/ServerNetwork (java.lang.ClassNotFoundException: net.bettercombat.network.ServerNetwork)
[02Sep2026 19:42:56.353] [main/WARN] [mixin/]: Error loading class: noobanidus/mods/lootr/block/entities/LootrChestBlockEntity (java.lang.ClassNotFoundException: noobanidus.mods.lootr.block.entities.LootrChestBlockEntity)
[02Sep2026 19:42:56.356] [main/WARN] [mixin/]: Error loading class: noobanidus/mods/lootr/block/entities/LootrBarrelBlockEntity (java.lang.ClassNotFoundException: noobanidus.mods.lootr.block.entities.LootrBarrelBlockEntity)
[02Sep2026 19:42:56.361] [main/WARN] [mixin/]: Error loading class: noobanidus/mods/lootr/block/entities/LootrShulkerBlockEntity (java.lang.ClassNotFoundException: noobanidus.mods.lootr.block.entities.LootrShulkerBlockEntity)
[02Sep2026 19:42:56.365] [main/WARN] [mixin/]: Error loading class: noobanidus/mods/lootr/entity/LootrChestMinecartEntity (java.lang.ClassNotFoundException: noobanidus.mods.lootr.entity.LootrChestMinecartEntity)
[02Sep2026 19:42:56.580] [main/ERROR] [net.minecraftforge.fml.loading.RuntimeDistCleaner/DISTXFORM]: Attempted to load class com/alrex/parcool/common/capability/Animation for invalid dist DEDICATED_SERVER
[02Sep2026 19:42:56.580] [main/WARN] [mixin/]: Error loading class: com/alrex/parcool/common/capability/Animation (java.lang.RuntimeException: Attempted to load class com/alrex/parcool/common/capability/Animation for invalid dist DEDICATED_SERVER)
[02Sep2026 19:42:56.580] [main/WARN] [mixin/]: @Mixin target com.alrex.parcool.common.capability.Animation was not found mixins.epicparcool.json:ParCoolMixinAnimation
[02Sep2026 19:42:56.812] [main/ERROR] [mixin/]: accessories-common.mixins.json:ContainerMixin: Interface mixin contains a non-public method! Found extendHasAnyMatching(Ljava/util/function/Predicate;Lorg/spongepowered/asm/mixin/injection/callback/CallbackInfoReturnable;)V in accessories-common.mixins.json:ContainerMixin
org.spongepowered.asm.mixin.transformer.throwables.InvalidInterfaceMixinException: Interface mixin contains a non-public method! Found extendHasAnyMatching(Ljava/util/function/Predicate;Lorg/spongepowered/asm/mixin/injection/callback/CallbackInfoReturnable;)V in accessories-common.mixins.json:ContainerMixin
	at org.spongepowered.asm.mixin.transformer.MixinPreProcessorInterface.prepareMethod(MixinPreProcessorInterface.java:65) ~[mixin-0.8.5.jar%2365!/:0.8.5+Jenkins-b310.git-155314e6e91465dad727e621a569906a410cd6f4]
	at org.spongepowered.asm.mixin.transformer.MixinPreProcessorStandard.prepare(MixinPreProcessorStandard.java:187) ~[mixin-0.8.5.jar%2365!/:0.8.5+Jenkins-b310.git-155314e6e91465dad727e621a569906a410cd6f4]
	at org.spongepowered.asm.mixin.transformer.MixinInfo$State.validate(MixinInfo.java:322) ~[mixin-0.8.5.jar%2365!/:0.8.5+Jenkins-b310.git-155314e6e91465dad727e621a569906a410cd6f4]
	at org.spongepowered.asm.mixin.transformer.MixinInfo.validate(MixinInfo.java:913) ~[mixin-0.8.5.jar%2365!/:0.8.5+Jenkins-b310.git-155314e6e91465dad727e621a569906a410cd6f4]
	at org.spongepowered.asm.mixin.transformer.MixinConfig.postInitialise(MixinConfig.java:801) ~[mixin-0.8.5.jar%2365!/:0.8.5+Jenkins-b310.git-155314e6e91465dad727e621a569906a410cd6f4]
	at org.spongepowered.asm.mixin.transformer.MixinProcessor.prepareConfigs(MixinProcessor.java:567) ~[mixin-0.8.5.jar%2365!/:0.8.5+Jenkins-b310.git-155314e6e91465dad727e621a569906a410cd6f4]
	at org.spongepowered.asm.mixin.transformer.MixinProcessor.select(MixinProcessor.java:462) ~[mixin-0.8.5.jar%2365!/:0.8.5+Jenkins-b310.git-155314e6e91465dad727e621a569906a410cd6f4]
	at org.spongepowered.asm.mixin.transformer.MixinProcessor.checkSelect(MixinProcessor.java:438) ~[mixin-0.8.5.jar%2365!/:0.8.5+Jenkins-b310.git-155314e6e91465dad727e621a569906a410cd6f4]
	at org.spongepowered.asm.mixin.transformer.MixinProcessor.applyMixins(MixinProcessor.java:290) ~[mixin-0.8.5.jar%2365!/:0.8.5+Jenkins-b310.git-155314e6e91465dad727e621a569906a410cd6f4]
	at org.spongepowered.asm.mixin.transformer.MixinTransformer.transformClass(MixinTransformer.java:250) ~[mixin-0.8.5.jar%2365!/:0.8.5+Jenkins-b310.git-155314e6e91465dad727e621a569906a410cd6f4]
	at org.spongepowered.asm.service.modlauncher.MixinTransformationHandler.processClass(MixinTransformationHandler.java:131) ~[mixin-0.8.5.jar%2365!/:0.8.5+Jenkins-b310.git-155314e6e91465dad727e621a569906a410cd6f4]
	at org.spongepowered.asm.launch.MixinLaunchPluginLegacy.processClass(MixinLaunchPluginLegacy.java:131) ~[mixin-0.8.5.jar%2365!/:0.8.5+Jenkins-b310.git-155314e6e91465dad727e621a569906a410cd6f4]
	at cpw.mods.modlauncher.serviceapi.ILaunchPluginService.processClassWithFlags(ILaunchPluginService.java:156) ~[modlauncher-10.0.9.jar%2355!/:10.0.9+10.0.9+main.dcd20f30]
	at cpw.mods.modlauncher.LaunchPluginHandler.offerClassNodeToPlugins(LaunchPluginHandler.java:88) ~[modlauncher-10.0.9.jar%2355!/:?]
	at cpw.mods.modlauncher.ClassTransformer.transform(ClassTransformer.java:120) ~[modlauncher-10.0.9.jar%2355!/:?]
	at cpw.mods.modlauncher.TransformingClassLoader.maybeTransformClassBytes(TransformingClassLoader.java:50) ~[modlauncher-10.0.9.jar%2355!/:?]
	at cpw.mods.cl.ModuleClassLoader.readerToClass(ModuleClassLoader.java:113) ~[securejarhandler-2.1.10.jar:?]
	at cpw.mods.cl.ModuleClassLoader.lambda$findClass$15(ModuleClassLoader.java:219) ~[securejarhandler-2.1.10.jar:?]
	at cpw.mods.cl.ModuleClassLoader.loadFromModule(ModuleClassLoader.java:229) ~[securejarhandler-2.1.10.jar:?]
	at cpw.mods.cl.ModuleClassLoader.findClass(ModuleClassLoader.java:219) ~[securejarhandler-2.1.10.jar:?]
	at java.lang.ClassLoader.loadClass(ClassLoader.java:637) ~[?:?]
	at java.lang.Class.forName(Class.java:547) ~[?:?]
	at net.minecraftforge.fml.loading.ImmediateWindowHandler$DummyProvider.lambda$updateModuleReads$1(ImmediateWindowHandler.java:164) ~[fmlloader-1.20.1-47.4.20.jar%2369!/:1.0]
	at java.util.Optional.map(Optional.java:260) ~[?:?]
	at net.minecraftforge.fml.loading.ImmediateWindowHandler$DummyProvider.updateModuleReads(ImmediateWindowHandler.java:164) ~[fmlloader-1.20.1-47.4.20.jar%2369!/:1.0]
	at net.minecraftforge.fml.loading.ImmediateWindowHandler.acceptGameLayer(ImmediateWindowHandler.java:89) ~[fmlloader-1.20.1-47.4.20.jar%2369!/:1.0]
	at net.minecraftforge.fml.loading.FMLLoader.beforeStart(FMLLoader.java:216) ~[fmlloader-1.20.1-47.4.20.jar%2369!/:1.0]
	at net.minecraftforge.fml.loading.targets.CommonLaunchHandler.launchService(CommonLaunchHandler.java:92) ~[fmlloader-1.20.1-47.4.20.jar%2369!/:?]
	at cpw.mods.modlauncher.LaunchServiceHandlerDecorator.launch(LaunchServiceHandlerDecorator.java:30) ~[modlauncher-10.0.9.jar%2355!/:?]
	at cpw.mods.modlauncher.LaunchServiceHandler.launch(LaunchServiceHandler.java:53) ~[modlauncher-10.0.9.jar%2355!/:?]
	at cpw.mods.modlauncher.LaunchServiceHandler.launch(LaunchServiceHandler.java:71) ~[modlauncher-10.0.9.jar%2355!/:?]
	at cpw.mods.modlauncher.Launcher.run(Launcher.java:108) ~[modlauncher-10.0.9.jar%2355!/:?]
	at cpw.mods.modlauncher.Launcher.main(Launcher.java:78) ~[modlauncher-10.0.9.jar%2355!/:?]
	at cpw.mods.modlauncher.BootstrapLaunchConsumer.accept(BootstrapLaunchConsumer.java:26) ~[modlauncher-10.0.9.jar%2355!/:?]
	at cpw.mods.modlauncher.BootstrapLaunchConsumer.accept(BootstrapLaunchConsumer.java:23) ~[modlauncher-10.0.9.jar%2355!/:?]
	at cpw.mods.bootstraplauncher.BootstrapLauncher.main(BootstrapLauncher.java:141) ~[bootstraplauncher-1.1.2.jar:?]
[02Sep2026 19:42:56.873] [main/WARN] [mixin/]: Error loading class: com/mojang/blaze3d/platform/InputConstants$Key (java.lang.ClassNotFoundException: com.mojang.blaze3d.platform.InputConstants$Key)
[02Sep2026 19:42:56.970] [main/INFO] [MixinExtras|Service/]: Initializing MixinExtras via com.llamalad7.mixinextras.service.MixinExtrasServiceImpl(version=0.5.3).
[02Sep2026 19:42:57.563] [main/INFO] [Smooth Boot (Reloaded)/]: Smooth Boot (Reloaded) config initialized
[02Sep2026 19:42:57.724] [main/WARN] [mixin/]: Static binding violation: PRIVATE @Overwrite method m_216202_ in modernfix-modernfix.mixins.json:perf.tag_id_caching.TagOrElementLocationMixin cannot reduce visibiliy of PUBLIC target method, visibility will be upgraded.
[02Sep2026 19:42:58.025] [main/INFO] [net.minecraft.server.Bootstrap/]: ModernFix reached bootstrap stage (18.67 s after launch)
[02Sep2026 19:42:58.328] [main/WARN] [mixin/]: @Final field delegatesByName:Ljava/util/Map; in modernfix-modernfix.mixins.json:perf.forge_registry_alloc.ForgeRegistryMixin should be final
[02Sep2026 19:42:58.328] [main/WARN] [mixin/]: @Final field delegatesByValue:Ljava/util/Map; in modernfix-modernfix.mixins.json:perf.forge_registry_alloc.ForgeRegistryMixin should be final
[02Sep2026 19:42:58.858] [main/INFO] [ModernFix/]: Injecting BlockStateBase cache population hook into getOpacityIfCached from ca.spottedleaf.starlight.mixin.common.blockstate.BlockStateBaseMixin
[02Sep2026 19:42:58.858] [main/INFO] [ModernFix/]: Injecting BlockStateBase cache population hook into isConditionallyFullOpaque from ca.spottedleaf.starlight.mixin.common.blockstate.BlockStateBaseMixin
[02Sep2026 19:43:00.442] [main/INFO] [net.minecraftforge.coremod.CoreMod.apotheosis/COREMODLOG]: Replaced 2 calls to Enchantment#getMaxLevel() in net/minecraft/world/item/CreativeModeTabs
[02Sep2026 19:43:00.718] [main/INFO] [net.minecraft.server.Bootstrap/]: Vanilla bootstrap took 2682 milliseconds
[02Sep2026 19:43:02.443] [main/INFO] [net.minecraftforge.coremod.CoreMod.placebo/COREMODLOG]: Patching IForgeItemStack#getEnchantmentLevel
[02Sep2026 19:43:02.444] [main/INFO] [net.minecraftforge.coremod.CoreMod.placebo/COREMODLOG]: Patching IForgeItemStack#getEnchantmentLevel
[02Sep2026 19:43:02.537] [main/WARN] [mixin/]: @Final field f_31427_:[I in mixins.epicfight.json:common.MixinWitherBoss should be final
[02Sep2026 19:43:02.538] [main/WARN] [mixin/]: @Final field f_31428_:[I in mixins.epicfight.json:common.MixinWitherBoss should be final
[02Sep2026 19:43:02.587] [main/INFO] [net.minecraftforge.coremod.CoreMod.apotheosis/COREMODLOG]: Replaced 2 calls to Enchantment#getMaxLevel() in net/minecraft/world/inventory/AnvilMenu
[02Sep2026 19:43:04.040] [main/WARN] [net.minecraft.network.syncher.SynchedEntityData/]: defineId called for: class net.minecraft.world.entity.LivingEntity from class yesman.epicfight.world.capabilities.entitypatch.LivingEntityPatch
[02Sep2026 19:43:04.040] [main/WARN] [net.minecraft.network.syncher.SynchedEntityData/]: defineId called for: class net.minecraft.world.entity.LivingEntity from class yesman.epicfight.world.capabilities.entitypatch.LivingEntityPatch
[02Sep2026 19:43:04.041] [main/WARN] [net.minecraft.network.syncher.SynchedEntityData/]: defineId called for: class net.minecraft.world.entity.LivingEntity from class yesman.epicfight.world.capabilities.entitypatch.LivingEntityPatch
[02Sep2026 19:43:04.041] [main/WARN] [net.minecraft.network.syncher.SynchedEntityData/]: defineId called for: class net.minecraft.world.entity.LivingEntity from class yesman.epicfight.world.capabilities.entitypatch.LivingEntityPatch
[02Sep2026 19:43:04.369] [main/INFO] [net.minecraftforge.coremod.CoreMod.apotheosis/COREMODLOG]: Patching FishingHook#catchingFish
[02Sep2026 19:43:04.413] [main/WARN] [mixin/]: Method overwrite conflict for getHiddenEffect in werewolves.mixins.json:MobEffectInstanceAccessor, previously written by de.teamlapen.vampirism.mixin.MixinMobEffectInstance. Skipping method.
[02Sep2026 19:43:04.499] [main/WARN] [mixin/]: @Inject(@At("INVOKE")) Shift.BY=2 on accessories-common.mixins.json:NbtCompoundMixin::handler$baf000$adjustCheckForListVariants exceeds the maximum allowed value: 0. Increase the value of maxShiftBy to suppress this warning.
[02Sep2026 19:43:04.852] [main/INFO] [net.minecraftforge.coremod.CoreMod.apotheosis/COREMODLOG]: Replaced 1 calls to Enchantment#getMaxLevel() in net/minecraft/world/level/storage/loot/functions/EnchantRandomlyFunction
[02Sep2026 19:43:04.853] [main/INFO] [net.minecraftforge.coremod.CoreMod.apotheosis/COREMODLOG]: Replaced 1 calls to Enchantment#isDiscoverable() in net/minecraft/world/level/storage/loot/functions/EnchantRandomlyFunction
[02Sep2026 19:43:05.148] [main/WARN] [mixin/]: Mixin alexscaves.mixins.json:SwampHutPieceMixin has multiple constructors, (Lnet/minecraft/world/level/levelgen/structure/pieces/StructurePieceType;IIIIIILnet/minecraft/core/Direction;)V was selected

[02Sep2026 19:43:06.803] [modloading-worker-0/INFO] [com.iafenvoy.jupiter.Jupiter/]: Config spec system detected, register to Jupiter Config System.
[02Sep2026 19:43:06.809] [modloading-worker-0/INFO] [com.iafenvoy.jupiter.Jupiter/]: Cloth Config API detected, register to Jupiter Config System.
[02Sep2026 19:43:07.511] [modloading-worker-0/INFO] [STDOUT/]: [com.tiviacz.travelersbackpack.TravelersBackpack:readOldCommonConfig:182]: curiosIntegration not found in the [common.backpackSettings] section.
[02Sep2026 19:43:07.629] [modloading-worker-0/INFO] [epicfight/]: Loaded mod compat: GeckolibCompat
[02Sep2026 19:43:07.633] [modloading-worker-0/INFO] [epicfight/]: Loaded mod compat: VampirismCompat
[02Sep2026 19:43:07.639] [modloading-worker-0/INFO] [epicfight/]: Loaded mod compat: WerewolvesCompat
[02Sep2026 19:43:07.640] [modloading-worker-0/INFO] [epicfight/]: Loaded mod compat: IceAndFireCompat
[02Sep2026 19:43:07.641] [modloading-worker-0/INFO] [epicfight/]: Loaded mod compat: CuriosCompat
[02Sep2026 19:43:07.644] [modloading-worker-0/INFO] [epicfight/]: Loaded mod compat: PlayerAnimatorCompat
[02Sep2026 19:43:07.739] [modloading-worker-0/WARN] [mixin/]: @Inject(@At("INVOKE")) Shift.BY=2 on pufferfish_unofficial_additions.mixins.json:LootTableMixin::handler$bim000$pufferfish_unofficial_additions$applyExperienceSource exceeds the maximum allowed value: 0. Increase the value of maxShiftBy to suppress this warning.
[02Sep2026 19:43:08.012] [modloading-worker-0/INFO] [com.leclowndu93150.corpsecurioscompat.Main/]: Hello from Corpse Curios Compat!
[02Sep2026 19:43:08.017] [modloading-worker-0/INFO] [net.minecraftforge.common.ForgeMod/FORGEMOD]: Forge mod loading, version 47.4.20, for MC 1.20.1 with MCP 20230612.114412
[02Sep2026 19:43:08.017] [modloading-worker-0/INFO] [net.minecraftforge.common.MinecraftForge/FORGE]: MinecraftForge v47.4.20 Initialized
[02Sep2026 19:43:08.157] [modloading-worker-0/INFO] [sleys.sl.datadriven.SLDataDrivenExtension/]: [Dependency Loader] Dependent scan completed... There are no dependents in your instance...
[02Sep2026 19:43:08.185] [modloading-worker-0/WARN] [sleys.sl.library.SLLCore/]: [SL Library] Mod not present: shouldersurfing
[02Sep2026 19:43:08.221] [modloading-worker-0/INFO] [sleys.sl.library.SLLCore/]: [Damage Indicator & Status] Running compatibility with epicfight [20.14.17]
[02Sep2026 19:43:08.280] [modloading-worker-0/INFO] [STDOUT/]: [yalter.mousetweaks.Logger:Log:6]: [Mouse Tweaks] Disabled because not running on the client.
[02Sep2026 19:43:08.615] [modloading-worker-0/INFO] [sleys.sl.library.SLLCore/]: [SLM: Codex] Running compatibility with epicfight [20.14.17]
[02Sep2026 19:43:08.616] [modloading-worker-0/INFO] [sleys.sl.library.SLLCore/]: [SLM: Codex] Running compatibility with curios [1.20.1]
[02Sep2026 19:43:08.738] [modloading-worker-0/INFO] [de.teamlapen.vampirism.config.BalanceConfig/]: IceAndFire is loaded -> Adjusting default fire related configuration.
[02Sep2026 19:43:08.848] [modloading-worker-0/INFO] [xaero.common.HudMod/]: Registering common data for channel xaerominimap:main!
[02Sep2026 19:43:08.958] [modloading-worker-0/INFO] [xaero.common.HudMod/]: Loading primary common config for channel xaerominimap:main!
[02Sep2026 19:43:08.972] [modloading-worker-0/INFO] [xaero.common.HudMod/]: Loading server config profiles for channel xaerominimap:main!
[02Sep2026 19:43:09.304] [modloading-worker-0/INFO] [thedarkcolour.kotlinforforge.test.KotlinForForge/]: Kotlin For Forge Enabled!
[02Sep2026 19:43:09.629] [modloading-worker-0/INFO] [xaero.map.WorldMap/]: Registering common data for channel xaeroworldmap:main!
[02Sep2026 19:43:09.637] [modloading-worker-0/INFO] [xaero.map.WorldMap/]: Loading primary common config for channel xaeroworldmap:main!
[02Sep2026 19:43:09.641] [modloading-worker-0/INFO] [xaero.map.WorldMap/]: Loading server config profiles for channel xaeroworldmap:main!
[02Sep2026 19:43:10.282] [modloading-worker-0/INFO] [saintsdragons/]: Raised MAX_HEALTH attribute cap to 100000.0
[02Sep2026 19:43:10.283] [modloading-worker-0/INFO] [saintsdragons/]: Raised ARMOR attribute cap to 100000.0
[02Sep2026 19:43:10.627] [modloading-worker-0/INFO] [dev.architectury.networking.forge.NetworkManagerImpl/]: Registering C2S receiver with id architectury:sync_ids
[02Sep2026 19:43:10.627] [modloading-worker-0/INFO] [dev.architectury.networking.forge.NetworkManagerImpl/]: Registering C2S receiver with id ftbultimine:key_pressed
[02Sep2026 19:43:10.628] [modloading-worker-0/INFO] [dev.architectury.networking.forge.NetworkManagerImpl/]: Registering C2S receiver with id ftbultimine:mode_changed
[02Sep2026 19:43:10.629] [modloading-worker-0/INFO] [dev.architectury.networking.forge.NetworkManagerImpl/]: Registering C2S receiver with id ftbultimine:sync_config_to_server
[02Sep2026 19:43:10.697] [modloading-worker-0/INFO] [dev.architectury.networking.forge.NetworkManagerImpl/]: Registering C2S receiver with id ftblibrary:edit_nbt_response
[02Sep2026 19:43:10.829] [modloading-worker-0/INFO] [com.cupboard.Cupboard/]: Loaded config for: cupboard.json
[02Sep2026 19:43:11.028] [modloading-worker-0/WARN] [Dragon Survival/]: Potential issue found for configuration: [oresTag]
[02Sep2026 19:43:11.303] [modloading-worker-0/INFO] [KubeJS/]: Loaded common.properties
[02Sep2026 19:43:11.303] [modloading-worker-0/INFO] [KubeJS/]: Loaded dev.properties
[02Sep2026 19:43:11.316] [modloading-worker-0/INFO] [KubeJS/]: Looking for KubeJS plugins...
[02Sep2026 19:43:11.323] [modloading-worker-0/INFO] [KubeJS/]: Found plugin source kubejs
[02Sep2026 19:43:11.335] [modloading-worker-0/WARN] [KubeJS/]: Plugin dev.latvian.mods.kubejs.forge.BuiltinKubeJSForgeClientPlugin does not load on server side, skipping
[02Sep2026 19:43:11.336] [modloading-worker-0/WARN] [KubeJS/]: Plugin dev.latvian.mods.kubejs.integration.forge.gamestages.GameStagesIntegration does not have required mod gamestages loaded, skipping
[02Sep2026 19:43:11.339] [modloading-worker-0/INFO] [KubeJS/]: Found plugin source epicfight
[02Sep2026 19:43:11.407] [modloading-worker-0/INFO] [fzzy_config/]: Loaded config simplytooltips:config in 638ms
[02Sep2026 19:43:11.440] [modloading-worker-0/INFO] [KubeJS/]: Done in 118.4 ms
[02Sep2026 19:43:11.444] [modloading-worker-0/INFO] [simplytooltips/]: SimplyTooltips config loaded: simplytooltips:config
[02Sep2026 19:43:11.485] [modloading-worker-0/INFO] [dev.otectus.mcaquests.McaQuests/]: MCA: Quests initialising (mod id 'mcaquests')
[02Sep2026 19:43:11.615] [modloading-worker-0/ERROR] [net.minecraftforge.fml.loading.RuntimeDistCleaner/DISTXFORM]: Attempted to load class net/minecraft/client/Minecraft for invalid dist DEDICATED_SERVER
[02Sep2026 19:43:11.618] [modloading-worker-0/ERROR] [net.minecraftforge.fml.loading.RuntimeDistCleaner/DISTXFORM]: Attempted to load class net/minecraft/client/Minecraft for invalid dist DEDICATED_SERVER
[02Sep2026 19:43:11.621] [modloading-worker-0/ERROR] [net.minecraftforge.fml.loading.RuntimeDistCleaner/DISTXFORM]: Attempted to load class net/minecraft/client/Minecraft for invalid dist DEDICATED_SERVER
[02Sep2026 19:43:11.624] [modloading-worker-0/INFO] [fzzy_config/]: Loaded config simplybows:config in 843ms
[02Sep2026 19:43:11.625] [modloading-worker-0/INFO] [simplybows/]: Simply Bows config loaded: simplybows:config
[02Sep2026 19:43:11.629] [modloading-worker-0/ERROR] [net.minecraftforge.fml.loading.RuntimeDistCleaner/DISTXFORM]: Attempted to load class net/minecraft/client/Minecraft for invalid dist DEDICATED_SERVER
[02Sep2026 19:43:11.632] [modloading-worker-0/ERROR] [net.minecraftforge.fml.loading.RuntimeDistCleaner/DISTXFORM]: Attempted to load class net/minecraft/client/Minecraft for invalid dist DEDICATED_SERVER
[02Sep2026 19:43:11.662] [modloading-worker-0/INFO] [xaero.lib.XaeroLib/]: Registering common data for channel xaerolib:main!
[02Sep2026 19:43:11.663] [modloading-worker-0/ERROR] [net.minecraftforge.fml.loading.RuntimeDistCleaner/DISTXFORM]: Attempted to load class net/minecraft/client/Minecraft for invalid dist DEDICATED_SERVER
[02Sep2026 19:43:11.667] [modloading-worker-0/INFO] [xaero.lib.XaeroLib/]: Loading primary common config for channel xaerolib:main!
[02Sep2026 19:43:11.673] [modloading-worker-0/INFO] [xaero.lib.XaeroLib/]: Loading server config profiles for channel xaerolib:main!
[02Sep2026 19:43:11.674] [modloading-worker-0/INFO] [Rhino Script Remapper/]: Loading Rhino Minecraft remapper...
[02Sep2026 19:43:11.675] [modloading-worker-0/INFO] [dev.latvian.mods.rhino.mod.util.RhinoProperties/]: Rhino properties loaded.
[02Sep2026 19:43:11.685] [modloading-worker-0/INFO] [Rhino Script Remapper/]: Loading mappings for 1.20.1
[02Sep2026 19:43:11.696] [modloading-worker-0/INFO] [dev.architectury.networking.forge.NetworkManagerImpl/]: Registering C2S receiver with id artifacts:networking_channel/42a7ad70b1cc371599a0eff744096b8a
[02Sep2026 19:43:11.697] [modloading-worker-0/INFO] [dev.architectury.networking.forge.NetworkManagerImpl/]: Registering C2S receiver with id artifacts:networking_channel/74a5e841822a3a87854ae896a33430d6
[02Sep2026 19:43:11.698] [modloading-worker-0/INFO] [dev.architectury.networking.forge.NetworkManagerImpl/]: Registering C2S receiver with id artifacts:networking_channel/eb3d1e2748533430848cadf0f37c7e9c
[02Sep2026 19:43:11.699] [modloading-worker-0/INFO] [dev.architectury.networking.forge.NetworkManagerImpl/]: Registering C2S receiver with id artifacts:networking_channel/91c8520f19f93b3e8b6a727568e194ab
[02Sep2026 19:43:11.700] [modloading-worker-0/INFO] [dev.architectury.networking.forge.NetworkManagerImpl/]: Registering C2S receiver with id artifacts:networking_channel/8c2784d778293fd482ed84b8aa5fedb9
[02Sep2026 19:43:11.700] [modloading-worker-0/INFO] [dev.architectury.networking.forge.NetworkManagerImpl/]: Registering C2S receiver with id artifacts:networking_channel/ea038224ea783d40b2863f52239e2604
[02Sep2026 19:43:11.704] [modloading-worker-0/INFO] [dev.architectury.networking.forge.NetworkManagerImpl/]: Registering C2S receiver with id artifacts:networking_channel/97ad64b7ecaf33209991c4f031501a58
[02Sep2026 19:43:11.714] [modloading-worker-0/INFO] [townstead/]: Townstead loaded
[02Sep2026 19:43:11.802] [modloading-worker-0/INFO] [net.blay09.mods.balm.forge.config.ForgeBalmConfig/]: Registering config for waystones:common (COMMON) with 46 properties.
[02Sep2026 19:43:11.826] [modloading-worker-0/INFO] [Rhino Script Remapper/]: Done in 0.152 s
[02Sep2026 19:43:11.914] [modloading-worker-0/INFO] [dev.architectury.networking.forge.NetworkManagerImpl/]: Registering C2S receiver with id magistuarmory:packet_long_reach_attack
[02Sep2026 19:43:11.915] [modloading-worker-0/INFO] [dev.architectury.networking.forge.NetworkManagerImpl/]: Registering C2S receiver with id magistuarmory:packet_lance_collision
[02Sep2026 19:43:11.944] [modloading-worker-0/INFO] [STDOUT/]: [com.magistuarmory.iceandfire.EpicKnightsIceAndFire:init:28]: Hello from Epic Knights Ice and Fire init!
[02Sep2026 19:43:11.989] [modloading-worker-0/INFO] [STDOUT/]: [com.magistuarmory.item.armor.ArmorType:<init>:64]: magistuarmory:minicrown
[02Sep2026 19:43:11.993] [modloading-worker-0/INFO] [STDOUT/]: [com.magistuarmory.item.armor.ArmorType:<init>:64]: magistuarmory:crown
[02Sep2026 19:43:11.997] [modloading-worker-0/INFO] [STDOUT/]: [com.magistuarmory.item.armor.ArmorType:<init>:64]: magistuarmory:flowercrown
[02Sep2026 19:43:11.997] [modloading-worker-0/INFO] [STDOUT/]: [com.magistuarmory.item.armor.ArmorType:<init>:64]: minecraft:default
[02Sep2026 19:43:11.997] [modloading-worker-0/INFO] [STDOUT/]: [com.magistuarmory.item.armor.ArmorType:<init>:64]: magistuarmory:armet
[02Sep2026 19:43:11.997] [modloading-worker-0/INFO] [STDOUT/]: [com.magistuarmory.item.armor.ArmorType:<init>:64]: magistuarmory:stechhelm
[02Sep2026 19:43:11.997] [modloading-worker-0/INFO] [STDOUT/]: [com.magistuarmory.item.armor.ArmorType:<init>:64]: minecraft:default
[02Sep2026 19:43:11.998] [modloading-worker-0/INFO] [STDOUT/]: [com.magistuarmory.item.armor.ArmorType:<init>:64]: magistuarmory:sallet
[02Sep2026 19:43:11.998] [modloading-worker-0/INFO] [STDOUT/]: [com.magistuarmory.item.armor.ArmorType:<init>:64]: minecraft:default
[02Sep2026 19:43:11.998] [modloading-worker-0/INFO] [STDOUT/]: [com.magistuarmory.item.armor.ArmorType:<init>:64]: magistuarmory:maximilian_helmet
[02Sep2026 19:43:11.998] [modloading-worker-0/INFO] [STDOUT/]: [com.magistuarmory.item.armor.ArmorType:<init>:64]: minecraft:default
[02Sep2026 19:43:11.998] [modloading-worker-0/INFO] [STDOUT/]: [com.magistuarmory.item.armor.ArmorType:<init>:64]: minecraft:default
[02Sep2026 19:43:11.998] [modloading-worker-0/INFO] [STDOUT/]: [com.magistuarmory.item.armor.ArmorType:<init>:64]: magistuarmory:kettlehat
[02Sep2026 19:43:11.998] [modloading-worker-0/INFO] [STDOUT/]: [com.magistuarmory.item.armor.ArmorType:<init>:64]: minecraft:default
[02Sep2026 19:43:11.999] [modloading-worker-0/INFO] [STDOUT/]: [com.magistuarmory.item.armor.ArmorType:<init>:64]: magistuarmory:barbute
[02Sep2026 19:43:11.999] [modloading-worker-0/INFO] [STDOUT/]: [com.magistuarmory.item.armor.ArmorType:<init>:64]: minecraft:default
[02Sep2026 19:43:11.999] [modloading-worker-0/INFO] [STDOUT/]: [com.magistuarmory.item.armor.ArmorType:<init>:64]: magistuarmory:crusader
[02Sep2026 19:43:11.999] [modloading-worker-0/INFO] [STDOUT/]: [com.magistuarmory.item.armor.ArmorType:<init>:64]: minecraft:default
[02Sep2026 19:43:11.999] [modloading-worker-0/INFO] [STDOUT/]: [com.magistuarmory.item.armor.ArmorType:<init>:64]: minecraft:default
[02Sep2026 19:43:11.999] [modloading-worker-0/INFO] [STDOUT/]: [com.magistuarmory.item.armor.ArmorType:<init>:64]: minecraft:default
[02Sep2026 19:43:12.004] [modloading-worker-0/INFO] [STDOUT/]: [com.magistuarmory.item.armor.ArmorType:<init>:64]: magistuarmory:armet
[02Sep2026 19:43:12.004] [modloading-worker-0/INFO] [STDOUT/]: [com.magistuarmory.item.armor.ArmorType:<init>:64]: minecraft:default
[02Sep2026 19:43:12.004] [modloading-worker-0/INFO] [STDOUT/]: [com.magistuarmory.item.armor.ArmorType:<init>:64]: magistuarmory:conic_helmet
[02Sep2026 19:43:12.004] [modloading-worker-0/INFO] [STDOUT/]: [com.magistuarmory.item.armor.ArmorType:<init>:64]: magistuarmory:conic_helmet
[02Sep2026 19:43:12.004] [modloading-worker-0/INFO] [STDOUT/]: [com.magistuarmory.item.armor.ArmorType:<init>:64]: magistuarmory:barbute
[02Sep2026 19:43:12.004] [modloading-worker-0/INFO] [STDOUT/]: [com.magistuarmory.item.armor.ArmorType:<init>:64]: minecraft:default
[02Sep2026 19:43:12.004] [modloading-worker-0/INFO] [STDOUT/]: [com.magistuarmory.item.armor.ArmorType:<init>:64]: minecraft:default
[02Sep2026 19:43:12.005] [modloading-worker-0/INFO] [STDOUT/]: [com.magistuarmory.item.armor.ArmorType:<init>:64]: magistuarmory:kettlehat
[02Sep2026 19:43:12.005] [modloading-worker-0/INFO] [STDOUT/]: [com.magistuarmory.item.armor.ArmorType:<init>:64]: magistuarmory:conic_helmet
[02Sep2026 19:43:12.005] [modloading-worker-0/INFO] [STDOUT/]: [com.magistuarmory.item.armor.ArmorType:<init>:64]: magistuarmory:crusader
[02Sep2026 19:43:12.005] [modloading-worker-0/INFO] [STDOUT/]: [com.magistuarmory.item.armor.ArmorType:<init>:64]: minecraft:default
[02Sep2026 19:43:12.005] [modloading-worker-0/INFO] [STDOUT/]: [com.magistuarmory.item.armor.ArmorType:<init>:64]: magistuarmory:bascinet
[02Sep2026 19:43:12.005] [modloading-worker-0/INFO] [STDOUT/]: [com.magistuarmory.item.armor.ArmorType:<init>:64]: minecraft:default
[02Sep2026 19:43:12.005] [modloading-worker-0/INFO] [STDOUT/]: [com.magistuarmory.item.armor.ArmorType:<init>:64]: magistuarmory:wingedhussarchestplate
[02Sep2026 19:43:12.005] [modloading-worker-0/INFO] [STDOUT/]: [com.magistuarmory.item.armor.ArmorType:<init>:64]: minecraft:default
[02Sep2026 19:43:12.005] [modloading-worker-0/INFO] [STDOUT/]: [com.magistuarmory.item.armor.ArmorType:<init>:64]: minecraft:default
[02Sep2026 19:43:12.006] [modloading-worker-0/INFO] [STDOUT/]: [com.magistuarmory.item.armor.ArmorType:<init>:64]: magistuarmory:grand_bascinet
[02Sep2026 19:43:12.006] [modloading-worker-0/INFO] [STDOUT/]: [com.magistuarmory.item.armor.ArmorType:<init>:64]: minecraft:default
[02Sep2026 19:43:12.340] [modloading-worker-0/INFO] [fzzy_config/]: Loaded config simplyswords:general in 232ms
[02Sep2026 19:43:12.359] [modloading-worker-0/INFO] [fzzy_config/]: Loaded config simplyswords:gui in 14ms
[02Sep2026 19:43:12.445] [modloading-worker-0/ERROR] [net.minecraftforge.fml.loading.RuntimeDistCleaner/DISTXFORM]: Attempted to load class net/minecraft/client/player/LocalPlayer for invalid dist DEDICATED_SERVER
[02Sep2026 19:43:12.448] [modloading-worker-0/INFO] [STDERR/]: [dev.latvian.mods.rhino.JavaMembers:getDeclaredMethodsSafe:836]: [Rhino] Failed to get declared methods for yesman.epicfight.world.capabilities.EpicFightCapabilities: java.lang.RuntimeException: Attempted to load class net/minecraft/client/player/LocalPlayer for invalid dist DEDICATED_SERVER
[02Sep2026 19:43:12.621] [modloading-worker-0/INFO] [KubeJS Startup/]: Loaded script startup_scripts:draconic_amulet_item.js in 0.108 s
[02Sep2026 19:43:12.621] [modloading-worker-0/INFO] [KubeJS Startup/]: example.js#5: Hello, World! (Loaded startup scripts)
[02Sep2026 19:43:12.624] [modloading-worker-0/INFO] [KubeJS Startup/]: Loaded script startup_scripts:example.js in 0.003 s
[02Sep2026 19:43:12.633] [modloading-worker-0/INFO] [KubeJS Startup/]: Loaded 2/2 KubeJS startup scripts in 0.797 s with 0 errors and 0 warnings
[02Sep2026 19:43:12.746] [modloading-worker-0/INFO] [dev.architectury.networking.forge.NetworkManagerImpl/]: Registering C2S receiver with id kubejs:send_data_from_client
[02Sep2026 19:43:12.765] [modloading-worker-0/INFO] [dev.architectury.networking.forge.NetworkManagerImpl/]: Registering C2S receiver with id kubejs:first_click
[02Sep2026 19:43:12.774] [modloading-worker-0/INFO] [com.guilh.mca_vampirism_compat.McaVampirismCompat/]: [MCA Reborn x Vampirism Compat] MOD LOADED - version 1.1.1
[02Sep2026 19:43:12.774] [modloading-worker-0/INFO] [com.guilh.mca_vampirism_compat.McaVampirismCompat/]: [MCA Reborn x Vampirism Compat] BUILD_MARKER = 1.1.1-forge-1.20.1-mca-7.6.16
[02Sep2026 19:43:12.816] [modloading-worker-0/INFO] [simplymore/]: Registering Config Files for simplymore
[02Sep2026 19:43:12.851] [modloading-worker-0/INFO] [simplymore/]: Registering Status Effects for simplymore
[02Sep2026 19:43:12.852] [modloading-worker-0/INFO] [simplymore/]: Registering Entities for simplymore
[02Sep2026 19:43:12.897] [modloading-worker-0/INFO] [fzzy_config/]: Loaded config simplyswords:gem_powers in 429ms
[02Sep2026 19:43:12.906] [modloading-worker-0/INFO] [fzzy_config/]: Loaded config simplyswords:status_effects in 5ms
[02Sep2026 19:43:13.004] [modloading-worker-0/INFO] [fzzy_config/]: Loaded config simplyswords:weapon_attributes in 88ms
[02Sep2026 19:43:13.169] [modloading-worker-0/INFO] [simplymore/]: Registering Items for simplymore
[02Sep2026 19:43:13.172] [modloading-worker-0/INFO] [simplymore/]: Registering Tags for simplymore
[02Sep2026 19:43:13.178] [modloading-worker-0/INFO] [simplymore/]: simplymore Initialized Successfully!
[02Sep2026 19:43:13.348] [modloading-worker-0/INFO] [YetAnotherConfigLib/]: Deserializing YACLConfig from '/workspaces/Prueba/servidor_minecraft/config/yacl.json5'
[02Sep2026 19:43:13.408] [modloading-worker-0/INFO] [be.florens.expandability.ExpandAbility/]: ExpandAbility here, who dis?
[02Sep2026 19:43:13.497] [modloading-worker-0/INFO] [sleys.efedp.ExtendedDatapacks/]: [Extended Datapacks - Bootstrap] Initializing...
[02Sep2026 19:43:13.499] [modloading-worker-0/INFO] [sleys.efedp.ExtendedDatapacks/]: [Animation Event - Registry] Attempting to register the event class: sleys.efedp.system.animations.json.properties.functional.time.AnimationsEventsList for: epicfight_edp
[02Sep2026 19:43:13.572] [modloading-worker-0/INFO] [sleys.efedp.ExtendedDatapacks/]: [Animation Event - Registry] Registration completed successfully!
[02Sep2026 19:43:13.577] [modloading-worker-0/INFO] [sleys.efedp.ExtendedDatapacks/]: [Play Speed Modifier - Registry] Attempting to register the playback speed class: sleys.efedp.system.animations.json.properties.functional.playback.PlaySpeedModifierLambdaList for: epicfight_edp
[02Sep2026 19:43:13.585] [modloading-worker-0/INFO] [sleys.efedp.ExtendedDatapacks/]: [Play Speed Modifier - Registry] Registration completed successfully!
[02Sep2026 19:43:13.585] [modloading-worker-0/INFO] [sleys.efedp.ExtendedDatapacks/]: [Extended Datapacks - Bootstrap] Initializing Builds & start To Tracking...
[02Sep2026 19:43:13.595] [modloading-worker-0/INFO] [sleys.efedp.ExtendedDatapacks/]: [Add Skill to Build] There are no parameter files files for SkillBuilder on the side of  In-Jar Folder
[02Sep2026 19:43:13.599] [modloading-worker-0/INFO] [sleys.efedp.ExtendedDatapacks/]: [Add Guard to Build] There are no parameter files for SkillGuardBuilder on the side of  In-Jar Folder
[02Sep2026 19:43:13.601] [modloading-worker-0/INFO] [sleys.efedp.ExtendedDatapacks/]: [Add Icon to Build] There are no parameter files files for Icon Category on the side of  In-Jar Folder
[02Sep2026 19:43:13.608] [modloading-worker-0/INFO] [sleys.efedp.ExtendedDatapacks/]: [Add Category to Build] There are no parameter files for Weapon Category on In-Jar Folder
[02Sep2026 19:43:13.609] [modloading-worker-0/INFO] [sleys.efedp.ExtendedDatapacks/]: [Simple Innate Skills] There are no parameter files for Simple Innate Skills on the side of In-Jar Folder
[02Sep2026 19:43:13.614] [modloading-worker-0/INFO] [sleys.efedp.ExtendedDatapacks/]: [Conditional Innate Skills] There are no parameter files for Conditional Innate Skills on the side of In-Jar Folder
[02Sep2026 19:43:13.615] [modloading-worker-0/INFO] [sleys.efedp.ExtendedDatapacks/]: [Holdable Innate Skills] There are no parameter files for Holdable Innate Skills on the side of In-Jar Folder
[02Sep2026 19:43:13.619] [modloading-worker-0/INFO] [sleys.efedp.ExtendedDatapacks/]: [Stacks Conditional Innate Skills] There are no parameter files for Conditional Stack Innate Skills on the side of In-Jar Folder
[02Sep2026 19:43:13.622] [modloading-worker-0/INFO] [sleys.efedp.ExtendedDatapacks/]: [Animations Registry] There are no parameter files for Animations Registry on the side of In-Jar Folder
[02Sep2026 19:43:13.625] [modloading-worker-0/INFO] [sleys.efedp.ExtendedDatapacks/]: [Animations Config] There are no parameter files for Animations Config on the side of In-Jar Folder
[02Sep2026 19:43:13.628] [modloading-worker-0/INFO] [sleys.efedp.ExtendedDatapacks/]: [Animations Virtualization] There are no parameter files for Animations Virtualization on the side of In-Jar Folder
[02Sep2026 19:43:13.631] [modloading-worker-0/INFO] [sleys.efedp.ExtendedDatapacks/]: [Extended Datapacks - Bootstrap] Initializing Common Systems...
[02Sep2026 19:43:13.953] [modloading-worker-0/INFO] [fzzy_config/]: Loaded config simplyswords:unique_effects in 539ms
[02Sep2026 19:43:14.006] [modloading-worker-0/INFO] [fzzy_config/]: Loaded config simplyswords:compatibility in 30ms
[02Sep2026 19:43:14.079] [modloading-worker-0/INFO] [dev.architectury.networking.forge.NetworkManagerImpl/]: Registering C2S receiver with id simplyswords:use_weapon_ability
[02Sep2026 19:43:14.080] [modloading-worker-0/INFO] [dev.architectury.networking.forge.NetworkManagerImpl/]: Registering C2S receiver with id simplyswords:weapon_ability_keybind_state
[02Sep2026 19:43:14.080] [modloading-worker-0/INFO] [dev.architectury.networking.forge.NetworkManagerImpl/]: Registering C2S receiver with id simplyswords:player_movement_intent
[02Sep2026 19:43:14.141] [modloading-worker-0/INFO] [STDOUT/]: [net.sweenus.simplyswords.SimplySwords:init:182]: /workspaces/Prueba/servidor_minecraft/config
[02Sep2026 19:43:14.168] [main/INFO] [sleys.efedp.ExtendedDatapacks/]: [Weapon Category Registry] Starting initialization of JSON weapon categories
[02Sep2026 19:43:14.168] [main/INFO] [sleys.efedp.ExtendedDatapacks/]: [Weapon Category Registry] No JSON categories found to register
[02Sep2026 19:43:15.302] [main/INFO] [de.teamlapen.vampirism.config.BalanceBuilder/]: Building balance configuration with 24 modifications
[02Sep2026 19:43:20.364] [main/WARN] [dev.architectury.registry.registries.forge.RegistrarManagerImpl/]: Registry entry listened Registry Entry [minecraft:entity_type / mca:female_villager] was not realized!
[02Sep2026 19:43:20.364] [main/WARN] [dev.architectury.registry.registries.forge.RegistrarManagerImpl/]: Registry entry listened Registry Entry [minecraft:entity_type / mca:male_zombie_villager] was not realized!
[02Sep2026 19:43:20.364] [main/WARN] [dev.architectury.registry.registries.forge.RegistrarManagerImpl/]: Registry entry listened Registry Entry [minecraft:entity_type / mca:male_villager] was not realized!
[02Sep2026 19:43:20.364] [main/WARN] [dev.architectury.registry.registries.forge.RegistrarManagerImpl/]: Registry entry listened Registry Entry [minecraft:entity_type / mca:grim_reaper] was not realized!
[02Sep2026 19:43:20.364] [main/WARN] [dev.architectury.registry.registries.forge.RegistrarManagerImpl/]: Registry entry listened Registry Entry [minecraft:entity_type / artifacts:mimic] was not realized!
[02Sep2026 19:43:20.364] [main/WARN] [dev.architectury.registry.registries.forge.RegistrarManagerImpl/]: Registry entry listened Registry Entry [minecraft:entity_type / mca:female_zombie_villager] was not realized!
[02Sep2026 19:43:20.383] [main/WARN] [dev.architectury.registry.registries.forge.RegistrarManagerImpl/]: Registry entry listened Registry Entry [minecraft:entity_type / mca:female_villager] was not realized!
[02Sep2026 19:43:20.383] [main/WARN] [dev.architectury.registry.registries.forge.RegistrarManagerImpl/]: Registry entry listened Registry Entry [minecraft:entity_type / mca:male_zombie_villager] was not realized!
[02Sep2026 19:43:20.383] [main/WARN] [dev.architectury.registry.registries.forge.RegistrarManagerImpl/]: Registry entry listened Registry Entry [minecraft:entity_type / mca:male_villager] was not realized!
[02Sep2026 19:43:20.383] [main/WARN] [dev.architectury.registry.registries.forge.RegistrarManagerImpl/]: Registry entry listened Registry Entry [minecraft:entity_type / mca:grim_reaper] was not realized!
[02Sep2026 19:43:20.384] [main/WARN] [dev.architectury.registry.registries.forge.RegistrarManagerImpl/]: Registry entry listened Registry Entry [minecraft:entity_type / artifacts:mimic] was not realized!
[02Sep2026 19:43:20.384] [main/WARN] [dev.architectury.registry.registries.forge.RegistrarManagerImpl/]: Registry entry listened Registry Entry [minecraft:entity_type / mca:female_zombie_villager] was not realized!
[02Sep2026 19:43:20.405] [main/WARN] [dev.architectury.registry.registries.forge.RegistrarManagerImpl/]: Registry entry listened Registry Entry [minecraft:entity_type / mca:female_villager] was not realized!
[02Sep2026 19:43:20.405] [main/WARN] [dev.architectury.registry.registries.forge.RegistrarManagerImpl/]: Registry entry listened Registry Entry [minecraft:entity_type / mca:male_zombie_villager] was not realized!
[02Sep2026 19:43:20.405] [main/WARN] [dev.architectury.registry.registries.forge.RegistrarManagerImpl/]: Registry entry listened Registry Entry [minecraft:entity_type / mca:male_villager] was not realized!
[02Sep2026 19:43:20.405] [main/WARN] [dev.architectury.registry.registries.forge.RegistrarManagerImpl/]: Registry entry listened Registry Entry [minecraft:entity_type / mca:grim_reaper] was not realized!
[02Sep2026 19:43:20.405] [main/WARN] [dev.architectury.registry.registries.forge.RegistrarManagerImpl/]: Registry entry listened Registry Entry [minecraft:entity_type / artifacts:mimic] was not realized!
[02Sep2026 19:43:20.405] [main/WARN] [dev.architectury.registry.registries.forge.RegistrarManagerImpl/]: Registry entry listened Registry Entry [minecraft:entity_type / mca:female_zombie_villager] was not realized!
[02Sep2026 19:43:20.407] [main/WARN] [dev.architectury.registry.registries.forge.RegistrarManagerImpl/]: Registry entry listened Registry Entry [minecraft:entity_type / artifacts:mimic] was not realized!
[02Sep2026 19:43:20.929] [main/INFO] [ModernFix/]: Bypassed Mojang DFU
[02Sep2026 19:43:20.930] [main/INFO] [ModernFix/]: Instantiating Mojang DFU
[02Sep2026 19:43:21.897] [main/INFO] [sleys.efedp.ExtendedDatapacks/]: [Simple Innate Skill Registry] Registering JSON skills
[02Sep2026 19:43:21.897] [main/INFO] [sleys.efedp.ExtendedDatapacks/]: [Simple Innate Skill Registry] No JSON skills found
[02Sep2026 19:43:21.898] [main/INFO] [sleys.efedp.ExtendedDatapacks/]: [Charged Innate Skill Registry] Registering JSON skills
[02Sep2026 19:43:21.898] [main/INFO] [sleys.efedp.ExtendedDatapacks/]: [Charged Innate Skill Registry] No JSON skills found
[02Sep2026 19:43:21.898] [main/INFO] [sleys.efedp.ExtendedDatapacks/]: [Conditional Innate Skill Registry] Registering JSON skills
[02Sep2026 19:43:21.898] [main/INFO] [sleys.efedp.ExtendedDatapacks/]: [Conditional Innate Skill Registry] No JSON skills found
[02Sep2026 19:43:21.898] [main/INFO] [sleys.efedp.ExtendedDatapacks/]: [Conditional Stack Innate Skill Registry] Registering JSON skills
[02Sep2026 19:43:21.898] [main/INFO] [sleys.efedp.ExtendedDatapacks/]: [Conditional Stack Innate Skill Registry] No JSON skills found
[02Sep2026 19:43:22.097] [main/WARN] [net.minecraft.network.syncher.SynchedEntityData/]: defineId called for: class net.minecraft.world.entity.player.Player from class yesman.epicfight.world.capabilities.entitypatch.player.PlayerPatch
[02Sep2026 19:43:22.618] [main/WARN] [net.minecraft.network.syncher.SynchedEntityData/]: defineId called for: class net.mcreator.borninchaosv.entity.BabySpiderEntity from class net.mcreator.borninchaosv.entity.MotherSpiderEntity
[02Sep2026 19:43:22.695] [main/WARN] [net.minecraft.network.syncher.SynchedEntityData/]: defineId called for: class com.github.alexmodguy.alexscaves.server.entity.living.TremorzillaEntity from class com.github.alexmodguy.alexscaves.server.entity.living.LicowitchEntity
[02Sep2026 19:43:22.753] [main/WARN] [net.minecraft.network.syncher.SynchedEntityData/]: defineId called for: class net.minecraft.world.entity.boss.wither.WitherBoss from class yesman.epicfight.world.capabilities.entitypatch.boss.WitherPatch
[02Sep2026 19:43:22.753] [main/WARN] [net.minecraft.network.syncher.SynchedEntityData/]: defineId called for: class net.minecraft.world.entity.boss.wither.WitherBoss from class yesman.epicfight.world.capabilities.entitypatch.boss.WitherPatch
[02Sep2026 19:43:22.753] [main/WARN] [net.minecraft.network.syncher.SynchedEntityData/]: defineId called for: class net.minecraft.world.entity.boss.wither.WitherBoss from class yesman.epicfight.world.capabilities.entitypatch.boss.WitherPatch
[02Sep2026 19:43:22.753] [main/WARN] [net.minecraft.network.syncher.SynchedEntityData/]: defineId called for: class net.minecraft.world.entity.boss.wither.WitherBoss from class yesman.epicfight.world.capabilities.entitypatch.boss.WitherPatch
[02Sep2026 19:43:22.754] [main/WARN] [net.minecraft.network.syncher.SynchedEntityData/]: defineId called for: class net.minecraft.world.entity.boss.wither.WitherBoss from class yesman.epicfight.world.capabilities.entitypatch.boss.WitherPatch
[02Sep2026 19:43:22.754] [main/WARN] [net.minecraft.network.syncher.SynchedEntityData/]: defineId called for: class net.minecraft.world.entity.boss.wither.WitherBoss from class yesman.epicfight.world.capabilities.entitypatch.boss.WitherPatch
[02Sep2026 19:43:22.754] [main/WARN] [net.minecraft.network.syncher.SynchedEntityData/]: defineId called for: class net.minecraft.world.entity.boss.wither.WitherBoss from class yesman.epicfight.world.capabilities.entitypatch.boss.WitherPatch
[02Sep2026 19:43:22.754] [main/WARN] [net.minecraft.network.syncher.SynchedEntityData/]: defineId called for: class net.minecraft.world.entity.boss.wither.WitherBoss from class yesman.epicfight.world.capabilities.entitypatch.boss.WitherPatch
[02Sep2026 19:43:22.754] [main/WARN] [net.minecraft.network.syncher.SynchedEntityData/]: defineId called for: class net.minecraft.world.entity.boss.wither.WitherBoss from class yesman.epicfight.world.capabilities.entitypatch.boss.WitherPatch
[02Sep2026 19:43:23.411] [main/WARN] [net.minecraftforge.common.ForgeConfigSpec/CORE]: Configuration file /workspaces/Prueba/servidor_minecraft/config/angelring-common.toml is not correct. Correcting
[02Sep2026 19:43:23.412] [main/WARN] [net.minecraftforge.common.ForgeConfigSpec/CORE]: Incorrect key general was corrected from null to its default, SimpleCommentedConfig:{}. 
[02Sep2026 19:43:23.412] [main/WARN] [net.minecraftforge.common.ForgeConfigSpec/CORE]: Incorrect key general.XPCost was corrected from null to its default, 3. 
[02Sep2026 19:43:23.412] [main/WARN] [net.minecraftforge.common.ForgeConfigSpec/CORE]: Incorrect key general.TicksPerDrain was corrected from null to its default, 50. 
[02Sep2026 19:43:23.412] [main/WARN] [net.minecraftforge.common.ForgeConfigSpec/CORE]: Incorrect key general.EnergeticFEPerTick was corrected from null to its default, 150. 
[02Sep2026 19:43:23.412] [main/WARN] [net.minecraftforge.common.ForgeConfigSpec/CORE]: Incorrect key general.EnergeticFECapacity was corrected from null to its default, 3000000. 
[02Sep2026 19:43:23.412] [main/WARN] [net.minecraftforge.common.ForgeConfigSpec/CORE]: Incorrect key general.LeadstoneFEPerTick was corrected from null to its default, 250. 
[02Sep2026 19:43:23.412] [main/WARN] [net.minecraftforge.common.ForgeConfigSpec/CORE]: Incorrect key general.LeadstoneFECapacity was corrected from null to its default, 2500000. 
[02Sep2026 19:43:23.412] [main/WARN] [net.minecraftforge.common.ForgeConfigSpec/CORE]: Incorrect key general.HardenedFEPerTick was corrected from null to its default, 200. 
[02Sep2026 19:43:23.412] [main/WARN] [net.minecraftforge.common.ForgeConfigSpec/CORE]: Incorrect key general.HardenedFECapacity was corrected from null to its default, 5000000. 
[02Sep2026 19:43:23.413] [main/WARN] [net.minecraftforge.common.ForgeConfigSpec/CORE]: Incorrect key general.ReinforcedFEPerTick was corrected from null to its default, 100. 
[02Sep2026 19:43:23.413] [main/WARN] [net.minecraftforge.common.ForgeConfigSpec/CORE]: Incorrect key general.ReinforcedFECapacity was corrected from null to its default, 8000000. 
[02Sep2026 19:43:23.413] [main/WARN] [net.minecraftforge.common.ForgeConfigSpec/CORE]: Incorrect key general.ResonantFEPerTick was corrected from null to its default, 50. 
[02Sep2026 19:43:23.413] [main/WARN] [net.minecraftforge.common.ForgeConfigSpec/CORE]: Incorrect key general.ResonantFECapacity was corrected from null to its default, 16000000. 
[02Sep2026 19:43:23.413] [main/WARN] [net.minecraftforge.common.ForgeConfigSpec/CORE]: Incorrect key general.XPWarningLevel was corrected from null to its default, 3. 
[02Sep2026 19:43:23.413] [main/WARN] [net.minecraftforge.common.ForgeConfigSpec/CORE]: Incorrect key general.EnergyWarningPercentage was corrected from null to its default, 5. 
[02Sep2026 19:43:23.769] [Thread-0/INFO] [ModernFix/]: Please use /mfsrc to reload any changed mod config files
[02Sep2026 19:43:23.846] [modloading-worker-0/INFO] [com.Polarice3.Goety.Goety/]: Loading compat module for mod curios
[02Sep2026 19:43:23.850] [modloading-worker-0/INFO] [com.Polarice3.Goety.Goety/]: Loading compat module for mod patchouli
[02Sep2026 19:43:23.863] [modloading-worker-0/INFO] [com.Polarice3.goety_cataclysm.GoetyCataclysm/]: Loading compat module for mod patchouli
[02Sep2026 19:43:23.864] [Forge Version Check/INFO] [net.minecraftforge.fml.VersionChecker/]: [sound_physics_remastered] Starting version check at https://update.maxhenkel.de/forge/sound_physics_remastered
[02Sep2026 19:43:23.873] [modloading-worker-0/WARN] [sleys.sl.library.SLLibrary/]: 2 contract violations were detected. These mods may behave unexpectedly, but the load continues:

Expected Contract Violation
The mod [SL Library] declares that its dependents must use version >= 1.6

Reason:
The old network system was replaced with a centralized, deterministic
one to resolve network asynchronicity issues that were causing
connection bounces for players. This change constitutes an
architectural overhaul, therefore requiring updates to dependent
systems. If you do not use the network system, you can safely ignore
this message.

Affected dependents:
  - SLM: Codex
  - SLM: Epic Fight

[02Sep2026 19:43:23.909] [Thread-6/INFO] [de.teamlapen.lib.lib.util.VersionChecker/]: Starting version check at http://maxanier.de/projects/vampirism/versions_integrations.json
[02Sep2026 19:43:23.911] [modloading-worker-0/INFO] [net.gobies.moreartifacts.MoreArtifacts/]: [More Artifacts] Ice and Fire Compat Loaded
[02Sep2026 19:43:24.001] [modloading-worker-0/INFO] [com.lootintegrations.LootintegrationsMod/]: lootintegrations mod initialized
[02Sep2026 19:43:24.072] [modloading-worker-0/INFO] [net.normlroyal.descendedcore.DescendedCore/]: HELLO FROM COMMON SETUP
[02Sep2026 19:43:24.107] [modloading-worker-0/INFO] [fzzy_config/]: Loaded config simplyswords:loot in 14ms
[02Sep2026 19:43:24.165] [modloading-worker-0/INFO] [xaero.lib.XaeroLib/]: Loading XaeroLib common 1/2!
[02Sep2026 19:43:24.190] [modloading-worker-0/INFO] [Dragon Survival/]: Successfully registered packets!
[02Sep2026 19:43:24.338] [Thread-6/INFO] [de.teamlapen.lib.lib.util.VersionChecker/]: Did not find a version of type RELEASE for 1.20.1 (null)
[02Sep2026 19:43:24.425] [Forge Version Check/INFO] [net.minecraftforge.fml.VersionChecker/]: [sound_physics_remastered] Found status: AHEAD Current: 1.20.1-1.5.1 Target: null
[02Sep2026 19:43:24.426] [Forge Version Check/INFO] [net.minecraftforge.fml.VersionChecker/]: [ctov] Starting version check at https://api.modrinth.com/updates/fgmhI8kH/forge_updates.json
[02Sep2026 19:43:24.533] [Forge Version Check/INFO] [net.minecraftforge.fml.VersionChecker/]: [ctov] Found status: UP_TO_DATE Current: 3.4.14 Target: null
[02Sep2026 19:43:24.533] [Forge Version Check/INFO] [net.minecraftforge.fml.VersionChecker/]: [corpse] Starting version check at https://update.maxhenkel.de/forge/corpse
[02Sep2026 19:43:24.548] [main/INFO] [com.tiviacz.travelersbackpack.TravelersBackpack/]: Registered the FluidEffect with Unique ID of minecraft:water for Water (Fluid Amount Required: 1000) with the ID 0
[02Sep2026 19:43:24.549] [main/INFO] [com.tiviacz.travelersbackpack.TravelersBackpack/]: Registered the FluidEffect with Unique ID of minecraft:lava for Lava (Fluid Amount Required: 1000) with the ID 1
[02Sep2026 19:43:24.549] [main/INFO] [com.tiviacz.travelersbackpack.TravelersBackpack/]: Registered the FluidEffect with Unique ID of travelersbackpack:potion for Uncraftable Potion (Fluid Amount Required: 250) with the ID 2
[02Sep2026 19:43:24.549] [main/INFO] [com.tiviacz.travelersbackpack.TravelersBackpack/]: Registered the FluidEffect with Unique ID of minecraft:milk for Milk (Fluid Amount Required: 1000) with the ID 3
[02Sep2026 19:43:24.598] [main/INFO] [sleys.sl.library.SLLibrary/]: [SL Library] Registry Packet sl_data_driven:hash_validation -> AS 0 (HashValidation)
[02Sep2026 19:43:24.598] [main/INFO] [sleys.sl.library.SLLibrary/]: [SL Library] Registry Packet sl_library:cts_cooldown_applier -> AS 1 (CTSMessageApplyCooldown)
[02Sep2026 19:43:24.598] [main/INFO] [sleys.sl.library.SLLibrary/]: [SL Library] Registry Packet sl_library:cts_focal_tag_sync_packet -> AS 2 (CTSFocalTagSyncPacket)
[02Sep2026 19:43:24.599] [main/INFO] [sleys.sl.library.SLLibrary/]: [SL Library] Registry Packet sl_library:cts_particle_packet -> AS 3 (CTSParticlePacket)
[02Sep2026 19:43:24.599] [main/INFO] [sleys.sl.library.SLLibrary/]: [SL Library] Registry Packet sl_library:cts_tick_task -> AS 4 (CTSTickTask)
[02Sep2026 19:43:24.599] [main/INFO] [sleys.sl.library.SLLibrary/]: [SL Library] Registry Packet sl_library:stc_focal_tag_sync_packet -> AS 5 (STCFocalTagSyncPacket)
[02Sep2026 19:43:24.599] [main/INFO] [sleys.sl.library.SLLibrary/]: [SL Library] Registry Packet sl_library:stc_particle_packet -> AS 6 (STCParticlePacket)
[02Sep2026 19:43:24.599] [main/INFO] [sleys.sl.library.SLLibrary/]: [SL Library] Registry Packet sl_library:stc_text_particle_packet -> AS 7 (STCTextParticlePacket)
[02Sep2026 19:43:24.599] [main/INFO] [sleys.sl.library.SLLibrary/]: [SL Library] Registry Packet sl_library:stc_tick_task -> AS 8 (STCTickTask)
[02Sep2026 19:43:24.599] [main/INFO] [sleys.sl.library.SLLibrary/]: [SL Library] Registry Packet sl_library:stc_un_focal_tag_packet -> AS 9 (STCUnfocalTagSyncPacket)
[02Sep2026 19:43:24.599] [main/INFO] [sleys.sl.library.SLLibrary/]: [SL Library] Registry Packet slm_shaders:cts_shader_packet -> AS 10 (CTSShaderPacket)
[02Sep2026 19:43:24.599] [main/INFO] [sleys.sl.library.SLLibrary/]: [SL Library] Registry Packet slm_shaders:stc_shader_call_all_packets -> AS 11 (STCShaderCancelAllTypes)
[02Sep2026 19:43:24.599] [main/INFO] [sleys.sl.library.SLLibrary/]: [SL Library] Registry Packet slm_shaders:stc_shader_cancel_packet -> AS 12 (STCShaderPacketCancel)
[02Sep2026 19:43:24.599] [main/INFO] [sleys.sl.library.SLLibrary/]: [SL Library] Registry Packet slm_shaders:stc_shader_packet -> AS 13 (STCShaderPacket)
[02Sep2026 19:43:24.600] [main/INFO] [sleys.sl.library.SLLibrary/]: [SL Library] Network Froze: 14 Packets, Hash cfc709a4f3d12210
[02Sep2026 19:43:24.632] [Forge Version Check/INFO] [net.minecraftforge.fml.VersionChecker/]: [corpse] Found status: AHEAD Current: 1.20.1-1.0.23 Target: null
[02Sep2026 19:43:24.632] [Forge Version Check/INFO] [net.minecraftforge.fml.VersionChecker/]: [advancementplaques] Starting version check at https://mc-update-check.anthonyhilyard.com/499826
[02Sep2026 19:43:24.635] [main/INFO] [net.minecraftforge.coremod.CoreMod.apotheosis/COREMODLOG]: Replaced 1 calls to Enchantment#getMaxLevel() in net/minecraft/world/entity/npc/VillagerTrades$EnchantBookForEmeralds
[02Sep2026 19:43:24.635] [main/INFO] [net.minecraftforge.coremod.CoreMod.apotheosis/COREMODLOG]: Replaced 1 calls to Enchantment#isTreasureOnly() in net/minecraft/world/entity/npc/VillagerTrades$EnchantBookForEmeralds
[02Sep2026 19:43:24.635] [main/INFO] [net.minecraftforge.coremod.CoreMod.apotheosis/COREMODLOG]: Replaced 1 calls to Enchantment#isTradeable() in net/minecraft/world/entity/npc/VillagerTrades$EnchantBookForEmeralds
[02Sep2026 19:43:24.652] [main/INFO] [terrablender/]: Registered region minecraft:overworld to index 0 for type OVERWORLD
[02Sep2026 19:43:24.652] [main/INFO] [terrablender/]: Registered region minecraft:nether to index 0 for type NETHER
[02Sep2026 19:43:24.652] [main/INFO] [terrablender/]: Registered region werewolves:overworld to index 1 for type OVERWORLD
[02Sep2026 19:43:24.652] [main/INFO] [de.teamlapen.werewolves.modcompat.terrablender.TerraBlenderCompat/]: TerraBlender is installed. Using it to add vampire Forest to overworld.
[02Sep2026 19:43:24.679] [main/INFO] [de.teamlapen.vampirism.core.ModEffects/]: Fixing vanilla night vision potion types
[02Sep2026 19:43:24.699] [main/INFO] [terrablender/]: Registered region vampirism:overworld to index 2 for type OVERWORLD
[02Sep2026 19:43:24.703] [main/INFO] [de.teamlapen.vampirism.modcompat.terrablender.TerraBlenderCompat/]: TerraBlender is installed. Using it to add vampire Forest to overworld.
[02Sep2026 19:43:24.904] [main/INFO] [terrablender/]: Registered region regions_unexplored:primary to index 3 for type OVERWORLD
[02Sep2026 19:43:24.904] [main/INFO] [terrablender/]: Registered region regions_unexplored:secondary to index 4 for type OVERWORLD
[02Sep2026 19:43:24.904] [main/INFO] [terrablender/]: Registered region regions_unexplored:nether to index 1 for type NETHER
[02Sep2026 19:43:24.960] [main/INFO] [dev.otectus.mcaquests.McaQuests/]: [MCA: Quests] MCA: Reputation is not installed; using the built-in per-player village standing store.
[02Sep2026 19:43:25.018] [main/INFO] [dev.otectus.mcaquests.McaQuests/]: [MCA: Quests] Bound to Minecraft Comes Alive at 'forge.net.mca.' (68 members).
[02Sep2026 19:43:25.063] [main/INFO] [dev.otectus.mcaquests.McaQuests/]: [MCA: Quests] Townstead 0.7.6+1.20.1 detected (MCA root: forge.net.mca); 15 capabilities bound. Needs, schedules, professions, skills, buildings and village spirit are now quest state.
[02Sep2026 19:43:25.165] [modloading-worker-0/INFO] [xaero.minimap.XaeroMinimap/]: Loading Xaero's Minimap - Stage 1/2 (Server)
[02Sep2026 19:43:25.166] [modloading-worker-0/INFO] [xaero.map.server.WorldMapServer/]: Loading Xaero's World Map - Stage 1/2 (Server)
[02Sep2026 19:43:25.166] [modloading-worker-0/INFO] [xaero.lib.XaeroLib/]: Loading XaeroLib server 1/2!
[02Sep2026 19:43:25.191] [main/INFO] [xaero.minimap.XaeroMinimap/]: Loading Xaero's Minimap - Stage 2/2 (Server)
[02Sep2026 19:43:25.191] [main/INFO] [xaero.map.server.WorldMapServer/]: Loading Xaero's World Map - Stage 2/2 (Server)
[02Sep2026 19:43:25.192] [main/INFO] [xaero.lib.XaeroLib/]: Loading XaeroLib common 2/2!
[02Sep2026 19:43:25.192] [main/INFO] [xaero.lib.XaeroLib/]: Loading XaeroLib server 2/2!
[02Sep2026 19:43:25.426] [modloading-worker-0/INFO] [io.redspace.ironsspellbooks.IronsSpellbooks/]: Got IMC []
[02Sep2026 19:43:25.524] [modloading-worker-0/WARN] [sleys.sl.epicfight.SLMEpicFightMod/]: [Virtualization Protocol] There are no virtualization requests, cycle ending...
[02Sep2026 19:43:25.556] [modloading-worker-0/INFO] [Jade/]: Start loading plugin at com.Polarice3.Goety.compat.jade.JadePlugin
[02Sep2026 19:43:25.570] [modloading-worker-0/INFO] [Jade/]: Start loading plugin at dev.shadowsoffire.apotheosis.spawn.compat.SpawnerHwylaPlugin
[02Sep2026 19:43:25.572] [modloading-worker-0/INFO] [Jade/]: Start loading plugin at dev.shadowsoffire.apotheosis.ench.compat.EnchHwylaPlugin
[02Sep2026 19:43:25.573] [modloading-worker-0/INFO] [Jade/]: Start loading plugin at dev.shadowsoffire.apotheosis.adventure.compat.AdventureHwylaPlugin
[02Sep2026 19:43:25.574] [modloading-worker-0/INFO] [Jade/]: Start loading plugin at net.blay09.mods.balm.forge.compat.hudinfo.ForgeJadeModCompat
[02Sep2026 19:43:25.574] [modloading-worker-0/INFO] [Jade/]: Start loading plugin at de.maxhenkel.corpse.integration.waila.PluginCorpse
[02Sep2026 19:43:25.575] [modloading-worker-0/INFO] [Jade/]: Start loading plugin at dk.magnusjensen.jademoddedentities.JadeModdedEntitiesPlugin
[02Sep2026 19:43:25.578] [modloading-worker-0/INFO] [Jade/]: Start loading plugin at de.teamlapen.vampirism_integrations.jade.JadePlugin
[02Sep2026 19:43:25.583] [modloading-worker-0/INFO] [Jade/]: Start loading plugin at com.leon.saintsdragons.forge.integration.jade.JadeDragonPlugin
[02Sep2026 19:43:25.585] [modloading-worker-0/INFO] [Jade/]: Start loading plugin at net.blay09.mods.waystones.compat.JadeIntegration
[02Sep2026 19:43:25.585] [modloading-worker-0/INFO] [Jade/]: Start loading plugin at snownee.jade.addon.vanilla.VanillaPlugin
[02Sep2026 19:43:25.598] [modloading-worker-0/INFO] [Jade/]: Start loading plugin at snownee.jade.addon.universal.UniversalPlugin
[02Sep2026 19:43:25.608] [modloading-worker-0/INFO] [Jade/]: Start loading plugin at snownee.jade.addon.core.CorePlugin
[02Sep2026 19:43:25.627] [main/INFO] [de.teamlapen.vampirism.core.ModEffects/]: Fixing vanilla night vision potion types
[02Sep2026 19:43:25.627] [main/INFO] [de.teamlapen.vampirism.world.biome.OverworldModifications/]: Vampirism Biomes are added via TerraBlender. Not adding them to overworld preset.
[02Sep2026 19:43:25.627] [main/INFO] [citadel/]: adding citadel surface rules via terrablender...
[02Sep2026 19:43:25.628] [main/INFO] [citadel/]: Added 0 vanilla biome surface rule types via terrablender
[02Sep2026 19:43:25.629] [main/INFO] [citadel/]: Added 1 modded biome surface rule types via terrablender
[02Sep2026 19:43:25.629] [main/INFO] [de.teamlapen.werewolves.world.gen.OverworldModifications/]: Werewolves Biomes are added via TerraBlender. Not adding them to overworld preset.
[02Sep2026 19:43:26.001] [main/INFO] [epicfight/]: Data keys [epicfight:basic_attack_active, epicfight:combo_counter] for epicfight:basic_attack
[02Sep2026 19:43:26.001] [main/INFO] [epicfight/]: Data keys [epicfight:penalty_restore_counter, epicfight:penalty] for epicfight:guard
[02Sep2026 19:43:26.001] [main/INFO] [epicfight/]: Data keys [epicfight:penalty_restore_counter, epicfight:last_active, epicfight:parry_motion_counter, epicfight:penalty] for epicfight:parrying
[02Sep2026 19:43:26.001] [main/INFO] [epicfight/]: Data keys [epicfight:penalty_restore_counter, epicfight:penalty] for epicfight:impact_guard
[02Sep2026 19:43:26.001] [main/INFO] [epicfight/]: Data keys [epicfight:stacks, epicfight:resisting_damage_type, epicfight:tick_record] for epicfight:adaptive_skin
[02Sep2026 19:43:26.001] [main/INFO] [epicfight/]: Data keys [epicfight:tick_record] for epicfight:adrenaline_fiend
[02Sep2026 19:43:26.001] [main/INFO] [epicfight/]: Data keys [epicfight:stacks, epicfight:entity_id] for epicfight:bonebreaker
[02Sep2026 19:43:26.001] [main/INFO] [epicfight/]: Data keys [epicfight:tick_record, epicfight:entity_id] for epicfight:vengeance
[02Sep2026 19:43:26.001] [main/INFO] [epicfight/]: Data keys [epicfight:fall_distance, epicfight:slam_protect_next_fall] for epicfight:meteor_slam
[02Sep2026 19:43:26.001] [main/INFO] [epicfight/]: Data keys [epicfight:stacks] for epicfight:revelation
[02Sep2026 19:43:26.001] [main/INFO] [epicfight/]: Data keys [epicfight:slam_protect_next_fall] for epicfight:demolition_leap
[02Sep2026 19:43:26.001] [main/INFO] [epicfight/]: Data keys [epicfight:jump_count, epicfight:jump_key_pressed_last_tick, epicfight:slam_protect_next_fall] for epicfight:phantom_ascent
[02Sep2026 19:43:26.001] [main/INFO] [epicfight/]: Data keys [epicfight:last_hit_count] for epicfight:grasping_spire
[02Sep2026 19:43:26.001] [main/INFO] [epicfight/]: Data keys [epicfight:sheath] for epicfight:battojutsu_passive
[02Sep2026 19:43:26.002] [main/INFO] [epicfight/]: Data keys [epicfight:sheath] for epicfight:battojutsu
[02Sep2026 19:43:26.002] [main/INFO] [epicfight/]: Data keys [epicfight:combo_counter] for epicfight:blade_rush
[02Sep2026 19:43:26.002] [main/INFO] [epicfight/]: Data keys [epicfight:thrown_trident_entity_id] for epicfight:everlasting_allegiance
[02Sep2026 19:43:26.002] [main/INFO] [epicfight/]: Data keys [dodge_parry_reward:delay_timer] for dodge_parry_reward:health_boost1
[02Sep2026 19:43:26.002] [main/INFO] [epicfight/]: Data keys [dodge_parry_reward:delay_timer] for dodge_parry_reward:health_boost2
[02Sep2026 19:43:26.002] [main/INFO] [epicfight/]: Data keys [dodge_parry_reward:delay_timer] for dodge_parry_reward:health_boost3
[02Sep2026 19:43:26.002] [main/INFO] [epicfight/]: Data keys [dodge_parry_reward:delay_timer] for dodge_parry_reward:health_boost4
[02Sep2026 19:43:26.002] [main/INFO] [epicfight/]: Data keys [dodge_parry_reward:delay_timer] for dodge_parry_reward:absorb1
[02Sep2026 19:43:26.002] [main/INFO] [epicfight/]: Data keys [dodge_parry_reward:delay_timer] for dodge_parry_reward:absorb2
[02Sep2026 19:43:26.002] [main/INFO] [epicfight/]: Data keys [dodge_parry_reward:delay_timer] for dodge_parry_reward:absorb3
[02Sep2026 19:43:26.002] [main/INFO] [epicfight/]: Data keys [dodge_parry_reward:delay_timer] for dodge_parry_reward:absorb4
[02Sep2026 19:43:26.002] [main/INFO] [epicfight/]: Data keys [dodge_parry_reward:delay_timer] for dodge_parry_reward:heal1
[02Sep2026 19:43:26.002] [main/INFO] [epicfight/]: Data keys [dodge_parry_reward:delay_timer] for dodge_parry_reward:heal2
[02Sep2026 19:43:26.002] [main/INFO] [epicfight/]: Data keys [dodge_parry_reward:delay_timer] for dodge_parry_reward:heal3
[02Sep2026 19:43:26.002] [main/INFO] [epicfight/]: Data keys [dodge_parry_reward:delay_timer] for dodge_parry_reward:heal4
[02Sep2026 19:43:26.003] [main/INFO] [epicfight/]: Data keys [dodge_parry_reward:delay_timer] for dodge_parry_reward:resist1
[02Sep2026 19:43:26.003] [main/INFO] [epicfight/]: Data keys [dodge_parry_reward:delay_timer] for dodge_parry_reward:resist2
[02Sep2026 19:43:26.003] [main/INFO] [epicfight/]: Data keys [dodge_parry_reward:delay_timer] for dodge_parry_reward:resist3
[02Sep2026 19:43:26.003] [main/INFO] [epicfight/]: Data keys [dodge_parry_reward:delay_timer] for dodge_parry_reward:resist4
[02Sep2026 19:43:26.003] [main/INFO] [epicfight/]: Data keys [dodge_parry_reward:delay_timer] for dodge_parry_reward:stun_imm1
[02Sep2026 19:43:26.003] [main/INFO] [epicfight/]: Data keys [dodge_parry_reward:delay_timer] for dodge_parry_reward:stun_imm2
[02Sep2026 19:43:26.003] [main/INFO] [epicfight/]: Data keys [dodge_parry_reward:delay_timer] for dodge_parry_reward:stun_imm3
[02Sep2026 19:43:26.003] [main/INFO] [epicfight/]: Data keys [dodge_parry_reward:delay_timer] for dodge_parry_reward:stun_imm4
[02Sep2026 19:43:26.003] [main/INFO] [epicfight/]: Data keys [dodge_parry_reward:delay_timer] for dodge_parry_reward:damage_boost1
[02Sep2026 19:43:26.003] [main/INFO] [epicfight/]: Data keys [dodge_parry_reward:delay_timer] for dodge_parry_reward:damage_boost2
[02Sep2026 19:43:26.003] [main/INFO] [epicfight/]: Data keys [dodge_parry_reward:delay_timer] for dodge_parry_reward:damage_boost3
[02Sep2026 19:43:26.003] [main/INFO] [epicfight/]: Data keys [dodge_parry_reward:delay_timer] for dodge_parry_reward:damage_boost4
[02Sep2026 19:43:26.003] [main/INFO] [epicfight/]: Data keys [dodge_parry_reward:delay_timer] for dodge_parry_reward:speed1
[02Sep2026 19:43:26.003] [main/INFO] [epicfight/]: Data keys [dodge_parry_reward:delay_timer] for dodge_parry_reward:speed2
[02Sep2026 19:43:26.003] [main/INFO] [epicfight/]: Data keys [dodge_parry_reward:delay_timer] for dodge_parry_reward:speed3
[02Sep2026 19:43:26.003] [main/INFO] [epicfight/]: Data keys [dodge_parry_reward:delay_timer] for dodge_parry_reward:speed4
[02Sep2026 19:43:26.003] [main/INFO] [epicfight/]: Data keys [dodge_parry_reward:delay_timer] for dodge_parry_reward:stamina1
[02Sep2026 19:43:26.004] [main/INFO] [epicfight/]: Data keys [dodge_parry_reward:delay_timer] for dodge_parry_reward:stamina2
[02Sep2026 19:43:26.004] [main/INFO] [epicfight/]: Data keys [dodge_parry_reward:delay_timer] for dodge_parry_reward:stamina3
[02Sep2026 19:43:26.004] [main/INFO] [epicfight/]: Data keys [dodge_parry_reward:delay_timer] for dodge_parry_reward:stamina4
[02Sep2026 19:43:26.004] [main/INFO] [epicfight/]: Data keys [invincible:up, invincible:parry_timer, invincible:down, invincible:cooldown, invincible:dodge_success_timer, invincible:left, invincible:right] for invincible:combo_demo
[02Sep2026 19:43:26.327] [main/INFO] [com.mojang.authlib.yggdrasil.YggdrasilAuthenticationService/]: Environment: authHost='https://authserver.mojang.com', accountsHost='https://api.mojang.com', sessionHost='https://sessionserver.mojang.com', servicesHost='https://api.minecraftservices.com', name='PROD'
[02Sep2026 19:43:26.485] [main/WARN] [net.minecraftforge.common.ForgeHooks/WP]: The following mods have version differences that were not resolved:
icarus (version 2.14.1 -> MISSING)
icarusrewinged (version 1.1.4 -> MISSING)
Things may not work well.
[02Sep2026 19:43:26.704] [main/ERROR] [net.minecraftforge.registries.GameData/REGISTRIES]: Unidentified mapping from registry minecraft:item
	icarus:black_dragon_wings: 3060
	icarus:black_feathered_wings: 3044
	icarus:black_light_wings: 3108
	icarus:black_mechanical_feathered_wings: 3076
	icarus:black_mechanical_leather_wings: 3092
	icarus:blue_dragon_wings: 3056
	icarus:blue_feathered_wings: 3040
	icarus:blue_light_wings: 3104
	icarus:blue_mechanical_feathered_wings: 3072
	icarus:blue_mechanical_leather_wings: 3088
	icarus:brown_dragon_wings: 3057
	icarus:brown_feathered_wings: 3041
	icarus:brown_light_wings: 3105
	icarus:brown_mechanical_feathered_wings: 3073
	icarus:brown_mechanical_leather_wings: 3089
	icarus:cyan_dragon_wings: 3054
	icarus:cyan_feathered_wings: 3038
	icarus:cyan_light_wings: 3102
	icarus:cyan_mechanical_feathered_wings: 3070
	icarus:cyan_mechanical_leather_wings: 3086
	icarus:discords_wings: 3110
	icarus:flandres_wings: 3109
	icarus:gray_dragon_wings: 3052
	icarus:gray_feathered_wings: 3036
	icarus:gray_light_wings: 3100
	icarus:gray_mechanical_feathered_wings: 3068
	icarus:gray_mechanical_leather_wings: 3084
	icarus:green_dragon_wings: 3058
	icarus:green_feathered_wings: 3042
	icarus:green_light_wings: 3106
	icarus:green_mechanical_feathered_wings: 3074
	icarus:green_mechanical_leather_wings: 3090
	icarus:light_blue_dragon_wings: 3048
	icarus:light_blue_feathered_wings: 3032
	icarus:light_blue_light_wings: 3096
	icarus:light_blue_mechanical_feathered_wings: 3064
	icarus:light_blue_mechanical_leather_wings: 3080
	icarus:light_gray_dragon_wings: 3053
	icarus:light_gray_feathered_wings: 3037
	icarus:light_gray_light_wings: 3101
	icarus:light_gray_mechanical_feathered_wings: 3069
	icarus:light_gray_mechanical_leather_wings: 3085
	icarus:lime_dragon_wings: 3050
	icarus:lime_feathered_wings: 3034
	icarus:lime_light_wings: 3098
	icarus:lime_mechanical_feathered_wings: 3066
	icarus:lime_mechanical_leather_wings: 3082
	icarus:magenta_dragon_wings: 3047
	icarus:magenta_feathered_wings: 3031
	icarus:magenta_light_wings: 3095
	icarus:magenta_mechanical_feathered_wings: 3063
	icarus:magenta_mechanical_leather_wings: 3079
	icarus:orange_dragon_wings: 3046
	icarus:orange_feathered_wings: 3030
	icarus:orange_light_wings: 3094
	icarus:orange_mechanical_feathered_wings: 3062
	icarus:orange_mechanical_leather_wings: 3078
	icarus:pink_dragon_wings: 3051
	icarus:pink_feathered_wings: 3035
	icarus:pink_light_wings: 3099
	icarus:pink_mechanical_feathered_wings: 3067
	icarus:pink_mechanical_leather_wings: 3083
	icarus:purple_dragon_wings: 3055
	icarus:purple_feathered_wings: 3039
	icarus:purple_light_wings: 3103
	icarus:purple_mechanical_feathered_wings: 3071
	icarus:purple_mechanical_leather_wings: 3087
	icarus:red_dragon_wings: 3059
	icarus:red_feathered_wings: 3043
	icarus:red_light_wings: 3107
	icarus:red_mechanical_feathered_wings: 3075
	icarus:red_mechanical_leather_wings: 3091
	icarus:white_dragon_wings: 3045
	icarus:white_feathered_wings: 3029
	icarus:white_light_wings: 3093
	icarus:white_mechanical_feathered_wings: 3061
	icarus:white_mechanical_leather_wings: 3077
	icarus:yellow_dragon_wings: 3049
	icarus:yellow_feathered_wings: 3033
	icarus:yellow_light_wings: 3097
	icarus:yellow_mechanical_feathered_wings: 3065
	icarus:yellow_mechanical_leather_wings: 3081
	icarus:zanzas_wings: 3111
	icarusrewinged:discord_hikaritoyami_wings: 3663
	icarusrewinged:feathered_bloody_black_wings: 3696
	icarusrewinged:feathered_bloody_white_wings: 3694
	icarusrewinged:feathered_burned_black_wings: 3697
	icarusrewinged:feathered_burned_white_wings: 3695
	icarusrewinged:feathered_cherry_wings: 3664
	icarusrewinged:feathered_clearsky_wings: 3670
	icarusrewinged:feathered_darkforest_wings: 3672
	icarusrewinged:feathered_flame_wings: 3668
	icarusrewinged:feathered_frostbitten_black_wings: 3701
	icarusrewinged:feathered_frostbitten_white_wings: 3699
	icarusrewinged:feathered_gilded_black_wings: 3700
	icarusrewinged:feathered_gilded_white_wings: 3698
	icarusrewinged:feathered_gradient_black_wings: 3685
	icarusrewinged:feathered_gradient_blue_wings: 3691
	icarusrewinged:feathered_gradient_brown_wings: 3686
	icarusrewinged:feathered_gradient_green_wings: 3688
	icarusrewinged:feathered_gradient_neon_wings: 3687
	icarusrewinged:feathered_gradient_peach_wings: 3689
	icarusrewinged:feathered_gradient_pink_wings: 3692
	icarusrewinged:feathered_gradient_purple_wings: 3690
	icarusrewinged:feathered_gradient_red_wings: 3693
	icarusrewinged:feathered_gradient_white_wings: 3684
	icarusrewinged:feathered_midnight_wings: 3669
	icarusrewinged:feathered_mossy_black_wings: 3703
	icarusrewinged:feathered_mossy_white_wings: 3702
	icarusrewinged:feathered_pivo_wings: 3651
	icarusrewinged:feathered_sand_wings: 3665
	icarusrewinged:feathered_sculk_wings: 3650
	icarusrewinged:feathered_seafoam_wings: 3671
	icarusrewinged:feathered_snowy_wings: 3667
	icarusrewinged:feathered_soulflame_wings: 3673
	icarusrewinged:feathered_sunflower_wings: 3666
	icarusrewinged:membrane_bloody_black_wings: 3715
	icarusrewinged:membrane_bloody_white_wings: 3714
	icarusrewinged:membrane_bone_wings: 3652
	icarusrewinged:membrane_burned_black_wings: 3717
	icarusrewinged:membrane_burned_white_wings: 3716
	icarusrewinged:membrane_chain_mail_wings: 3677
	icarusrewinged:membrane_copper_grid_wings: 3675
	icarusrewinged:membrane_copper_wings: 3674
	icarusrewinged:membrane_demonic_wings: 3676
	icarusrewinged:membrane_frostbitten_black_wings: 3721
	icarusrewinged:membrane_frostbitten_white_wings: 3720
	icarusrewinged:membrane_gems_wings: 3678
	icarusrewinged:membrane_ghostly_wings: 3681
	icarusrewinged:membrane_gilded_black_wings: 3719
	icarusrewinged:membrane_gilded_white_wings: 3718
	icarusrewinged:membrane_gradient_black_wings: 3713
	icarusrewinged:membrane_gradient_blueyellow_wings: 3707
	icarusrewinged:membrane_gradient_eggplant_wings: 3709
	icarusrewinged:membrane_gradient_peachygreen_wings: 3706
	icarusrewinged:membrane_gradient_pink_wings: 3704
	icarusrewinged:membrane_gradient_pinkywhite_wings: 3711
	icarusrewinged:membrane_gradient_prismarine_wings: 3705
	icarusrewinged:membrane_gradient_swampy_wings: 3710
	icarusrewinged:membrane_gradient_watermelon_wings: 3708
	icarusrewinged:membrane_gradient_white_wings: 3712
	icarusrewinged:membrane_honey_wings: 3683
	icarusrewinged:membrane_mossy_black_wings: 3723
	icarusrewinged:membrane_mossy_white_wings: 3722
	icarusrewinged:membrane_scaly_wings: 3680
	icarusrewinged:membrane_slime_wings: 3682
	icarusrewinged:membrane_spider_web_wings: 3679
	icarusrewinged:membrane_steampunk_wings: 3655
	icarusrewinged:membrane_the_end_wings: 3653
	icarusrewinged:membrane_undead_wings: 3654
	icarusrewinged:mod_logo: 3649
	icarusrewinged:zanzas_butterfly_blue_wings: 3662
	icarusrewinged:zanzas_butterfly_dark_wings: 3657
	icarusrewinged:zanzas_butterfly_darkpink_wings: 3658
	icarusrewinged:zanzas_butterfly_green_wings: 3660
	icarusrewinged:zanzas_butterfly_pink_wings: 3659
	icarusrewinged:zanzas_butterfly_purple_wings: 3656
	icarusrewinged:zanzas_butterfly_yellow_wings: 3661

[02Sep2026 19:43:26.707] [main/ERROR] [net.minecraftforge.registries.GameData/REGISTRIES]: Unidentified mapping from registry minecraft:mob_effect
	icarus:flightless: 122

[02Sep2026 19:43:26.709] [main/WARN] [net.minecraftforge.registries.GameData/REGISTRIES]: Forge Mod Loader detected missing registry entries.

There are 159 missing entries in this save.
If you continue the missing entries will get removed.
A world backup will be automatically created in your saves directory.


[02Sep2026 19:43:26.709] [main/WARN] [net.minecraftforge.registries.GameData/REGISTRIES]: Missing minecraft:item:
    icarus:black_dragon_wings
    icarus:black_feathered_wings
    icarus:black_light_wings
    icarus:black_mechanical_feathered_wings
    icarus:black_mechanical_leather_wings
    icarus:blue_dragon_wings
    icarus:blue_feathered_wings
    icarus:blue_light_wings
    icarus:blue_mechanical_feathered_wings
    icarus:blue_mechanical_leather_wings
    icarus:brown_dragon_wings
    icarus:brown_feathered_wings
    icarus:brown_light_wings
    icarus:brown_mechanical_feathered_wings
    icarus:brown_mechanical_leather_wings
    icarus:cyan_dragon_wings
    icarus:cyan_feathered_wings
    icarus:cyan_light_wings
    icarus:cyan_mechanical_feathered_wings
    icarus:cyan_mechanical_leather_wings
    icarus:discords_wings
    icarus:flandres_wings
    icarus:gray_dragon_wings
    icarus:gray_feathered_wings
    icarus:gray_light_wings
    icarus:gray_mechanical_feathered_wings
    icarus:gray_mechanical_leather_wings
    icarus:green_dragon_wings
    icarus:green_feathered_wings
    icarus:green_light_wings
    icarus:green_mechanical_feathered_wings
    icarus:green_mechanical_leather_wings
    icarus:light_blue_dragon_wings
    icarus:light_blue_feathered_wings
    icarus:light_blue_light_wings
    icarus:light_blue_mechanical_feathered_wings
    icarus:light_blue_mechanical_leather_wings
    icarus:light_gray_dragon_wings
    icarus:light_gray_feathered_wings
    icarus:light_gray_light_wings
    icarus:light_gray_mechanical_feathered_wings
    icarus:light_gray_mechanical_leather_wings
    icarus:lime_dragon_wings
    icarus:lime_feathered_wings
    icarus:lime_light_wings
    icarus:lime_mechanical_feathered_wings
    icarus:lime_mechanical_leather_wings
    icarus:magenta_dragon_wings
    icarus:magenta_feathered_wings
    icarus:magenta_light_wings
    icarus:magenta_mechanical_feathered_wings
    icarus:magenta_mechanical_leather_wings
    icarus:orange_dragon_wings
    icarus:orange_feathered_wings
    icarus:orange_light_wings
    icarus:orange_mechanical_feathered_wings
    icarus:orange_mechanical_leather_wings
    icarus:pink_dragon_wings
    icarus:pink_feathered_wings
    icarus:pink_light_wings
    icarus:pink_mechanical_feathered_wings
    icarus:pink_mechanical_leather_wings
    icarus:purple_dragon_wings
    icarus:purple_feathered_wings
    icarus:purple_light_wings
    icarus:purple_mechanical_feathered_wings
    icarus:purple_mechanical_leather_wings
    icarus:red_dragon_wings
    icarus:red_feathered_wings
    icarus:red_light_wings
    icarus:red_mechanical_feathered_wings
    icarus:red_mechanical_leather_wings
    icarus:white_dragon_wings
    icarus:white_feathered_wings
    icarus:white_light_wings
    icarus:white_mechanical_feathered_wings
    icarus:white_mechanical_leather_wings
    icarus:yellow_dragon_wings
    icarus:yellow_feathered_wings
    icarus:yellow_light_wings
    icarus:yellow_mechanical_feathered_wings
    icarus:yellow_mechanical_leather_wings
    icarus:zanzas_wings
    icarusrewinged:discord_hikaritoyami_wings
    icarusrewinged:feathered_bloody_black_wings
    icarusrewinged:feathered_bloody_white_wings
    icarusrewinged:feathered_burned_black_wings
    icarusrewinged:feathered_burned_white_wings
    icarusrewinged:feathered_cherry_wings
    icarusrewinged:feathered_clearsky_wings
    icarusrewinged:feathered_darkforest_wings
    icarusrewinged:feathered_flame_wings
    icarusrewinged:feathered_frostbitten_black_wings
    icarusrewinged:feathered_frostbitten_white_wings
    icarusrewinged:feathered_gilded_black_wings
    icarusrewinged:feathered_gilded_white_wings
    icarusrewinged:feathered_gradient_black_wings
    icarusrewinged:feathered_gradient_blue_wings
    icarusrewinged:feathered_gradient_brown_wings
    icarusrewinged:feathered_gradient_green_wings
    icarusrewinged:feathered_gradient_neon_wings
    icarusrewinged:feathered_gradient_peach_wings
    icarusrewinged:feathered_gradient_pink_wings
    icarusrewinged:feathered_gradient_purple_wings
    icarusrewinged:feathered_gradient_red_wings
    icarusrewinged:feathered_gradient_white_wings
    icarusrewinged:feathered_midnight_wings
    icarusrewinged:feathered_mossy_black_wings
    icarusrewinged:feathered_mossy_white_wings
    icarusrewinged:feathered_pivo_wings
    icarusrewinged:feathered_sand_wings
    icarusrewinged:feathered_sculk_wings
    icarusrewinged:feathered_seafoam_wings
    icarusrewinged:feathered_snowy_wings
    icarusrewinged:feathered_soulflame_wings
    icarusrewinged:feathered_sunflower_wings
    icarusrewinged:membrane_bloody_black_wings
    icarusrewinged:membrane_bloody_white_wings
    icarusrewinged:membrane_bone_wings
    icarusrewinged:membrane_burned_black_wings
    icarusrewinged:membrane_burned_white_wings
    icarusrewinged:membrane_chain_mail_wings
    icarusrewinged:membrane_copper_grid_wings
    icarusrewinged:membrane_copper_wings
    icarusrewinged:membrane_demonic_wings
    icarusrewinged:membrane_frostbitten_black_wings
    icarusrewinged:membrane_frostbitten_white_wings
    icarusrewinged:membrane_gems_wings
    icarusrewinged:membrane_ghostly_wings
    icarusrewinged:membrane_gilded_black_wings
    icarusrewinged:membrane_gilded_white_wings
    icarusrewinged:membrane_gradient_black_wings
    icarusrewinged:membrane_gradient_blueyellow_wings
    icarusrewinged:membrane_gradient_eggplant_wings
    icarusrewinged:membrane_gradient_peachygreen_wings
    icarusrewinged:membrane_gradient_pink_wings
    icarusrewinged:membrane_gradient_pinkywhite_wings
    icarusrewinged:membrane_gradient_prismarine_wings
    icarusrewinged:membrane_gradient_swampy_wings
    icarusrewinged:membrane_gradient_watermelon_wings
    icarusrewinged:membrane_gradient_white_wings
    icarusrewinged:membrane_honey_wings
    icarusrewinged:membrane_mossy_black_wings
    icarusrewinged:membrane_mossy_white_wings
    icarusrewinged:membrane_scaly_wings
    icarusrewinged:membrane_slime_wings
    icarusrewinged:membrane_spider_web_wings
    icarusrewinged:membrane_steampunk_wings
    icarusrewinged:membrane_the_end_wings
    icarusrewinged:membrane_undead_wings
    icarusrewinged:mod_logo
    icarusrewinged:zanzas_butterfly_blue_wings
    icarusrewinged:zanzas_butterfly_dark_wings
    icarusrewinged:zanzas_butterfly_darkpink_wings
    icarusrewinged:zanzas_butterfly_green_wings
    icarusrewinged:zanzas_butterfly_pink_wings
    icarusrewinged:zanzas_butterfly_purple_wings
    icarusrewinged:zanzas_butterfly_yellow_wings

Missing minecraft:mob_effect:
    icarus:flightless


[02Sep2026 19:43:26.709] [main/ERROR] [net.minecraftforge.registries.GameData/REGISTRIES]: There are unidentified mappings in this world - we are going to attempt to process anyway
[02Sep2026 19:43:26.717] [main/WARN] [net.minecraftforge.registries.ForgeRegistry/REGISTRIES]: Registry minecraft:item: Object did not get ID it asked for. Name: angelring:diamond_ring Expected: 2690 Got: 1255
[02Sep2026 19:43:26.717] [main/WARN] [net.minecraftforge.registries.ForgeRegistry/REGISTRIES]: Registry minecraft:item: Object did not get ID it asked for. Name: angelring:angel_ring Expected: 2691 Got: 1256
[02Sep2026 19:43:26.717] [main/WARN] [net.minecraftforge.registries.ForgeRegistry/REGISTRIES]: Registry minecraft:item: Object did not get ID it asked for. Name: angelring:energetic_angel_ring Expected: 2692 Got: 1257
[02Sep2026 19:43:26.717] [main/WARN] [net.minecraftforge.registries.ForgeRegistry/REGISTRIES]: Registry minecraft:item: Object did not get ID it asked for. Name: angelring:leadstone_angel_ring Expected: 2693 Got: 1258
[02Sep2026 19:43:26.717] [main/WARN] [net.minecraftforge.registries.ForgeRegistry/REGISTRIES]: Registry minecraft:item: Object did not get ID it asked for. Name: angelring:hardened_angel_ring Expected: 2694 Got: 1259
[02Sep2026 19:43:26.717] [main/WARN] [net.minecraftforge.registries.ForgeRegistry/REGISTRIES]: Registry minecraft:item: Object did not get ID it asked for. Name: angelring:reinforced_angel_ring Expected: 2695 Got: 1260
[02Sep2026 19:43:26.718] [main/WARN] [net.minecraftforge.registries.ForgeRegistry/REGISTRIES]: Registry minecraft:item: Object did not get ID it asked for. Name: angelring:resonant_angel_ring Expected: 2696 Got: 1261
[02Sep2026 19:43:26.898] [main/INFO] [epicfight/]: Data keys [epicfight:basic_attack_active, epicfight:combo_counter] for epicfight:basic_attack
[02Sep2026 19:43:26.899] [main/INFO] [epicfight/]: Data keys [epicfight:penalty_restore_counter, epicfight:penalty] for epicfight:guard
[02Sep2026 19:43:26.899] [main/INFO] [epicfight/]: Data keys [epicfight:penalty_restore_counter, epicfight:last_active, epicfight:parry_motion_counter, epicfight:penalty] for epicfight:parrying
[02Sep2026 19:43:26.899] [main/INFO] [epicfight/]: Data keys [epicfight:penalty_restore_counter, epicfight:penalty] for epicfight:impact_guard
[02Sep2026 19:43:26.899] [main/INFO] [epicfight/]: Data keys [epicfight:stacks, epicfight:resisting_damage_type, epicfight:tick_record] for epicfight:adaptive_skin
[02Sep2026 19:43:26.899] [main/INFO] [epicfight/]: Data keys [epicfight:tick_record] for epicfight:adrenaline_fiend
[02Sep2026 19:43:26.900] [main/INFO] [epicfight/]: Data keys [epicfight:stacks, epicfight:entity_id] for epicfight:bonebreaker
[02Sep2026 19:43:26.900] [main/INFO] [epicfight/]: Data keys [epicfight:tick_record, epicfight:entity_id] for epicfight:vengeance
[02Sep2026 19:43:26.900] [main/INFO] [epicfight/]: Data keys [epicfight:fall_distance, epicfight:slam_protect_next_fall] for epicfight:meteor_slam
[02Sep2026 19:43:26.900] [main/INFO] [epicfight/]: Data keys [epicfight:stacks] for epicfight:revelation
[02Sep2026 19:43:26.900] [main/INFO] [epicfight/]: Data keys [epicfight:slam_protect_next_fall] for epicfight:demolition_leap
[02Sep2026 19:43:26.901] [main/INFO] [epicfight/]: Data keys [epicfight:jump_count, epicfight:jump_key_pressed_last_tick, epicfight:slam_protect_next_fall] for epicfight:phantom_ascent
[02Sep2026 19:43:26.901] [main/INFO] [epicfight/]: Data keys [epicfight:last_hit_count] for epicfight:grasping_spire
[02Sep2026 19:43:26.901] [main/INFO] [epicfight/]: Data keys [epicfight:sheath] for epicfight:battojutsu_passive
[02Sep2026 19:43:26.901] [main/INFO] [epicfight/]: Data keys [epicfight:sheath] for epicfight:battojutsu
[02Sep2026 19:43:26.901] [main/INFO] [epicfight/]: Data keys [epicfight:combo_counter] for epicfight:blade_rush
[02Sep2026 19:43:26.901] [main/INFO] [epicfight/]: Data keys [epicfight:thrown_trident_entity_id] for epicfight:everlasting_allegiance
[02Sep2026 19:43:26.901] [main/INFO] [epicfight/]: Data keys [dodge_parry_reward:delay_timer] for dodge_parry_reward:health_boost1
[02Sep2026 19:43:26.902] [main/INFO] [epicfight/]: Data keys [dodge_parry_reward:delay_timer] for dodge_parry_reward:health_boost2
[02Sep2026 19:43:26.902] [main/INFO] [epicfight/]: Data keys [dodge_parry_reward:delay_timer] for dodge_parry_reward:health_boost3
[02Sep2026 19:43:26.902] [main/INFO] [epicfight/]: Data keys [dodge_parry_reward:delay_timer] for dodge_parry_reward:health_boost4
[02Sep2026 19:43:26.902] [main/INFO] [epicfight/]: Data keys [dodge_parry_reward:delay_timer] for dodge_parry_reward:absorb1
[02Sep2026 19:43:26.902] [main/INFO] [epicfight/]: Data keys [dodge_parry_reward:delay_timer] for dodge_parry_reward:absorb2
[02Sep2026 19:43:26.902] [main/INFO] [epicfight/]: Data keys [dodge_parry_reward:delay_timer] for dodge_parry_reward:absorb3
[02Sep2026 19:43:26.902] [main/INFO] [epicfight/]: Data keys [dodge_parry_reward:delay_timer] for dodge_parry_reward:absorb4
[02Sep2026 19:43:26.902] [main/INFO] [epicfight/]: Data keys [dodge_parry_reward:delay_timer] for dodge_parry_reward:heal1
[02Sep2026 19:43:26.903] [main/INFO] [epicfight/]: Data keys [dodge_parry_reward:delay_timer] for dodge_parry_reward:heal2
[02Sep2026 19:43:26.903] [main/INFO] [epicfight/]: Data keys [dodge_parry_reward:delay_timer] for dodge_parry_reward:heal3
[02Sep2026 19:43:26.903] [main/INFO] [epicfight/]: Data keys [dodge_parry_reward:delay_timer] for dodge_parry_reward:heal4
[02Sep2026 19:43:26.903] [main/INFO] [epicfight/]: Data keys [dodge_parry_reward:delay_timer] for dodge_parry_reward:resist1
[02Sep2026 19:43:26.903] [main/INFO] [epicfight/]: Data keys [dodge_parry_reward:delay_timer] for dodge_parry_reward:resist2
[02Sep2026 19:43:26.903] [main/INFO] [epicfight/]: Data keys [dodge_parry_reward:delay_timer] for dodge_parry_reward:resist3
[02Sep2026 19:43:26.903] [main/INFO] [epicfight/]: Data keys [dodge_parry_reward:delay_timer] for dodge_parry_reward:resist4
[02Sep2026 19:43:26.904] [main/INFO] [epicfight/]: Data keys [dodge_parry_reward:delay_timer] for dodge_parry_reward:stun_imm1
[02Sep2026 19:43:26.904] [main/INFO] [epicfight/]: Data keys [dodge_parry_reward:delay_timer] for dodge_parry_reward:stun_imm2
[02Sep2026 19:43:26.904] [main/INFO] [epicfight/]: Data keys [dodge_parry_reward:delay_timer] for dodge_parry_reward:stun_imm3
[02Sep2026 19:43:26.904] [main/INFO] [epicfight/]: Data keys [dodge_parry_reward:delay_timer] for dodge_parry_reward:stun_imm4
[02Sep2026 19:43:26.904] [main/INFO] [epicfight/]: Data keys [dodge_parry_reward:delay_timer] for dodge_parry_reward:damage_boost1
[02Sep2026 19:43:26.904] [main/INFO] [epicfight/]: Data keys [dodge_parry_reward:delay_timer] for dodge_parry_reward:damage_boost2
[02Sep2026 19:43:26.905] [main/INFO] [epicfight/]: Data keys [dodge_parry_reward:delay_timer] for dodge_parry_reward:damage_boost3
[02Sep2026 19:43:26.905] [main/INFO] [epicfight/]: Data keys [dodge_parry_reward:delay_timer] for dodge_parry_reward:damage_boost4
[02Sep2026 19:43:26.905] [main/INFO] [epicfight/]: Data keys [dodge_parry_reward:delay_timer] for dodge_parry_reward:speed1
[02Sep2026 19:43:26.905] [main/INFO] [epicfight/]: Data keys [dodge_parry_reward:delay_timer] for dodge_parry_reward:speed2
[02Sep2026 19:43:26.905] [main/INFO] [epicfight/]: Data keys [dodge_parry_reward:delay_timer] for dodge_parry_reward:speed3
[02Sep2026 19:43:26.905] [main/INFO] [epicfight/]: Data keys [dodge_parry_reward:delay_timer] for dodge_parry_reward:speed4
[02Sep2026 19:43:26.905] [main/INFO] [epicfight/]: Data keys [dodge_parry_reward:delay_timer] for dodge_parry_reward:stamina1
[02Sep2026 19:43:26.906] [main/INFO] [epicfight/]: Data keys [dodge_parry_reward:delay_timer] for dodge_parry_reward:stamina2
[02Sep2026 19:43:26.906] [main/INFO] [epicfight/]: Data keys [dodge_parry_reward:delay_timer] for dodge_parry_reward:stamina3
[02Sep2026 19:43:26.906] [main/INFO] [epicfight/]: Data keys [dodge_parry_reward:delay_timer] for dodge_parry_reward:stamina4
[02Sep2026 19:43:26.906] [main/INFO] [epicfight/]: Data keys [invincible:up, invincible:parry_timer, invincible:down, invincible:cooldown, invincible:dodge_success_timer, invincible:left, invincible:right] for invincible:combo_demo
[02Sep2026 19:43:27.044] [main/WARN] [net.minecraft.server.packs.VanillaPackResourcesBuilder/]: Assets URL 'union:/workspaces/Prueba/servidor_minecraft/libraries/net/minecraft/server/1.20.1-20230612.114412/server-1.20.1-20230612.114412-srg.jar%23413!/assets/.mcassetsroot' uses unexpected schema
[02Sep2026 19:43:27.044] [main/WARN] [net.minecraft.server.packs.VanillaPackResourcesBuilder/]: Assets URL 'union:/workspaces/Prueba/servidor_minecraft/libraries/net/minecraft/server/1.20.1-20230612.114412/server-1.20.1-20230612.114412-srg.jar%23413!/data/.mcassetsroot' uses unexpected schema
[02Sep2026 19:43:27.048] [main/WARN] [sleys.sl.datadriven.SLDataDrivenExtension/]: [Data Finder] Directory not found: /workspaces/Prueba/servidor_minecraft/data_driven/datapacks
[02Sep2026 19:43:27.054] [main/WARN] [sleys.sl.epicfight.SLMEpicFightMod/]: [SLM EpicFight] No valid data folder found. Expected at: /workspaces/Prueba/servidor_minecraft/data_driven/slm_epicfight
[02Sep2026 19:43:27.218] [main/WARN] [net.minecraft.server.MinecraftServer/]: Missing data pack mod:icarus
[02Sep2026 19:43:27.218] [main/WARN] [net.minecraft.server.MinecraftServer/]: Missing data pack mod:icarusrewinged
[02Sep2026 19:43:28.339] [main/ERROR] [net.minecraftforge.fml.loading.RuntimeDistCleaner/DISTXFORM]: Attempted to load class net/minecraft/client/player/LocalPlayer for invalid dist DEDICATED_SERVER
[02Sep2026 19:43:28.339] [main/INFO] [STDERR/]: [dev.latvian.mods.rhino.JavaMembers:getDeclaredMethodsSafe:836]: [Rhino] Failed to get declared methods for yesman.epicfight.world.capabilities.EpicFightCapabilities: java.lang.RuntimeException: Attempted to load class net/minecraft/client/player/LocalPlayer for invalid dist DEDICATED_SERVER
[02Sep2026 19:43:28.346] [main/INFO] [KubeJS Server/]: Loaded script server_scripts:draconic_transformation.js in 0.005 s
[02Sep2026 19:43:28.346] [main/INFO] [KubeJS Server/]: example.js#5: Hello, World! (Loaded server scripts)
[02Sep2026 19:43:28.346] [main/INFO] [KubeJS Server/]: Loaded script server_scripts:example.js in 0.0 s
[02Sep2026 19:43:28.348] [main/INFO] [KubeJS Server/]: Loaded script server_scripts:draconic_amulet_recipe.js in 0.001 s
[02Sep2026 19:43:28.348] [main/INFO] [KubeJS Server/]: Loaded 3/3 KubeJS server scripts in 0.023 s with 0 errors and 0 warnings
[02Sep2026 19:43:28.348] [main/INFO] [KubeJS Server/]: Scripts loaded
[02Sep2026 19:43:28.362] [main/INFO] [KubeJS Server/]: Initializing recipe event...
[02Sep2026 19:43:30.015] [main/INFO] [net.minecraftforge.coremod.CoreMod.apotheosis/COREMODLOG]: Replaced 2 calls to Enchantment#getMaxLevel() in net/minecraft/server/commands/EnchantCommand
[02Sep2026 19:43:30.307] [main/INFO] [Dragon Survival/]: Registered commands
[02Sep2026 19:43:30.307] [main/INFO] [Dragon Survival/]: Registered commands
[02Sep2026 19:43:30.405] [main/INFO] [com.github.alexthe666.alexsmobs.AlexsMobs/]: Adding datapack listener capsid_recipes
[02Sep2026 19:43:30.474] [Worker-Main-4/WARN] [mixin/]: Static binding violation: PRIVATE @Overwrite method m_215924_ in modernfix-modernfix.mixins.json:perf.tag_id_caching.TagEntryMixin cannot reduce visibiliy of PUBLIC target method, visibility will be upgraded.
[02Sep2026 19:43:30.627] [Worker-Main-5/ERROR] [net.minecraft.tags.TagLoader/]: Couldn't load tag ctov:wares/cardboard_box as it is missing following references: wares:cardboard_box (from [forge]ctov-3.4.14.jar)
[02Sep2026 19:43:30.637] [Worker-Main-5/ERROR] [net.minecraft.tags.TagLoader/]: Couldn't load tag svmod:twilightforest_vampire_consumables as it is missing following references: twilightforest:meef_stroganoff (from simple_occultism_mod-1.0.0-forge-1.20.1.jar)
[02Sep2026 19:43:30.640] [Worker-Main-5/ERROR] [net.minecraft.tags.TagLoader/]: Couldn't load tag svmod:sleepyhollows_vampire_consumables as it is missing following references: sleepy_hollows:luminous_water (from simple_occultism_mod-1.0.0-forge-1.20.1.jar), 
	sleepy_hollows:splash_luminous_water (from simple_occultism_mod-1.0.0-forge-1.20.1.jar)
[02Sep2026 19:43:30.640] [Worker-Main-5/ERROR] [net.minecraft.tags.TagLoader/]: Couldn't load tag svmod:smith_amulet_blacklist_simpleguns as it is missing following references: simple_guns_mod:item_sg_musket (from simple_occultism_mod-1.0.0-forge-1.20.1.jar), 
	simple_guns_mod:item_sg_musket_1 (from simple_occultism_mod-1.0.0-forge-1.20.1.jar), 
	simple_guns_mod:item_sg_pepperbox (from simple_occultism_mod-1.0.0-forge-1.20.1.jar), 
	simple_guns_mod:item_sg_pepperbox_1 (from simple_occultism_mod-1.0.0-forge-1.20.1.jar), 
	simple_guns_mod:item_sg_pepperbox_2 (from simple_occultism_mod-1.0.0-forge-1.20.1.jar), 
	simple_guns_mod:item_sg_pepperbox_3 (from simple_occultism_mod-1.0.0-forge-1.20.1.jar), 
	simple_guns_mod:item_sg_pepperbox_4 (from simple_occultism_mod-1.0.0-forge-1.20.1.jar), 
	simple_guns_mod:item_sg_pepperbox_5 (from simple_occultism_mod-1.0.0-forge-1.20.1.jar), 
	simple_guns_mod:item_sg_pepperbox_6 (from simple_occultism_mod-1.0.0-forge-1.20.1.jar), 
	simple_guns_mod:item_sg_revolver (from simple_occultism_mod-1.0.0-forge-1.20.1.jar), 
	simple_guns_mod:item_sg_revolver_1 (from simple_occultism_mod-1.0.0-forge-1.20.1.jar), 
	simple_guns_mod:item_sg_revolver_2 (from simple_occultism_mod-1.0.0-forge-1.20.1.jar), 
	simple_guns_mod:item_sg_revolver_3 (from simple_occultism_mod-1.0.0-forge-1.20.1.jar), 
	simple_guns_mod:item_sg_revolver_4 (from simple_occultism_mod-1.0.0-forge-1.20.1.jar), 
	simple_guns_mod:item_sg_revolver_5 (from simple_occultism_mod-1.0.0-forge-1.20.1.jar), 
	simple_guns_mod:item_sg_revolver_6 (from simple_occultism_mod-1.0.0-forge-1.20.1.jar), 
	simple_guns_mod:item_sg_pistol (from simple_occultism_mod-1.0.0-forge-1.20.1.jar), 
	simple_guns_mod:item_sg_pistol_1 (from simple_occultism_mod-1.0.0-forge-1.20.1.jar), 
	simple_guns_mod:item_sg_wall_gun (from simple_occultism_mod-1.0.0-forge-1.20.1.jar), 
	simple_guns_mod:item_sg_wall_gun_1 (from simple_occultism_mod-1.0.0-forge-1.20.1.jar), 
	simple_guns_mod:item_sg_musketoon (from simple_occultism_mod-1.0.0-forge-1.20.1.jar), 
	simple_guns_mod:item_sg_musketoon_1 (from simple_occultism_mod-1.0.0-forge-1.20.1.jar), 
	simple_guns_mod:item_sg_shotgun (from simple_occultism_mod-1.0.0-forge-1.20.1.jar), 
	simple_guns_mod:item_sg_shotgun_1 (from simple_occultism_mod-1.0.0-forge-1.20.1.jar), 
	simple_guns_mod:item_sg_shotgun_2 (from simple_occultism_mod-1.0.0-forge-1.20.1.jar), 
	simple_guns_mod:item_sg_shotgun_sawed (from simple_occultism_mod-1.0.0-forge-1.20.1.jar), 
	simple_guns_mod:item_sg_shotgun_sawed_1 (from simple_occultism_mod-1.0.0-forge-1.20.1.jar), 
	simple_guns_mod:item_sg_shotgun_sawed_2 (from simple_occultism_mod-1.0.0-forge-1.20.1.jar), 
	simple_guns_mod:item_sg_revolver_carbine (from simple_occultism_mod-1.0.0-forge-1.20.1.jar), 
	simple_guns_mod:item_sg_revolver_carbine_1 (from simple_occultism_mod-1.0.0-forge-1.20.1.jar), 
	simple_guns_mod:item_sg_revolver_carbine_2 (from simple_occultism_mod-1.0.0-forge-1.20.1.jar), 
	simple_guns_mod:item_sg_revolver_carbine_3 (from simple_occultism_mod-1.0.0-forge-1.20.1.jar), 
	simple_guns_mod:item_sg_revolver_carbine_4 (from simple_occultism_mod-1.0.0-forge-1.20.1.jar), 
	simple_guns_mod:item_sg_revolver_carbine_5 (from simple_occultism_mod-1.0.0-forge-1.20.1.jar), 
	simple_guns_mod:item_sg_revolver_carbine_6 (from simple_occultism_mod-1.0.0-forge-1.20.1.jar), 
	simple_guns_mod:item_sg_hand_mortar (from simple_occultism_mod-1.0.0-forge-1.20.1.jar), 
	simple_guns_mod:item_sg_hand_mortar_1 (from simple_occultism_mod-1.0.0-forge-1.20.1.jar), 
	simple_guns_mod:item_sg_cartridge_revolver (from simple_occultism_mod-1.0.0-forge-1.20.1.jar), 
	simple_guns_mod:item_sg_machine_gun (from simple_occultism_mod-1.0.0-forge-1.20.1.jar), 
	simple_guns_mod:item_sg_cartridge_revolver_carbine (from simple_occultism_mod-1.0.0-forge-1.20.1.jar), 
	simple_guns_mod:item_sg_bolt_action_rifle (from simple_occultism_mod-1.0.0-forge-1.20.1.jar), 
	simple_guns_mod:item_sg_lever_action_rifle (from simple_occultism_mod-1.0.0-forge-1.20.1.jar), 
	simple_guns_mod:item_sg_rocket_launcher (from simple_occultism_mod-1.0.0-forge-1.20.1.jar), 
	simple_guns_mod:item_sg_derringer (from simple_occultism_mod-1.0.0-forge-1.20.1.jar), 
	simple_guns_mod:item_sg_breech_loading_rifle (from simple_occultism_mod-1.0.0-forge-1.20.1.jar), 
	simple_guns_mod:item_sg_breech_loading_pistol (from simple_occultism_mod-1.0.0-forge-1.20.1.jar), 
	simple_guns_mod:item_sg_buffalo_gun (from simple_occultism_mod-1.0.0-forge-1.20.1.jar), 
	simple_guns_mod:item_sg_elephant_gun (from simple_occultism_mod-1.0.0-forge-1.20.1.jar), 
	simple_guns_mod:item_sg_break_action_shotgun (from simple_occultism_mod-1.0.0-forge-1.20.1.jar), 
	simple_guns_mod:item_sg_break_action_shotgun_sawed (from simple_occultism_mod-1.0.0-forge-1.20.1.jar), 
	simple_guns_mod:item_sg_lever_action_shotgun (from simple_occultism_mod-1.0.0-forge-1.20.1.jar), 
	simple_guns_mod:item_sg_pump_action_shotgun (from simple_occultism_mod-1.0.0-forge-1.20.1.jar), 
	simple_guns_mod:item_sg_machine_rifle (from simple_occultism_mod-1.0.0-forge-1.20.1.jar), 
	simple_guns_mod:item_sg_light_machine_rifle (from simple_occultism_mod-1.0.0-forge-1.20.1.jar), 
	simple_guns_mod:item_sg_magnum_revolver (from simple_occultism_mod-1.0.0-forge-1.20.1.jar), 
	simple_guns_mod:item_sg_magnum_revolver_shiny (from simple_occultism_mod-1.0.0-forge-1.20.1.jar), 
	simple_guns_mod:item_sg_self_loading_pistol (from simple_occultism_mod-1.0.0-forge-1.20.1.jar), 
	simple_guns_mod:item_sg_self_loading_pistol_shiny (from simple_occultism_mod-1.0.0-forge-1.20.1.jar), 
	simple_guns_mod:item_sg_self_loading_rifle (from simple_occultism_mod-1.0.0-forge-1.20.1.jar), 
	simple_guns_mod:item_sg_self_loading_shotgun (from simple_occultism_mod-1.0.0-forge-1.20.1.jar), 
	simple_guns_mod:item_sg_anti_tank_rifle (from simple_occultism_mod-1.0.0-forge-1.20.1.jar), 
	simple_guns_mod:item_sg_recoilless_rifle (from simple_occultism_mod-1.0.0-forge-1.20.1.jar), 
	simple_guns_mod:item_sg_automatic_cannon (from simple_occultism_mod-1.0.0-forge-1.20.1.jar), 
	simple_guns_mod:machine_carbine (from simple_occultism_mod-1.0.0-forge-1.20.1.jar)
[02Sep2026 19:43:30.648] [Worker-Main-5/ERROR] [net.minecraft.tags.TagLoader/]: Couldn't load tag svmod:hexerei_vampire_consumables as it is missing following references: hexerei:blood_bottle (from simple_occultism_mod-1.0.0-forge-1.20.1.jar)
[02Sep2026 19:43:30.651] [Worker-Main-5/ERROR] [net.minecraft.tags.TagLoader/]: Couldn't load tag svmod:reliquary_silver_weapons as it is missing following references: reliquary:mercy_cross (from simple_occultism_mod-1.0.0-forge-1.20.1.jar)
[02Sep2026 19:43:30.656] [Worker-Main-5/ERROR] [net.minecraft.tags.TagLoader/]: Couldn't load tag ctov:wares/sealed_delivery_agreement as it is missing following references: wares:sealed_delivery_agreement (from [forge]ctov-3.4.14.jar)
[02Sep2026 19:43:30.657] [Worker-Main-5/ERROR] [net.minecraft.tags.TagLoader/]: Couldn't load tag svmod:bicfc_vampire_consumables as it is missing following references: born_in_chaos_fc:spirit_in_a_bottle (from simple_occultism_mod-1.0.0-forge-1.20.1.jar)
[02Sep2026 19:43:30.657] [Worker-Main-5/ERROR] [net.minecraft.tags.TagLoader/]: Couldn't load tag svmod:butchery_vampire_consumables as it is missing following references: butcher:bloodbottle (from simple_occultism_mod-1.0.0-forge-1.20.1.jar)
[02Sep2026 19:43:30.956] [Worker-Main-3/ERROR] [net.minecraft.server.packs.resources.SimpleJsonResourceReloadListener/]: Couldn't parse data file gtbcs_geomancy_plus:chests/test from gtbcs_geomancy_plus:loot_tables/chests/test.json
com.google.gson.JsonParseException: java.io.EOFException: End of input at line 1 column 1 path $
	at net.minecraft.util.GsonHelper.m_13780_(GsonHelper.java:526) ~[server-1.20.1-20230612.114412-srg.jar%23413!/:?]
	at net.minecraft.util.GsonHelper.m_263475_(GsonHelper.java:531) ~[server-1.20.1-20230612.114412-srg.jar%23413!/:?]
	at net.minecraft.util.GsonHelper.m_13776_(GsonHelper.java:581) ~[server-1.20.1-20230612.114412-srg.jar%23413!/:?]
	at net.minecraft.server.packs.resources.SimpleJsonResourceReloadListener.m_278771_(SimpleJsonResourceReloadListener.java:41) ~[server-1.20.1-20230612.114412-srg.jar%23413!/:?]
	at net.minecraft.world.level.storage.loot.LootDataManager.m_278660_(LootDataManager.java:54) ~[server-1.20.1-20230612.114412-srg.jar%23413!/:?]
	at java.util.concurrent.CompletableFuture$AsyncRun.run(CompletableFuture.java:1804) ~[?:?]
	at java.util.concurrent.CompletableFuture$AsyncRun.exec(CompletableFuture.java:1796) ~[?:?]
	at java.util.concurrent.ForkJoinTask.doExec(ForkJoinTask.java:373) ~[?:?]
	at java.util.concurrent.ForkJoinPool$WorkQueue.topLevelExec(ForkJoinPool.java:1182) ~[?:?]
	at java.util.concurrent.ForkJoinPool.scan(ForkJoinPool.java:1655) ~[?:?]
	at java.util.concurrent.ForkJoinPool.runWorker(ForkJoinPool.java:1622) ~[?:?]
	at java.util.concurrent.ForkJoinWorkerThread.run(ForkJoinWorkerThread.java:165) ~[?:?]
Caused by: java.io.EOFException: End of input at line 1 column 1 path $
	at com.google.gson.stream.JsonReader.nextNonWhitespace(JsonReader.java:1455) ~[gson-2.10.jar%2372!/:?]
	at com.google.gson.stream.JsonReader.doPeek(JsonReader.java:558) ~[gson-2.10.jar%2372!/:?]
	at com.google.gson.stream.JsonReader.peek(JsonReader.java:433) ~[gson-2.10.jar%2372!/:?]
	at com.google.gson.internal.bind.TypeAdapters$28.read(TypeAdapters.java:769) ~[gson-2.10.jar%2372!/:?]
	at com.google.gson.internal.bind.TypeAdapters$28.read(TypeAdapters.java:725) ~[gson-2.10.jar%2372!/:?]
	at com.google.gson.internal.bind.TypeAdapters$34$1.read(TypeAdapters.java:1007) ~[gson-2.10.jar%2372!/:?]
	at net.minecraft.util.GsonHelper.m_13780_(GsonHelper.java:524) ~[server-1.20.1-20230612.114412-srg.jar%23413!/:?]
	... 11 more
[02Sep2026 19:43:31.226] [Worker-Main-5/ERROR] [net.minecraft.server.packs.resources.SimpleJsonResourceReloadListener/]: Couldn't parse data file l2weaponry:weapons/cloggrum_battle_axe from l2weaponry:capabilities/weapons/cloggrum_battle_axe.json
com.google.gson.JsonParseException: java.io.EOFException: End of input at line 1 column 1 path $
	at net.minecraft.util.GsonHelper.m_13780_(GsonHelper.java:526) ~[server-1.20.1-20230612.114412-srg.jar%23413!/:?]
	at net.minecraft.util.GsonHelper.m_263475_(GsonHelper.java:531) ~[server-1.20.1-20230612.114412-srg.jar%23413!/:?]
	at net.minecraft.util.GsonHelper.m_13776_(GsonHelper.java:581) ~[server-1.20.1-20230612.114412-srg.jar%23413!/:?]
	at net.minecraft.server.packs.resources.SimpleJsonResourceReloadListener.m_278771_(SimpleJsonResourceReloadListener.java:41) ~[server-1.20.1-20230612.114412-srg.jar%23413!/:?]
	at net.minecraft.server.packs.resources.SimpleJsonResourceReloadListener.m_5944_(SimpleJsonResourceReloadListener.java:29) ~[server-1.20.1-20230612.114412-srg.jar%23413!/:?]
	at yesman.epicfight.api.data.reloader.ItemCapabilityReloadListener.m_5944_(ItemCapabilityReloadListener.java:66) ~[epic-fight-20.14.17-mc1.20.1-forge.jar%23305!/:?]
	at yesman.epicfight.api.data.reloader.ItemCapabilityReloadListener.m_5944_(ItemCapabilityReloadListener.java:51) ~[epic-fight-20.14.17-mc1.20.1-forge.jar%23305!/:?]
	at net.minecraft.server.packs.resources.SimplePreparableReloadListener.m_10786_(SimplePreparableReloadListener.java:11) ~[server-1.20.1-20230612.114412-srg.jar%23413!/:?]
	at java.util.concurrent.CompletableFuture$AsyncSupply.run(CompletableFuture.java:1768) ~[?:?]
	at java.util.concurrent.CompletableFuture$AsyncSupply.exec(CompletableFuture.java:1760) ~[?:?]
	at java.util.concurrent.ForkJoinTask.doExec(ForkJoinTask.java:373) ~[?:?]
	at java.util.concurrent.ForkJoinPool$WorkQueue.topLevelExec(ForkJoinPool.java:1182) ~[?:?]
	at java.util.concurrent.ForkJoinPool.scan(ForkJoinPool.java:1655) ~[?:?]
	at java.util.concurrent.ForkJoinPool.runWorker(ForkJoinPool.java:1622) ~[?:?]
	at java.util.concurrent.ForkJoinWorkerThread.run(ForkJoinWorkerThread.java:165) ~[?:?]
Caused by: java.io.EOFException: End of input at line 1 column 1 path $
	at com.google.gson.stream.JsonReader.nextNonWhitespace(JsonReader.java:1455) ~[gson-2.10.jar%2372!/:?]
	at com.google.gson.stream.JsonReader.doPeek(JsonReader.java:558) ~[gson-2.10.jar%2372!/:?]
	at com.google.gson.stream.JsonReader.peek(JsonReader.java:433) ~[gson-2.10.jar%2372!/:?]
	at com.google.gson.internal.bind.TypeAdapters$28.read(TypeAdapters.java:769) ~[gson-2.10.jar%2372!/:?]
	at com.google.gson.internal.bind.TypeAdapters$28.read(TypeAdapters.java:725) ~[gson-2.10.jar%2372!/:?]
	at com.google.gson.internal.bind.TypeAdapters$34$1.read(TypeAdapters.java:1007) ~[gson-2.10.jar%2372!/:?]
	at net.minecraft.util.GsonHelper.m_13780_(GsonHelper.java:524) ~[server-1.20.1-20230612.114412-srg.jar%23413!/:?]
	... 14 more
[02Sep2026 19:43:31.228] [Worker-Main-5/ERROR] [net.minecraft.server.packs.resources.SimpleJsonResourceReloadListener/]: Couldn't parse data file l2weaponry:weapons/cloggrum_dagger from l2weaponry:capabilities/weapons/cloggrum_dagger.json
com.google.gson.JsonParseException: java.io.EOFException: End of input at line 1 column 1 path $
	at net.minecraft.util.GsonHelper.m_13780_(GsonHelper.java:526) ~[server-1.20.1-20230612.114412-srg.jar%23413!/:?]
	at net.minecraft.util.GsonHelper.m_263475_(GsonHelper.java:531) ~[server-1.20.1-20230612.114412-srg.jar%23413!/:?]
	at net.minecraft.util.GsonHelper.m_13776_(GsonHelper.java:581) ~[server-1.20.1-20230612.114412-srg.jar%23413!/:?]
	at net.minecraft.server.packs.resources.SimpleJsonResourceReloadListener.m_278771_(SimpleJsonResourceReloadListener.java:41) ~[server-1.20.1-20230612.114412-srg.jar%23413!/:?]
	at net.minecraft.server.packs.resources.SimpleJsonResourceReloadListener.m_5944_(SimpleJsonResourceReloadListener.java:29) ~[server-1.20.1-20230612.114412-srg.jar%23413!/:?]
	at yesman.epicfight.api.data.reloader.ItemCapabilityReloadListener.m_5944_(ItemCapabilityReloadListener.java:66) ~[epic-fight-20.14.17-mc1.20.1-forge.jar%23305!/:?]
	at yesman.epicfight.api.data.reloader.ItemCapabilityReloadListener.m_5944_(ItemCapabilityReloadListener.java:51) ~[epic-fight-20.14.17-mc1.20.1-forge.jar%23305!/:?]
	at net.minecraft.server.packs.resources.SimplePreparableReloadListener.m_10786_(SimplePreparableReloadListener.java:11) ~[server-1.20.1-20230612.114412-srg.jar%23413!/:?]
	at java.util.concurrent.CompletableFuture$AsyncSupply.run(CompletableFuture.java:1768) ~[?:?]
	at java.util.concurrent.CompletableFuture$AsyncSupply.exec(CompletableFuture.java:1760) ~[?:?]
	at java.util.concurrent.ForkJoinTask.doExec(ForkJoinTask.java:373) ~[?:?]
	at java.util.concurrent.ForkJoinPool$WorkQueue.topLevelExec(ForkJoinPool.java:1182) ~[?:?]
	at java.util.concurrent.ForkJoinPool.scan(ForkJoinPool.java:1655) ~[?:?]
	at java.util.concurrent.ForkJoinPool.runWorker(ForkJoinPool.java:1622) ~[?:?]
	at java.util.concurrent.ForkJoinWorkerThread.run(ForkJoinWorkerThread.java:165) ~[?:?]
Caused by: java.io.EOFException: End of input at line 1 column 1 path $
	at com.google.gson.stream.JsonReader.nextNonWhitespace(JsonReader.java:1455) ~[gson-2.10.jar%2372!/:?]
	at com.google.gson.stream.JsonReader.doPeek(JsonReader.java:558) ~[gson-2.10.jar%2372!/:?]
	at com.google.gson.stream.JsonReader.peek(JsonReader.java:433) ~[gson-2.10.jar%2372!/:?]
	at com.google.gson.internal.bind.TypeAdapters$28.read(TypeAdapters.java:769) ~[gson-2.10.jar%2372!/:?]
	at com.google.gson.internal.bind.TypeAdapters$28.read(TypeAdapters.java:725) ~[gson-2.10.jar%2372!/:?]
	at com.google.gson.internal.bind.TypeAdapters$34$1.read(TypeAdapters.java:1007) ~[gson-2.10.jar%2372!/:?]
	at net.minecraft.util.GsonHelper.m_13780_(GsonHelper.java:524) ~[server-1.20.1-20230612.114412-srg.jar%23413!/:?]
	... 14 more
[02Sep2026 19:43:31.231] [Worker-Main-5/ERROR] [net.minecraft.server.packs.resources.SimpleJsonResourceReloadListener/]: Couldn't parse data file l2weaponry:weapons/cloggrum_hammer from l2weaponry:capabilities/weapons/cloggrum_hammer.json
com.google.gson.JsonParseException: java.io.EOFException: End of input at line 1 column 1 path $
	at net.minecraft.util.GsonHelper.m_13780_(GsonHelper.java:526) ~[server-1.20.1-20230612.114412-srg.jar%23413!/:?]
	at net.minecraft.util.GsonHelper.m_263475_(GsonHelper.java:531) ~[server-1.20.1-20230612.114412-srg.jar%23413!/:?]
	at net.minecraft.util.GsonHelper.m_13776_(GsonHelper.java:581) ~[server-1.20.1-20230612.114412-srg.jar%23413!/:?]
	at net.minecraft.server.packs.resources.SimpleJsonResourceReloadListener.m_278771_(SimpleJsonResourceReloadListener.java:41) ~[server-1.20.1-20230612.114412-srg.jar%23413!/:?]
	at net.minecraft.server.packs.resources.SimpleJsonResourceReloadListener.m_5944_(SimpleJsonResourceReloadListener.java:29) ~[server-1.20.1-20230612.114412-srg.jar%23413!/:?]
	at yesman.epicfight.api.data.reloader.ItemCapabilityReloadListener.m_5944_(ItemCapabilityReloadListener.java:66) ~[epic-fight-20.14.17-mc1.20.1-forge.jar%23305!/:?]
	at yesman.epicfight.api.data.reloader.ItemCapabilityReloadListener.m_5944_(ItemCapabilityReloadListener.java:51) ~[epic-fight-20.14.17-mc1.20.1-forge.jar%23305!/:?]
	at net.minecraft.server.packs.resources.SimplePreparableReloadListener.m_10786_(SimplePreparableReloadListener.java:11) ~[server-1.20.1-20230612.114412-srg.jar%23413!/:?]
	at java.util.concurrent.CompletableFuture$AsyncSupply.run(CompletableFuture.java:1768) ~[?:?]
	at java.util.concurrent.CompletableFuture$AsyncSupply.exec(CompletableFuture.java:1760) ~[?:?]
	at java.util.concurrent.ForkJoinTask.doExec(ForkJoinTask.java:373) ~[?:?]
	at java.util.concurrent.ForkJoinPool$WorkQueue.topLevelExec(ForkJoinPool.java:1182) ~[?:?]
	at java.util.concurrent.ForkJoinPool.scan(ForkJoinPool.java:1655) ~[?:?]
	at java.util.concurrent.ForkJoinPool.runWorker(ForkJoinPool.java:1622) ~[?:?]
	at java.util.concurrent.ForkJoinWorkerThread.run(ForkJoinWorkerThread.java:165) ~[?:?]
Caused by: java.io.EOFException: End of input at line 1 column 1 path $
	at com.google.gson.stream.JsonReader.nextNonWhitespace(JsonReader.java:1455) ~[gson-2.10.jar%2372!/:?]
	at com.google.gson.stream.JsonReader.doPeek(JsonReader.java:558) ~[gson-2.10.jar%2372!/:?]
	at com.google.gson.stream.JsonReader.peek(JsonReader.java:433) ~[gson-2.10.jar%2372!/:?]
	at com.google.gson.internal.bind.TypeAdapters$28.read(TypeAdapters.java:769) ~[gson-2.10.jar%2372!/:?]
	at com.google.gson.internal.bind.TypeAdapters$28.read(TypeAdapters.java:725) ~[gson-2.10.jar%2372!/:?]
	at com.google.gson.internal.bind.TypeAdapters$34$1.read(TypeAdapters.java:1007) ~[gson-2.10.jar%2372!/:?]
	at net.minecraft.util.GsonHelper.m_13780_(GsonHelper.java:524) ~[server-1.20.1-20230612.114412-srg.jar%23413!/:?]
	... 14 more
[02Sep2026 19:43:31.232] [Worker-Main-5/ERROR] [net.minecraft.server.packs.resources.SimpleJsonResourceReloadListener/]: Couldn't parse data file l2weaponry:weapons/cloggrum_javelin from l2weaponry:capabilities/weapons/cloggrum_javelin.json
com.google.gson.JsonParseException: java.io.EOFException: End of input at line 1 column 1 path $
	at net.minecraft.util.GsonHelper.m_13780_(GsonHelper.java:526) ~[server-1.20.1-20230612.114412-srg.jar%23413!/:?]
	at net.minecraft.util.GsonHelper.m_263475_(GsonHelper.java:531) ~[server-1.20.1-20230612.114412-srg.jar%23413!/:?]
	at net.minecraft.util.GsonHelper.m_13776_(GsonHelper.java:581) ~[server-1.20.1-20230612.114412-srg.jar%23413!/:?]
	at net.minecraft.server.packs.resources.SimpleJsonResourceReloadListener.m_278771_(SimpleJsonResourceReloadListener.java:41) ~[server-1.20.1-20230612.114412-srg.jar%23413!/:?]
	at net.minecraft.server.packs.resources.SimpleJsonResourceReloadListener.m_5944_(SimpleJsonResourceReloadListener.java:29) ~[server-1.20.1-20230612.114412-srg.jar%23413!/:?]
	at yesman.epicfight.api.data.reloader.ItemCapabilityReloadListener.m_5944_(ItemCapabilityReloadListener.java:66) ~[epic-fight-20.14.17-mc1.20.1-forge.jar%23305!/:?]
	at yesman.epicfight.api.data.reloader.ItemCapabilityReloadListener.m_5944_(ItemCapabilityReloadListener.java:51) ~[epic-fight-20.14.17-mc1.20.1-forge.jar%23305!/:?]
	at net.minecraft.server.packs.resources.SimplePreparableReloadListener.m_10786_(SimplePreparableReloadListener.java:11) ~[server-1.20.1-20230612.114412-srg.jar%23413!/:?]
	at java.util.concurrent.CompletableFuture$AsyncSupply.run(CompletableFuture.java:1768) ~[?:?]
	at java.util.concurrent.CompletableFuture$AsyncSupply.exec(CompletableFuture.java:1760) ~[?:?]
	at java.util.concurrent.ForkJoinTask.doExec(ForkJoinTask.java:373) ~[?:?]
	at java.util.concurrent.ForkJoinPool$WorkQueue.topLevelExec(ForkJoinPool.java:1182) ~[?:?]
	at java.util.concurrent.ForkJoinPool.scan(ForkJoinPool.java:1655) ~[?:?]
	at java.util.concurrent.ForkJoinPool.runWorker(ForkJoinPool.java:1622) ~[?:?]
	at java.util.concurrent.ForkJoinWorkerThread.run(ForkJoinWorkerThread.java:165) ~[?:?]
Caused by: java.io.EOFException: End of input at line 1 column 1 path $
	at com.google.gson.stream.JsonReader.nextNonWhitespace(JsonReader.java:1455) ~[gson-2.10.jar%2372!/:?]
	at com.google.gson.stream.JsonReader.doPeek(JsonReader.java:558) ~[gson-2.10.jar%2372!/:?]
	at com.google.gson.stream.JsonReader.peek(JsonReader.java:433) ~[gson-2.10.jar%2372!/:?]
	at com.google.gson.internal.bind.TypeAdapters$28.read(TypeAdapters.java:769) ~[gson-2.10.jar%2372!/:?]
	at com.google.gson.internal.bind.TypeAdapters$28.read(TypeAdapters.java:725) ~[gson-2.10.jar%2372!/:?]
	at com.google.gson.internal.bind.TypeAdapters$34$1.read(TypeAdapters.java:1007) ~[gson-2.10.jar%2372!/:?]
	at net.minecraft.util.GsonHelper.m_13780_(GsonHelper.java:524) ~[server-1.20.1-20230612.114412-srg.jar%23413!/:?]
	... 14 more
[02Sep2026 19:43:31.234] [Worker-Main-5/ERROR] [net.minecraft.server.packs.resources.SimpleJsonResourceReloadListener/]: Couldn't parse data file l2weaponry:weapons/cloggrum_machete from l2weaponry:capabilities/weapons/cloggrum_machete.json
com.google.gson.JsonParseException: java.io.EOFException: End of input at line 1 column 1 path $
	at net.minecraft.util.GsonHelper.m_13780_(GsonHelper.java:526) ~[server-1.20.1-20230612.114412-srg.jar%23413!/:?]
	at net.minecraft.util.GsonHelper.m_263475_(GsonHelper.java:531) ~[server-1.20.1-20230612.114412-srg.jar%23413!/:?]
	at net.minecraft.util.GsonHelper.m_13776_(GsonHelper.java:581) ~[server-1.20.1-20230612.114412-srg.jar%23413!/:?]
	at net.minecraft.server.packs.resources.SimpleJsonResourceReloadListener.m_278771_(SimpleJsonResourceReloadListener.java:41) ~[server-1.20.1-20230612.114412-srg.jar%23413!/:?]
	at net.minecraft.server.packs.resources.SimpleJsonResourceReloadListener.m_5944_(SimpleJsonResourceReloadListener.java:29) ~[server-1.20.1-20230612.114412-srg.jar%23413!/:?]
	at yesman.epicfight.api.data.reloader.ItemCapabilityReloadListener.m_5944_(ItemCapabilityReloadListener.java:66) ~[epic-fight-20.14.17-mc1.20.1-forge.jar%23305!/:?]
	at yesman.epicfight.api.data.reloader.ItemCapabilityReloadListener.m_5944_(ItemCapabilityReloadListener.java:51) ~[epic-fight-20.14.17-mc1.20.1-forge.jar%23305!/:?]
	at net.minecraft.server.packs.resources.SimplePreparableReloadListener.m_10786_(SimplePreparableReloadListener.java:11) ~[server-1.20.1-20230612.114412-srg.jar%23413!/:?]
	at java.util.concurrent.CompletableFuture$AsyncSupply.run(CompletableFuture.java:1768) ~[?:?]
	at java.util.concurrent.CompletableFuture$AsyncSupply.exec(CompletableFuture.java:1760) ~[?:?]
	at java.util.concurrent.ForkJoinTask.doExec(ForkJoinTask.java:373) ~[?:?]
	at java.util.concurrent.ForkJoinPool$WorkQueue.topLevelExec(ForkJoinPool.java:1182) ~[?:?]
	at java.util.concurrent.ForkJoinPool.scan(ForkJoinPool.java:1655) ~[?:?]
	at java.util.concurrent.ForkJoinPool.runWorker(ForkJoinPool.java:1622) ~[?:?]
	at java.util.concurrent.ForkJoinWorkerThread.run(ForkJoinWorkerThread.java:165) ~[?:?]
Caused by: java.io.EOFException: End of input at line 1 column 1 path $
	at com.google.gson.stream.JsonReader.nextNonWhitespace(JsonReader.java:1455) ~[gson-2.10.jar%2372!/:?]
	at com.google.gson.stream.JsonReader.doPeek(JsonReader.java:558) ~[gson-2.10.jar%2372!/:?]
	at com.google.gson.stream.JsonReader.peek(JsonReader.java:433) ~[gson-2.10.jar%2372!/:?]
	at com.google.gson.internal.bind.TypeAdapters$28.read(TypeAdapters.java:769) ~[gson-2.10.jar%2372!/:?]
	at com.google.gson.internal.bind.TypeAdapters$28.read(TypeAdapters.java:725) ~[gson-2.10.jar%2372!/:?]
	at com.google.gson.internal.bind.TypeAdapters$34$1.read(TypeAdapters.java:1007) ~[gson-2.10.jar%2372!/:?]
	at net.minecraft.util.GsonHelper.m_13780_(GsonHelper.java:524) ~[server-1.20.1-20230612.114412-srg.jar%23413!/:?]
	... 14 more
[02Sep2026 19:43:31.238] [Worker-Main-5/ERROR] [net.minecraft.server.packs.resources.SimpleJsonResourceReloadListener/]: Couldn't parse data file l2weaponry:weapons/cloggrum_nunchaku from l2weaponry:capabilities/weapons/cloggrum_nunchaku.json
com.google.gson.JsonParseException: java.io.EOFException: End of input at line 1 column 1 path $
	at net.minecraft.util.GsonHelper.m_13780_(GsonHelper.java:526) ~[server-1.20.1-20230612.114412-srg.jar%23413!/:?]
	at net.minecraft.util.GsonHelper.m_263475_(GsonHelper.java:531) ~[server-1.20.1-20230612.114412-srg.jar%23413!/:?]
	at net.minecraft.util.GsonHelper.m_13776_(GsonHelper.java:581) ~[server-1.20.1-20230612.114412-srg.jar%23413!/:?]
	at net.minecraft.server.packs.resources.SimpleJsonResourceReloadListener.m_278771_(SimpleJsonResourceReloadListener.java:41) ~[server-1.20.1-20230612.114412-srg.jar%23413!/:?]
	at net.minecraft.server.packs.resources.SimpleJsonResourceReloadListener.m_5944_(SimpleJsonResourceReloadListener.java:29) ~[server-1.20.1-20230612.114412-srg.jar%23413!/:?]
	at yesman.epicfight.api.data.reloader.ItemCapabilityReloadListener.m_5944_(ItemCapabilityReloadListener.java:66) ~[epic-fight-20.14.17-mc1.20.1-forge.jar%23305!/:?]
	at yesman.epicfight.api.data.reloader.ItemCapabilityReloadListener.m_5944_(ItemCapabilityReloadListener.java:51) ~[epic-fight-20.14.17-mc1.20.1-forge.jar%23305!/:?]
	at net.minecraft.server.packs.resources.SimplePreparableReloadListener.m_10786_(SimplePreparableReloadListener.java:11) ~[server-1.20.1-20230612.114412-srg.jar%23413!/:?]
	at java.util.concurrent.CompletableFuture$AsyncSupply.run(CompletableFuture.java:1768) ~[?:?]
	at java.util.concurrent.CompletableFuture$AsyncSupply.exec(CompletableFuture.java:1760) ~[?:?]
	at java.util.concurrent.ForkJoinTask.doExec(ForkJoinTask.java:373) ~[?:?]
	at java.util.concurrent.ForkJoinPool$WorkQueue.topLevelExec(ForkJoinPool.java:1182) ~[?:?]
	at java.util.concurrent.ForkJoinPool.scan(ForkJoinPool.java:1655) ~[?:?]
	at java.util.concurrent.ForkJoinPool.runWorker(ForkJoinPool.java:1622) ~[?:?]
	at java.util.concurrent.ForkJoinWorkerThread.run(ForkJoinWorkerThread.java:165) ~[?:?]
Caused by: java.io.EOFException: End of input at line 1 column 1 path $
	at com.google.gson.stream.JsonReader.nextNonWhitespace(JsonReader.java:1455) ~[gson-2.10.jar%2372!/:?]
	at com.google.gson.stream.JsonReader.doPeek(JsonReader.java:558) ~[gson-2.10.jar%2372!/:?]
	at com.google.gson.stream.JsonReader.peek(JsonReader.java:433) ~[gson-2.10.jar%2372!/:?]
	at com.google.gson.internal.bind.TypeAdapters$28.read(TypeAdapters.java:769) ~[gson-2.10.jar%2372!/:?]
	at com.google.gson.internal.bind.TypeAdapters$28.read(TypeAdapters.java:725) ~[gson-2.10.jar%2372!/:?]
	at com.google.gson.internal.bind.TypeAdapters$34$1.read(TypeAdapters.java:1007) ~[gson-2.10.jar%2372!/:?]
	at net.minecraft.util.GsonHelper.m_13780_(GsonHelper.java:524) ~[server-1.20.1-20230612.114412-srg.jar%23413!/:?]
	... 14 more
[02Sep2026 19:43:31.239] [Worker-Main-5/ERROR] [net.minecraft.server.packs.resources.SimpleJsonResourceReloadListener/]: Couldn't parse data file l2weaponry:weapons/cloggrum_spear from l2weaponry:capabilities/weapons/cloggrum_spear.json
com.google.gson.JsonParseException: java.io.EOFException: End of input at line 1 column 1 path $
	at net.minecraft.util.GsonHelper.m_13780_(GsonHelper.java:526) ~[server-1.20.1-20230612.114412-srg.jar%23413!/:?]
	at net.minecraft.util.GsonHelper.m_263475_(GsonHelper.java:531) ~[server-1.20.1-20230612.114412-srg.jar%23413!/:?]
	at net.minecraft.util.GsonHelper.m_13776_(GsonHelper.java:581) ~[server-1.20.1-20230612.114412-srg.jar%23413!/:?]
	at net.minecraft.server.packs.resources.SimpleJsonResourceReloadListener.m_278771_(SimpleJsonResourceReloadListener.java:41) ~[server-1.20.1-20230612.114412-srg.jar%23413!/:?]
	at net.minecraft.server.packs.resources.SimpleJsonResourceReloadListener.m_5944_(SimpleJsonResourceReloadListener.java:29) ~[server-1.20.1-20230612.114412-srg.jar%23413!/:?]
	at yesman.epicfight.api.data.reloader.ItemCapabilityReloadListener.m_5944_(ItemCapabilityReloadListener.java:66) ~[epic-fight-20.14.17-mc1.20.1-forge.jar%23305!/:?]
	at yesman.epicfight.api.data.reloader.ItemCapabilityReloadListener.m_5944_(ItemCapabilityReloadListener.java:51) ~[epic-fight-20.14.17-mc1.20.1-forge.jar%23305!/:?]
	at net.minecraft.server.packs.resources.SimplePreparableReloadListener.m_10786_(SimplePreparableReloadListener.java:11) ~[server-1.20.1-20230612.114412-srg.jar%23413!/:?]
	at java.util.concurrent.CompletableFuture$AsyncSupply.run(CompletableFuture.java:1768) ~[?:?]
	at java.util.concurrent.CompletableFuture$AsyncSupply.exec(CompletableFuture.java:1760) ~[?:?]
	at java.util.concurrent.ForkJoinTask.doExec(ForkJoinTask.java:373) ~[?:?]
	at java.util.concurrent.ForkJoinPool$WorkQueue.topLevelExec(ForkJoinPool.java:1182) ~[?:?]
	at java.util.concurrent.ForkJoinPool.scan(ForkJoinPool.java:1655) ~[?:?]
	at java.util.concurrent.ForkJoinPool.runWorker(ForkJoinPool.java:1622) ~[?:?]
	at java.util.concurrent.ForkJoinWorkerThread.run(ForkJoinWorkerThread.java:165) ~[?:?]
Caused by: java.io.EOFException: End of input at line 1 column 1 path $
	at com.google.gson.stream.JsonReader.nextNonWhitespace(JsonReader.java:1455) ~[gson-2.10.jar%2372!/:?]
	at com.google.gson.stream.JsonReader.doPeek(JsonReader.java:558) ~[gson-2.10.jar%2372!/:?]
	at com.google.gson.stream.JsonReader.peek(JsonReader.java:433) ~[gson-2.10.jar%2372!/:?]
	at com.google.gson.internal.bind.TypeAdapters$28.read(TypeAdapters.java:769) ~[gson-2.10.jar%2372!/:?]
	at com.google.gson.internal.bind.TypeAdapters$28.read(TypeAdapters.java:725) ~[gson-2.10.jar%2372!/:?]
	at com.google.gson.internal.bind.TypeAdapters$34$1.read(TypeAdapters.java:1007) ~[gson-2.10.jar%2372!/:?]
	at net.minecraft.util.GsonHelper.m_13780_(GsonHelper.java:524) ~[server-1.20.1-20230612.114412-srg.jar%23413!/:?]
	... 14 more
[02Sep2026 19:43:31.240] [Worker-Main-5/ERROR] [net.minecraft.server.packs.resources.SimpleJsonResourceReloadListener/]: Couldn't parse data file l2weaponry:weapons/cloggrum_throwing_axe from l2weaponry:capabilities/weapons/cloggrum_throwing_axe.json
com.google.gson.JsonParseException: java.io.EOFException: End of input at line 1 column 1 path $
	at net.minecraft.util.GsonHelper.m_13780_(GsonHelper.java:526) ~[server-1.20.1-20230612.114412-srg.jar%23413!/:?]
	at net.minecraft.util.GsonHelper.m_263475_(GsonHelper.java:531) ~[server-1.20.1-20230612.114412-srg.jar%23413!/:?]
	at net.minecraft.util.GsonHelper.m_13776_(GsonHelper.java:581) ~[server-1.20.1-20230612.114412-srg.jar%23413!/:?]
	at net.minecraft.server.packs.resources.SimpleJsonResourceReloadListener.m_278771_(SimpleJsonResourceReloadListener.java:41) ~[server-1.20.1-20230612.114412-srg.jar%23413!/:?]
	at net.minecraft.server.packs.resources.SimpleJsonResourceReloadListener.m_5944_(SimpleJsonResourceReloadListener.java:29) ~[server-1.20.1-20230612.114412-srg.jar%23413!/:?]
	at yesman.epicfight.api.data.reloader.ItemCapabilityReloadListener.m_5944_(ItemCapabilityReloadListener.java:66) ~[epic-fight-20.14.17-mc1.20.1-forge.jar%23305!/:?]
	at yesman.epicfight.api.data.reloader.ItemCapabilityReloadListener.m_5944_(ItemCapabilityReloadListener.java:51) ~[epic-fight-20.14.17-mc1.20.1-forge.jar%23305!/:?]
	at net.minecraft.server.packs.resources.SimplePreparableReloadListener.m_10786_(SimplePreparableReloadListener.java:11) ~[server-1.20.1-20230612.114412-srg.jar%23413!/:?]
	at java.util.concurrent.CompletableFuture$AsyncSupply.run(CompletableFuture.java:1768) ~[?:?]
	at java.util.concurrent.CompletableFuture$AsyncSupply.exec(CompletableFuture.java:1760) ~[?:?]
	at java.util.concurrent.ForkJoinTask.doExec(ForkJoinTask.java:373) ~[?:?]
	at java.util.concurrent.ForkJoinPool$WorkQueue.topLevelExec(ForkJoinPool.java:1182) ~[?:?]
	at java.util.concurrent.ForkJoinPool.scan(ForkJoinPool.java:1655) ~[?:?]
	at java.util.concurrent.ForkJoinPool.runWorker(ForkJoinPool.java:1622) ~[?:?]
	at java.util.concurrent.ForkJoinWorkerThread.run(ForkJoinWorkerThread.java:165) ~[?:?]
Caused by: java.io.EOFException: End of input at line 1 column 1 path $
	at com.google.gson.stream.JsonReader.nextNonWhitespace(JsonReader.java:1455) ~[gson-2.10.jar%2372!/:?]
	at com.google.gson.stream.JsonReader.doPeek(JsonReader.java:558) ~[gson-2.10.jar%2372!/:?]
	at com.google.gson.stream.JsonReader.peek(JsonReader.java:433) ~[gson-2.10.jar%2372!/:?]
	at com.google.gson.internal.bind.TypeAdapters$28.read(TypeAdapters.java:769) ~[gson-2.10.jar%2372!/:?]
	at com.google.gson.internal.bind.TypeAdapters$28.read(TypeAdapters.java:725) ~[gson-2.10.jar%2372!/:?]
	at com.google.gson.internal.bind.TypeAdapters$34$1.read(TypeAdapters.java:1007) ~[gson-2.10.jar%2372!/:?]
	at net.minecraft.util.GsonHelper.m_13780_(GsonHelper.java:524) ~[server-1.20.1-20230612.114412-srg.jar%23413!/:?]
	... 14 more
[02Sep2026 19:43:31.248] [Worker-Main-4/INFO] [sleys.sl.codex.SLMCodex/]: [Curios Codex Entry] Preparing Codex JSONs...
[02Sep2026 19:43:31.247] [Worker-Main-5/ERROR] [net.minecraft.server.packs.resources.SimpleJsonResourceReloadListener/]: Couldn't parse data file rpgsmw:weapons/copper_sickle from rpgsmw:capabilities/weapons/copper_sickle.json
com.google.gson.JsonParseException: java.io.EOFException: End of input at line 1 column 1 path $
	at net.minecraft.util.GsonHelper.m_13780_(GsonHelper.java:526) ~[server-1.20.1-20230612.114412-srg.jar%23413!/:?]
	at net.minecraft.util.GsonHelper.m_263475_(GsonHelper.java:531) ~[server-1.20.1-20230612.114412-srg.jar%23413!/:?]
	at net.minecraft.util.GsonHelper.m_13776_(GsonHelper.java:581) ~[server-1.20.1-20230612.114412-srg.jar%23413!/:?]
	at net.minecraft.server.packs.resources.SimpleJsonResourceReloadListener.m_278771_(SimpleJsonResourceReloadListener.java:41) ~[server-1.20.1-20230612.114412-srg.jar%23413!/:?]
	at net.minecraft.server.packs.resources.SimpleJsonResourceReloadListener.m_5944_(SimpleJsonResourceReloadListener.java:29) ~[server-1.20.1-20230612.114412-srg.jar%23413!/:?]
	at yesman.epicfight.api.data.reloader.ItemCapabilityReloadListener.m_5944_(ItemCapabilityReloadListener.java:66) ~[epic-fight-20.14.17-mc1.20.1-forge.jar%23305!/:?]
	at yesman.epicfight.api.data.reloader.ItemCapabilityReloadListener.m_5944_(ItemCapabilityReloadListener.java:51) ~[epic-fight-20.14.17-mc1.20.1-forge.jar%23305!/:?]
	at net.minecraft.server.packs.resources.SimplePreparableReloadListener.m_10786_(SimplePreparableReloadListener.java:11) ~[server-1.20.1-20230612.114412-srg.jar%23413!/:?]
	at java.util.concurrent.CompletableFuture$AsyncSupply.run(CompletableFuture.java:1768) ~[?:?]
	at java.util.concurrent.CompletableFuture$AsyncSupply.exec(CompletableFuture.java:1760) ~[?:?]
	at java.util.concurrent.ForkJoinTask.doExec(ForkJoinTask.java:373) ~[?:?]
	at java.util.concurrent.ForkJoinPool$WorkQueue.topLevelExec(ForkJoinPool.java:1182) ~[?:?]
	at java.util.concurrent.ForkJoinPool.scan(ForkJoinPool.java:1655) ~[?:?]
	at java.util.concurrent.ForkJoinPool.runWorker(ForkJoinPool.java:1622) ~[?:?]
	at java.util.concurrent.ForkJoinWorkerThread.run(ForkJoinWorkerThread.java:165) ~[?:?]
Caused by: java.io.EOFException: End of input at line 1 column 1 path $
	at com.google.gson.stream.JsonReader.nextNonWhitespace(JsonReader.java:1455) ~[gson-2.10.jar%2372!/:?]
	at com.google.gson.stream.JsonReader.doPeek(JsonReader.java:558) ~[gson-2.10.jar%2372!/:?]
	at com.google.gson.stream.JsonReader.peek(JsonReader.java:433) ~[gson-2.10.jar%2372!/:?]
	at com.google.gson.internal.bind.TypeAdapters$28.read(TypeAdapters.java:769) ~[gson-2.10.jar%2372!/:?]
	at com.google.gson.internal.bind.TypeAdapters$28.read(TypeAdapters.java:725) ~[gson-2.10.jar%2372!/:?]
	at com.google.gson.internal.bind.TypeAdapters$34$1.read(TypeAdapters.java:1007) ~[gson-2.10.jar%2372!/:?]
	at net.minecraft.util.GsonHelper.m_13780_(GsonHelper.java:524) ~[server-1.20.1-20230612.114412-srg.jar%23413!/:?]
	... 14 more
[02Sep2026 19:43:31.447] [Worker-Main-5/ERROR] [net.minecraft.server.packs.resources.SimpleJsonResourceReloadListener/]: Couldn't parse data file rpgsmw:weapons/diamond_sickle from rpgsmw:capabilities/weapons/diamond_sickle.json
com.google.gson.JsonParseException: java.io.EOFException: End of input at line 1 column 1 path $
	at net.minecraft.util.GsonHelper.m_13780_(GsonHelper.java:526) ~[server-1.20.1-20230612.114412-srg.jar%23413!/:?]
	at net.minecraft.util.GsonHelper.m_263475_(GsonHelper.java:531) ~[server-1.20.1-20230612.114412-srg.jar%23413!/:?]
	at net.minecraft.util.GsonHelper.m_13776_(GsonHelper.java:581) ~[server-1.20.1-20230612.114412-srg.jar%23413!/:?]
	at net.minecraft.server.packs.resources.SimpleJsonResourceReloadListener.m_278771_(SimpleJsonResourceReloadListener.java:41) ~[server-1.20.1-20230612.114412-srg.jar%23413!/:?]
	at net.minecraft.server.packs.resources.SimpleJsonResourceReloadListener.m_5944_(SimpleJsonResourceReloadListener.java:29) ~[server-1.20.1-20230612.114412-srg.jar%23413!/:?]
	at yesman.epicfight.api.data.reloader.ItemCapabilityReloadListener.m_5944_(ItemCapabilityReloadListener.java:66) ~[epic-fight-20.14.17-mc1.20.1-forge.jar%23305!/:?]
	at yesman.epicfight.api.data.reloader.ItemCapabilityReloadListener.m_5944_(ItemCapabilityReloadListener.java:51) ~[epic-fight-20.14.17-mc1.20.1-forge.jar%23305!/:?]
	at net.minecraft.server.packs.resources.SimplePreparableReloadListener.m_10786_(SimplePreparableReloadListener.java:11) ~[server-1.20.1-20230612.114412-srg.jar%23413!/:?]
	at java.util.concurrent.CompletableFuture$AsyncSupply.run(CompletableFuture.java:1768) ~[?:?]
	at java.util.concurrent.CompletableFuture$AsyncSupply.exec(CompletableFuture.java:1760) ~[?:?]
	at java.util.concurrent.ForkJoinTask.doExec(ForkJoinTask.java:373) ~[?:?]
	at java.util.concurrent.ForkJoinPool$WorkQueue.topLevelExec(ForkJoinPool.java:1182) ~[?:?]
	at java.util.concurrent.ForkJoinPool.scan(ForkJoinPool.java:1655) ~[?:?]
	at java.util.concurrent.ForkJoinPool.runWorker(ForkJoinPool.java:1622) ~[?:?]
	at java.util.concurrent.ForkJoinWorkerThread.run(ForkJoinWorkerThread.java:165) ~[?:?]
Caused by: java.io.EOFException: End of input at line 1 column 1 path $
	at com.google.gson.stream.JsonReader.nextNonWhitespace(JsonReader.java:1455) ~[gson-2.10.jar%2372!/:?]
	at com.google.gson.stream.JsonReader.doPeek(JsonReader.java:558) ~[gson-2.10.jar%2372!/:?]
	at com.google.gson.stream.JsonReader.peek(JsonReader.java:433) ~[gson-2.10.jar%2372!/:?]
	at com.google.gson.internal.bind.TypeAdapters$28.read(TypeAdapters.java:769) ~[gson-2.10.jar%2372!/:?]
	at com.google.gson.internal.bind.TypeAdapters$28.read(TypeAdapters.java:725) ~[gson-2.10.jar%2372!/:?]
	at com.google.gson.internal.bind.TypeAdapters$34$1.read(TypeAdapters.java:1007) ~[gson-2.10.jar%2372!/:?]
	at net.minecraft.util.GsonHelper.m_13780_(GsonHelper.java:524) ~[server-1.20.1-20230612.114412-srg.jar%23413!/:?]
	... 14 more
[02Sep2026 19:43:31.463] [Worker-Main-5/ERROR] [net.minecraft.server.packs.resources.SimpleJsonResourceReloadListener/]: Couldn't parse data file rpgsmw:weapons/iron_sickle from rpgsmw:capabilities/weapons/iron_sickle.json
com.google.gson.JsonParseException: java.io.EOFException: End of input at line 1 column 1 path $
	at net.minecraft.util.GsonHelper.m_13780_(GsonHelper.java:526) ~[server-1.20.1-20230612.114412-srg.jar%23413!/:?]
	at net.minecraft.util.GsonHelper.m_263475_(GsonHelper.java:531) ~[server-1.20.1-20230612.114412-srg.jar%23413!/:?]
	at net.minecraft.util.GsonHelper.m_13776_(GsonHelper.java:581) ~[server-1.20.1-20230612.114412-srg.jar%23413!/:?]
	at net.minecraft.server.packs.resources.SimpleJsonResourceReloadListener.m_278771_(SimpleJsonResourceReloadListener.java:41) ~[server-1.20.1-20230612.114412-srg.jar%23413!/:?]
	at net.minecraft.server.packs.resources.SimpleJsonResourceReloadListener.m_5944_(SimpleJsonResourceReloadListener.java:29) ~[server-1.20.1-20230612.114412-srg.jar%23413!/:?]
	at yesman.epicfight.api.data.reloader.ItemCapabilityReloadListener.m_5944_(ItemCapabilityReloadListener.java:66) ~[epic-fight-20.14.17-mc1.20.1-forge.jar%23305!/:?]
	at yesman.epicfight.api.data.reloader.ItemCapabilityReloadListener.m_5944_(ItemCapabilityReloadListener.java:51) ~[epic-fight-20.14.17-mc1.20.1-forge.jar%23305!/:?]
	at net.minecraft.server.packs.resources.SimplePreparableReloadListener.m_10786_(SimplePreparableReloadListener.java:11) ~[server-1.20.1-20230612.114412-srg.jar%23413!/:?]
	at java.util.concurrent.CompletableFuture$AsyncSupply.run(CompletableFuture.java:1768) ~[?:?]
	at java.util.concurrent.CompletableFuture$AsyncSupply.exec(CompletableFuture.java:1760) ~[?:?]
	at java.util.concurrent.ForkJoinTask.doExec(ForkJoinTask.java:373) ~[?:?]
	at java.util.concurrent.ForkJoinPool$WorkQueue.topLevelExec(ForkJoinPool.java:1182) ~[?:?]
	at java.util.concurrent.ForkJoinPool.scan(ForkJoinPool.java:1655) ~[?:?]
	at java.util.concurrent.ForkJoinPool.runWorker(ForkJoinPool.java:1622) ~[?:?]
	at java.util.concurrent.ForkJoinWorkerThread.run(ForkJoinWorkerThread.java:165) ~[?:?]
Caused by: java.io.EOFException: End of input at line 1 column 1 path $
	at com.google.gson.stream.JsonReader.nextNonWhitespace(JsonReader.java:1455) ~[gson-2.10.jar%2372!/:?]
	at com.google.gson.stream.JsonReader.doPeek(JsonReader.java:558) ~[gson-2.10.jar%2372!/:?]
	at com.google.gson.stream.JsonReader.peek(JsonReader.java:433) ~[gson-2.10.jar%2372!/:?]
	at com.google.gson.internal.bind.TypeAdapters$28.read(TypeAdapters.java:769) ~[gson-2.10.jar%2372!/:?]
	at com.google.gson.internal.bind.TypeAdapters$28.read(TypeAdapters.java:725) ~[gson-2.10.jar%2372!/:?]
	at com.google.gson.internal.bind.TypeAdapters$34$1.read(TypeAdapters.java:1007) ~[gson-2.10.jar%2372!/:?]
	at net.minecraft.util.GsonHelper.m_13780_(GsonHelper.java:524) ~[server-1.20.1-20230612.114412-srg.jar%23413!/:?]
	... 14 more
[02Sep2026 19:43:31.468] [Worker-Main-5/ERROR] [net.minecraft.server.packs.resources.SimpleJsonResourceReloadListener/]: Couldn't parse data file rpgsmw:weapons/miphril_sickle from rpgsmw:capabilities/weapons/miphril_sickle.json
com.google.gson.JsonParseException: java.io.EOFException: End of input at line 1 column 1 path $
	at net.minecraft.util.GsonHelper.m_13780_(GsonHelper.java:526) ~[server-1.20.1-20230612.114412-srg.jar%23413!/:?]
	at net.minecraft.util.GsonHelper.m_263475_(GsonHelper.java:531) ~[server-1.20.1-20230612.114412-srg.jar%23413!/:?]
	at net.minecraft.util.GsonHelper.m_13776_(GsonHelper.java:581) ~[server-1.20.1-20230612.114412-srg.jar%23413!/:?]
	at net.minecraft.server.packs.resources.SimpleJsonResourceReloadListener.m_278771_(SimpleJsonResourceReloadListener.java:41) ~[server-1.20.1-20230612.114412-srg.jar%23413!/:?]
	at net.minecraft.server.packs.resources.SimpleJsonResourceReloadListener.m_5944_(SimpleJsonResourceReloadListener.java:29) ~[server-1.20.1-20230612.114412-srg.jar%23413!/:?]
	at yesman.epicfight.api.data.reloader.ItemCapabilityReloadListener.m_5944_(ItemCapabilityReloadListener.java:66) ~[epic-fight-20.14.17-mc1.20.1-forge.jar%23305!/:?]
	at yesman.epicfight.api.data.reloader.ItemCapabilityReloadListener.m_5944_(ItemCapabilityReloadListener.java:51) ~[epic-fight-20.14.17-mc1.20.1-forge.jar%23305!/:?]
	at net.minecraft.server.packs.resources.SimplePreparableReloadListener.m_10786_(SimplePreparableReloadListener.java:11) ~[server-1.20.1-20230612.114412-srg.jar%23413!/:?]
	at java.util.concurrent.CompletableFuture$AsyncSupply.run(CompletableFuture.java:1768) ~[?:?]
	at java.util.concurrent.CompletableFuture$AsyncSupply.exec(CompletableFuture.java:1760) ~[?:?]
	at java.util.concurrent.ForkJoinTask.doExec(ForkJoinTask.java:373) ~[?:?]
	at java.util.concurrent.ForkJoinPool$WorkQueue.topLevelExec(ForkJoinPool.java:1182) ~[?:?]
	at java.util.concurrent.ForkJoinPool.scan(ForkJoinPool.java:1655) ~[?:?]
	at java.util.concurrent.ForkJoinPool.runWorker(ForkJoinPool.java:1622) ~[?:?]
	at java.util.concurrent.ForkJoinWorkerThread.run(ForkJoinWorkerThread.java:165) ~[?:?]
Caused by: java.io.EOFException: End of input at line 1 column 1 path $
	at com.google.gson.stream.JsonReader.nextNonWhitespace(JsonReader.java:1455) ~[gson-2.10.jar%2372!/:?]
	at com.google.gson.stream.JsonReader.doPeek(JsonReader.java:558) ~[gson-2.10.jar%2372!/:?]
	at com.google.gson.stream.JsonReader.peek(JsonReader.java:433) ~[gson-2.10.jar%2372!/:?]
	at com.google.gson.internal.bind.TypeAdapters$28.read(TypeAdapters.java:769) ~[gson-2.10.jar%2372!/:?]
	at com.google.gson.internal.bind.TypeAdapters$28.read(TypeAdapters.java:725) ~[gson-2.10.jar%2372!/:?]
	at com.google.gson.internal.bind.TypeAdapters$34$1.read(TypeAdapters.java:1007) ~[gson-2.10.jar%2372!/:?]
	at net.minecraft.util.GsonHelper.m_13780_(GsonHelper.java:524) ~[server-1.20.1-20230612.114412-srg.jar%23413!/:?]
	... 14 more
[02Sep2026 19:43:31.471] [Worker-Main-5/ERROR] [net.minecraft.server.packs.resources.SimpleJsonResourceReloadListener/]: Couldn't parse data file rpgsmw:weapons/nephris_sickle from rpgsmw:capabilities/weapons/nephris_sickle.json
com.google.gson.JsonParseException: java.io.EOFException: End of input at line 1 column 1 path $
	at net.minecraft.util.GsonHelper.m_13780_(GsonHelper.java:526) ~[server-1.20.1-20230612.114412-srg.jar%23413!/:?]
	at net.minecraft.util.GsonHelper.m_263475_(GsonHelper.java:531) ~[server-1.20.1-20230612.114412-srg.jar%23413!/:?]
	at net.minecraft.util.GsonHelper.m_13776_(GsonHelper.java:581) ~[server-1.20.1-20230612.114412-srg.jar%23413!/:?]
	at net.minecraft.server.packs.resources.SimpleJsonResourceReloadListener.m_278771_(SimpleJsonResourceReloadListener.java:41) ~[server-1.20.1-20230612.114412-srg.jar%23413!/:?]
	at net.minecraft.server.packs.resources.SimpleJsonResourceReloadListener.m_5944_(SimpleJsonResourceReloadListener.java:29) ~[server-1.20.1-20230612.114412-srg.jar%23413!/:?]
	at yesman.epicfight.api.data.reloader.ItemCapabilityReloadListener.m_5944_(ItemCapabilityReloadListener.java:66) ~[epic-fight-20.14.17-mc1.20.1-forge.jar%23305!/:?]
	at yesman.epicfight.api.data.reloader.ItemCapabilityReloadListener.m_5944_(ItemCapabilityReloadListener.java:51) ~[epic-fight-20.14.17-mc1.20.1-forge.jar%23305!/:?]
	at net.minecraft.server.packs.resources.SimplePreparableReloadListener.m_10786_(SimplePreparableReloadListener.java:11) ~[server-1.20.1-20230612.114412-srg.jar%23413!/:?]
	at java.util.concurrent.CompletableFuture$AsyncSupply.run(CompletableFuture.java:1768) ~[?:?]
	at java.util.concurrent.CompletableFuture$AsyncSupply.exec(CompletableFuture.java:1760) ~[?:?]
	at java.util.concurrent.ForkJoinTask.doExec(ForkJoinTask.java:373) ~[?:?]
	at java.util.concurrent.ForkJoinPool$WorkQueue.topLevelExec(ForkJoinPool.java:1182) ~[?:?]
	at java.util.concurrent.ForkJoinPool.scan(ForkJoinPool.java:1655) ~[?:?]
	at java.util.concurrent.ForkJoinPool.runWorker(ForkJoinPool.java:1622) ~[?:?]
	at java.util.concurrent.ForkJoinWorkerThread.run(ForkJoinWorkerThread.java:165) ~[?:?]
Caused by: java.io.EOFException: End of input at line 1 column 1 path $
	at com.google.gson.stream.JsonReader.nextNonWhitespace(JsonReader.java:1455) ~[gson-2.10.jar%2372!/:?]
	at com.google.gson.stream.JsonReader.doPeek(JsonReader.java:558) ~[gson-2.10.jar%2372!/:?]
	at com.google.gson.stream.JsonReader.peek(JsonReader.java:433) ~[gson-2.10.jar%2372!/:?]
	at com.google.gson.internal.bind.TypeAdapters$28.read(TypeAdapters.java:769) ~[gson-2.10.jar%2372!/:?]
	at com.google.gson.internal.bind.TypeAdapters$28.read(TypeAdapters.java:725) ~[gson-2.10.jar%2372!/:?]
	at com.google.gson.internal.bind.TypeAdapters$34$1.read(TypeAdapters.java:1007) ~[gson-2.10.jar%2372!/:?]
	at net.minecraft.util.GsonHelper.m_13780_(GsonHelper.java:524) ~[server-1.20.1-20230612.114412-srg.jar%23413!/:?]
	... 14 more
[02Sep2026 19:43:31.476] [Worker-Main-5/ERROR] [net.minecraft.server.packs.resources.SimpleJsonResourceReloadListener/]: Couldn't parse data file rpgsmw:weapons/netherite_sickle from rpgsmw:capabilities/weapons/netherite_sickle.json
com.google.gson.JsonParseException: java.io.EOFException: End of input at line 1 column 1 path $
	at net.minecraft.util.GsonHelper.m_13780_(GsonHelper.java:526) ~[server-1.20.1-20230612.114412-srg.jar%23413!/:?]
	at net.minecraft.util.GsonHelper.m_263475_(GsonHelper.java:531) ~[server-1.20.1-20230612.114412-srg.jar%23413!/:?]
	at net.minecraft.util.GsonHelper.m_13776_(GsonHelper.java:581) ~[server-1.20.1-20230612.114412-srg.jar%23413!/:?]
	at net.minecraft.server.packs.resources.SimpleJsonResourceReloadListener.m_278771_(SimpleJsonResourceReloadListener.java:41) ~[server-1.20.1-20230612.114412-srg.jar%23413!/:?]
	at net.minecraft.server.packs.resources.SimpleJsonResourceReloadListener.m_5944_(SimpleJsonResourceReloadListener.java:29) ~[server-1.20.1-20230612.114412-srg.jar%23413!/:?]
	at yesman.epicfight.api.data.reloader.ItemCapabilityReloadListener.m_5944_(ItemCapabilityReloadListener.java:66) ~[epic-fight-20.14.17-mc1.20.1-forge.jar%23305!/:?]
	at yesman.epicfight.api.data.reloader.ItemCapabilityReloadListener.m_5944_(ItemCapabilityReloadListener.java:51) ~[epic-fight-20.14.17-mc1.20.1-forge.jar%23305!/:?]
	at net.minecraft.server.packs.resources.SimplePreparableReloadListener.m_10786_(SimplePreparableReloadListener.java:11) ~[server-1.20.1-20230612.114412-srg.jar%23413!/:?]
	at java.util.concurrent.CompletableFuture$AsyncSupply.run(CompletableFuture.java:1768) ~[?:?]
	at java.util.concurrent.CompletableFuture$AsyncSupply.exec(CompletableFuture.java:1760) ~[?:?]
	at java.util.concurrent.ForkJoinTask.doExec(ForkJoinTask.java:373) ~[?:?]
	at java.util.concurrent.ForkJoinPool$WorkQueue.topLevelExec(ForkJoinPool.java:1182) ~[?:?]
	at java.util.concurrent.ForkJoinPool.scan(ForkJoinPool.java:1655) ~[?:?]
	at java.util.concurrent.ForkJoinPool.runWorker(ForkJoinPool.java:1622) ~[?:?]
	at java.util.concurrent.ForkJoinWorkerThread.run(ForkJoinWorkerThread.java:165) ~[?:?]
Caused by: java.io.EOFException: End of input at line 1 column 1 path $
	at com.google.gson.stream.JsonReader.nextNonWhitespace(JsonReader.java:1455) ~[gson-2.10.jar%2372!/:?]
	at com.google.gson.stream.JsonReader.doPeek(JsonReader.java:558) ~[gson-2.10.jar%2372!/:?]
	at com.google.gson.stream.JsonReader.peek(JsonReader.java:433) ~[gson-2.10.jar%2372!/:?]
	at com.google.gson.internal.bind.TypeAdapters$28.read(TypeAdapters.java:769) ~[gson-2.10.jar%2372!/:?]
	at com.google.gson.internal.bind.TypeAdapters$28.read(TypeAdapters.java:725) ~[gson-2.10.jar%2372!/:?]
	at com.google.gson.internal.bind.TypeAdapters$34$1.read(TypeAdapters.java:1007) ~[gson-2.10.jar%2372!/:?]
	at net.minecraft.util.GsonHelper.m_13780_(GsonHelper.java:524) ~[server-1.20.1-20230612.114412-srg.jar%23413!/:?]
	... 14 more
[02Sep2026 19:43:31.486] [Worker-Main-5/ERROR] [net.minecraft.server.packs.resources.SimpleJsonResourceReloadListener/]: Couldn't parse data file rpgsmw:weapons/steel_sickle from rpgsmw:capabilities/weapons/steel_sickle.json
com.google.gson.JsonParseException: java.io.EOFException: End of input at line 1 column 1 path $
	at net.minecraft.util.GsonHelper.m_13780_(GsonHelper.java:526) ~[server-1.20.1-20230612.114412-srg.jar%23413!/:?]
	at net.minecraft.util.GsonHelper.m_263475_(GsonHelper.java:531) ~[server-1.20.1-20230612.114412-srg.jar%23413!/:?]
	at net.minecraft.util.GsonHelper.m_13776_(GsonHelper.java:581) ~[server-1.20.1-20230612.114412-srg.jar%23413!/:?]
	at net.minecraft.server.packs.resources.SimpleJsonResourceReloadListener.m_278771_(SimpleJsonResourceReloadListener.java:41) ~[server-1.20.1-20230612.114412-srg.jar%23413!/:?]
	at net.minecraft.server.packs.resources.SimpleJsonResourceReloadListener.m_5944_(SimpleJsonResourceReloadListener.java:29) ~[server-1.20.1-20230612.114412-srg.jar%23413!/:?]
	at yesman.epicfight.api.data.reloader.ItemCapabilityReloadListener.m_5944_(ItemCapabilityReloadListener.java:66) ~[epic-fight-20.14.17-mc1.20.1-forge.jar%23305!/:?]
	at yesman.epicfight.api.data.reloader.ItemCapabilityReloadListener.m_5944_(ItemCapabilityReloadListener.java:51) ~[epic-fight-20.14.17-mc1.20.1-forge.jar%23305!/:?]
	at net.minecraft.server.packs.resources.SimplePreparableReloadListener.m_10786_(SimplePreparableReloadListener.java:11) ~[server-1.20.1-20230612.114412-srg.jar%23413!/:?]
	at java.util.concurrent.CompletableFuture$AsyncSupply.run(CompletableFuture.java:1768) ~[?:?]
	at java.util.concurrent.CompletableFuture$AsyncSupply.exec(CompletableFuture.java:1760) ~[?:?]
	at java.util.concurrent.ForkJoinTask.doExec(ForkJoinTask.java:373) ~[?:?]
	at java.util.concurrent.ForkJoinPool$WorkQueue.topLevelExec(ForkJoinPool.java:1182) ~[?:?]
	at java.util.concurrent.ForkJoinPool.scan(ForkJoinPool.java:1655) ~[?:?]
	at java.util.concurrent.ForkJoinPool.runWorker(ForkJoinPool.java:1622) ~[?:?]
	at java.util.concurrent.ForkJoinWorkerThread.run(ForkJoinWorkerThread.java:165) ~[?:?]
Caused by: java.io.EOFException: End of input at line 1 column 1 path $
	at com.google.gson.stream.JsonReader.nextNonWhitespace(JsonReader.java:1455) ~[gson-2.10.jar%2372!/:?]
	at com.google.gson.stream.JsonReader.doPeek(JsonReader.java:558) ~[gson-2.10.jar%2372!/:?]
	at com.google.gson.stream.JsonReader.peek(JsonReader.java:433) ~[gson-2.10.jar%2372!/:?]
	at com.google.gson.internal.bind.TypeAdapters$28.read(TypeAdapters.java:769) ~[gson-2.10.jar%2372!/:?]
	at com.google.gson.internal.bind.TypeAdapters$28.read(TypeAdapters.java:725) ~[gson-2.10.jar%2372!/:?]
	at com.google.gson.internal.bind.TypeAdapters$34$1.read(TypeAdapters.java:1007) ~[gson-2.10.jar%2372!/:?]
	at net.minecraft.util.GsonHelper.m_13780_(GsonHelper.java:524) ~[server-1.20.1-20230612.114412-srg.jar%23413!/:?]
	... 14 more
[02Sep2026 19:43:31.514] [Worker-Main-3/ERROR] [net.minecraftforge.common.ForgeHooks/]: Couldn't parse element loot_tables:irons_spellbooks:chests/catacombs/crypt_loot
com.google.gson.JsonSyntaxException: Missing name, expected to find a string
	at net.minecraft.util.GsonHelper.m_13906_(GsonHelper.java:127) ~[server-1.20.1-20230612.114412-srg.jar%23413!/:?]
	at net.minecraft.world.level.storage.loot.entries.LootTableReference$Serializer.m_7267_(LootTableReference.java:67) ~[server-1.20.1-20230612.114412-srg.jar%23413!/:?]
	at net.minecraft.world.level.storage.loot.entries.LootTableReference$Serializer.m_7267_(LootTableReference.java:58) ~[server-1.20.1-20230612.114412-srg.jar%23413!/:?]
	at net.minecraft.world.level.storage.loot.entries.LootPoolSingletonContainer$Serializer.m_5921_(LootPoolSingletonContainer.java:151) ~[server-1.20.1-20230612.114412-srg.jar%23413!/:?]
	at net.minecraft.world.level.storage.loot.entries.LootPoolSingletonContainer$Serializer.m_5921_(LootPoolSingletonContainer.java:129) ~[server-1.20.1-20230612.114412-srg.jar%23413!/:?]
	at net.minecraft.world.level.storage.loot.entries.LootPoolEntryContainer$Serializer.m_7561_(LootPoolEntryContainer.java:86) ~[server-1.20.1-20230612.114412-srg.jar%23413!/:?]
	at net.minecraft.world.level.storage.loot.entries.LootPoolEntryContainer$Serializer.m_7561_(LootPoolEntryContainer.java:74) ~[server-1.20.1-20230612.114412-srg.jar%23413!/:?]
	at net.minecraft.world.level.storage.loot.GsonAdapterFactory$JsonAdapter.deserialize(GsonAdapterFactory.java:102) ~[server-1.20.1-20230612.114412-srg.jar%23413!/:?]
	at com.google.gson.internal.bind.TreeTypeAdapter.read(TreeTypeAdapter.java:76) ~[gson-2.10.jar%2372!/:?]
	at com.google.gson.internal.bind.TypeAdapterRuntimeTypeWrapper.read(TypeAdapterRuntimeTypeWrapper.java:40) ~[gson-2.10.jar%2372!/:?]
	at com.google.gson.internal.bind.ArrayTypeAdapter.read(ArrayTypeAdapter.java:72) ~[gson-2.10.jar%2372!/:?]
	at com.google.gson.Gson.fromJson(Gson.java:1214) ~[gson-2.10.jar%2372!/:?]
	at com.google.gson.Gson.fromJson(Gson.java:1319) ~[gson-2.10.jar%2372!/:?]
	at com.google.gson.Gson.fromJson(Gson.java:1290) ~[gson-2.10.jar%2372!/:?]
	at com.google.gson.internal.bind.TreeTypeAdapter$GsonContextImpl.deserialize(TreeTypeAdapter.java:179) ~[gson-2.10.jar%2372!/:?]
	at net.minecraft.util.GsonHelper.m_13808_(GsonHelper.java:463) ~[server-1.20.1-20230612.114412-srg.jar%23413!/:?]
	at net.minecraft.util.GsonHelper.m_13836_(GsonHelper.java:471) ~[server-1.20.1-20230612.114412-srg.jar%23413!/:?]
	at net.minecraft.world.level.storage.loot.LootPool$Serializer.deserialize(LootPool.java:192) ~[server-1.20.1-20230612.114412-srg.jar%23413!/:?]
	at net.minecraft.world.level.storage.loot.LootPool$Serializer.deserialize(LootPool.java:189) ~[server-1.20.1-20230612.114412-srg.jar%23413!/:?]
	at com.google.gson.internal.bind.TreeTypeAdapter.read(TreeTypeAdapter.java:76) ~[gson-2.10.jar%2372!/:?]
	at com.google.gson.internal.bind.TypeAdapterRuntimeTypeWrapper.read(TypeAdapterRuntimeTypeWrapper.java:40) ~[gson-2.10.jar%2372!/:?]
	at com.google.gson.internal.bind.ArrayTypeAdapter.read(ArrayTypeAdapter.java:72) ~[gson-2.10.jar%2372!/:?]
	at com.google.gson.Gson.fromJson(Gson.java:1214) ~[gson-2.10.jar%2372!/:?]
	at com.google.gson.Gson.fromJson(Gson.java:1319) ~[gson-2.10.jar%2372!/:?]
	at com.google.gson.Gson.fromJson(Gson.java:1290) ~[gson-2.10.jar%2372!/:?]
	at com.google.gson.internal.bind.TreeTypeAdapter$GsonContextImpl.deserialize(TreeTypeAdapter.java:179) ~[gson-2.10.jar%2372!/:?]
	at net.minecraft.util.GsonHelper.m_13808_(GsonHelper.java:463) ~[server-1.20.1-20230612.114412-srg.jar%23413!/:?]
	at net.minecraft.util.GsonHelper.m_13845_(GsonHelper.java:481) ~[server-1.20.1-20230612.114412-srg.jar%23413!/:?]
	at net.minecraft.world.level.storage.loot.LootTable$Serializer.deserialize(LootTable.java:294) ~[server-1.20.1-20230612.114412-srg.jar%23413!/:?]
	at net.minecraft.world.level.storage.loot.LootTable$Serializer.deserialize(LootTable.java:291) ~[server-1.20.1-20230612.114412-srg.jar%23413!/:?]
	at com.google.gson.internal.bind.TreeTypeAdapter.read(TreeTypeAdapter.java:76) ~[gson-2.10.jar%2372!/:?]
	at com.google.gson.Gson.fromJson(Gson.java:1214) ~[gson-2.10.jar%2372!/:?]
	at com.google.gson.Gson.fromJson(Gson.java:1319) ~[gson-2.10.jar%2372!/:?]
	at com.google.gson.Gson.fromJson(Gson.java:1261) ~[gson-2.10.jar%2372!/:?]
	at net.minecraftforge.common.ForgeHooks.loadLootTable(ForgeHooks.java:872) ~[forge-1.20.1-47.4.20-universal.jar%23418!/:?]
	at net.minecraftforge.common.ForgeHooks.lambda$getLootTableDeserializer$3(ForgeHooks.java:849) ~[forge-1.20.1-47.4.20-universal.jar%23418!/:?]
	at net.minecraft.world.level.storage.loot.LootDataType.deserialize(LootDataType.java:45) ~[server-1.20.1-20230612.114412-srg.jar%23413!/:?]
	at net.minecraft.world.level.storage.loot.LootDataManager.lambda$scheduleElementParse$4(LootDataManager.java:56) ~[server-1.20.1-20230612.114412-srg.jar%23413!/:?]
	at java.util.HashMap.forEach(HashMap.java:1421) ~[?:?]
	at net.minecraft.world.level.storage.loot.LootDataManager.m_278660_(LootDataManager.java:55) ~[server-1.20.1-20230612.114412-srg.jar%23413!/:?]
	at java.util.concurrent.CompletableFuture$AsyncRun.run(CompletableFuture.java:1804) ~[?:?]
	at java.util.concurrent.CompletableFuture$AsyncRun.exec(CompletableFuture.java:1796) ~[?:?]
	at java.util.concurrent.ForkJoinTask.doExec(ForkJoinTask.java:373) ~[?:?]
	at java.util.concurrent.ForkJoinPool$WorkQueue.topLevelExec(ForkJoinPool.java:1182) ~[?:?]
	at java.util.concurrent.ForkJoinPool.scan(ForkJoinPool.java:1655) ~[?:?]
	at java.util.concurrent.ForkJoinPool.runWorker(ForkJoinPool.java:1622) ~[?:?]
	at java.util.concurrent.ForkJoinWorkerThread.run(ForkJoinWorkerThread.java:165) ~[?:?]
[02Sep2026 19:43:31.588] [Worker-Main-4/INFO] [sleys.efedp.ExtendedDatapacks/]: [Weapons Item Properties] Preparing Weapons Properties JSONs...
[02Sep2026 19:43:31.589] [Worker-Main-4/INFO] [sleys.efedp.ExtendedDatapacks/]: [Weapons Item Properties] No weapon properties files found...
[02Sep2026 19:43:32.313] [Worker-Main-3/ERROR] [net.minecraftforge.common.ForgeHooks/]: Couldn't parse element loot_tables:naturalist:entities/tortoise
com.google.gson.JsonSyntaxException: Expected name to be an item, was unknown string 'minecraft:turtle_scute'
	at net.minecraft.util.GsonHelper.m_13866_(GsonHelper.java:145) ~[server-1.20.1-20230612.114412-srg.jar%23413!/:?]
	at java.util.Optional.orElseThrow(Optional.java:403) ~[?:?]
	at net.minecraft.util.GsonHelper.m_13874_(GsonHelper.java:145) ~[server-1.20.1-20230612.114412-srg.jar%23413!/:?]
	at net.minecraft.util.GsonHelper.m_13909_(GsonHelper.java:153) ~[server-1.20.1-20230612.114412-srg.jar%23413!/:?]
	at net.minecraft.world.level.storage.loot.entries.LootItem$Serializer.m_7267_(LootItem.java:55) ~[server-1.20.1-20230612.114412-srg.jar%23413!/:?]
	at net.minecraft.world.level.storage.loot.entries.LootItem$Serializer.m_7267_(LootItem.java:40) ~[server-1.20.1-20230612.114412-srg.jar%23413!/:?]
	at net.minecraft.world.level.storage.loot.entries.LootPoolSingletonContainer$Serializer.m_5921_(LootPoolSingletonContainer.java:151) ~[server-1.20.1-20230612.114412-srg.jar%23413!/:?]
	at net.minecraft.world.level.storage.loot.entries.LootPoolSingletonContainer$Serializer.m_5921_(LootPoolSingletonContainer.java:129) ~[server-1.20.1-20230612.114412-srg.jar%23413!/:?]
	at net.minecraft.world.level.storage.loot.entries.LootPoolEntryContainer$Serializer.m_7561_(LootPoolEntryContainer.java:86) ~[server-1.20.1-20230612.114412-srg.jar%23413!/:?]
	at net.minecraft.world.level.storage.loot.entries.LootPoolEntryContainer$Serializer.m_7561_(LootPoolEntryContainer.java:74) ~[server-1.20.1-20230612.114412-srg.jar%23413!/:?]
	at net.minecraft.world.level.storage.loot.GsonAdapterFactory$JsonAdapter.deserialize(GsonAdapterFactory.java:102) ~[server-1.20.1-20230612.114412-srg.jar%23413!/:?]
	at com.google.gson.internal.bind.TreeTypeAdapter.read(TreeTypeAdapter.java:76) ~[gson-2.10.jar%2372!/:?]
	at com.google.gson.internal.bind.TypeAdapterRuntimeTypeWrapper.read(TypeAdapterRuntimeTypeWrapper.java:40) ~[gson-2.10.jar%2372!/:?]
	at com.google.gson.internal.bind.ArrayTypeAdapter.read(ArrayTypeAdapter.java:72) ~[gson-2.10.jar%2372!/:?]
	at com.google.gson.Gson.fromJson(Gson.java:1214) ~[gson-2.10.jar%2372!/:?]
	at com.google.gson.Gson.fromJson(Gson.java:1319) ~[gson-2.10.jar%2372!/:?]
	at com.google.gson.Gson.fromJson(Gson.java:1290) ~[gson-2.10.jar%2372!/:?]
	at com.google.gson.internal.bind.TreeTypeAdapter$GsonContextImpl.deserialize(TreeTypeAdapter.java:179) ~[gson-2.10.jar%2372!/:?]
	at net.minecraft.util.GsonHelper.m_13808_(GsonHelper.java:463) ~[server-1.20.1-20230612.114412-srg.jar%23413!/:?]
	at net.minecraft.util.GsonHelper.m_13836_(GsonHelper.java:471) ~[server-1.20.1-20230612.114412-srg.jar%23413!/:?]
	at net.minecraft.world.level.storage.loot.LootPool$Serializer.deserialize(LootPool.java:192) ~[server-1.20.1-20230612.114412-srg.jar%23413!/:?]
	at net.minecraft.world.level.storage.loot.LootPool$Serializer.deserialize(LootPool.java:189) ~[server-1.20.1-20230612.114412-srg.jar%23413!/:?]
	at com.google.gson.internal.bind.TreeTypeAdapter.read(TreeTypeAdapter.java:76) ~[gson-2.10.jar%2372!/:?]
	at com.google.gson.internal.bind.TypeAdapterRuntimeTypeWrapper.read(TypeAdapterRuntimeTypeWrapper.java:40) ~[gson-2.10.jar%2372!/:?]
	at com.google.gson.internal.bind.ArrayTypeAdapter.read(ArrayTypeAdapter.java:72) ~[gson-2.10.jar%2372!/:?]
	at com.google.gson.Gson.fromJson(Gson.java:1214) ~[gson-2.10.jar%2372!/:?]
	at com.google.gson.Gson.fromJson(Gson.java:1319) ~[gson-2.10.jar%2372!/:?]
	at com.google.gson.Gson.fromJson(Gson.java:1290) ~[gson-2.10.jar%2372!/:?]
	at com.google.gson.internal.bind.TreeTypeAdapter$GsonContextImpl.deserialize(TreeTypeAdapter.java:179) ~[gson-2.10.jar%2372!/:?]
	at net.minecraft.util.GsonHelper.m_13808_(GsonHelper.java:463) ~[server-1.20.1-20230612.114412-srg.jar%23413!/:?]
	at net.minecraft.util.GsonHelper.m_13845_(GsonHelper.java:481) ~[server-1.20.1-20230612.114412-srg.jar%23413!/:?]
	at net.minecraft.world.level.storage.loot.LootTable$Serializer.deserialize(LootTable.java:294) ~[server-1.20.1-20230612.114412-srg.jar%23413!/:?]
	at net.minecraft.world.level.storage.loot.LootTable$Serializer.deserialize(LootTable.java:291) ~[server-1.20.1-20230612.114412-srg.jar%23413!/:?]
	at com.google.gson.internal.bind.TreeTypeAdapter.read(TreeTypeAdapter.java:76) ~[gson-2.10.jar%2372!/:?]
	at com.google.gson.Gson.fromJson(Gson.java:1214) ~[gson-2.10.jar%2372!/:?]
	at com.google.gson.Gson.fromJson(Gson.java:1319) ~[gson-2.10.jar%2372!/:?]
	at com.google.gson.Gson.fromJson(Gson.java:1261) ~[gson-2.10.jar%2372!/:?]
	at net.minecraftforge.common.ForgeHooks.loadLootTable(ForgeHooks.java:872) ~[forge-1.20.1-47.4.20-universal.jar%23418!/:?]
	at net.minecraftforge.common.ForgeHooks.lambda$getLootTableDeserializer$3(ForgeHooks.java:849) ~[forge-1.20.1-47.4.20-universal.jar%23418!/:?]
	at net.minecraft.world.level.storage.loot.LootDataType.deserialize(LootDataType.java:45) ~[server-1.20.1-20230612.114412-srg.jar%23413!/:?]
	at net.minecraft.world.level.storage.loot.LootDataManager.lambda$scheduleElementParse$4(LootDataManager.java:56) ~[server-1.20.1-20230612.114412-srg.jar%23413!/:?]
	at java.util.HashMap.forEach(HashMap.java:1421) ~[?:?]
	at net.minecraft.world.level.storage.loot.LootDataManager.m_278660_(LootDataManager.java:55) ~[server-1.20.1-20230612.114412-srg.jar%23413!/:?]
	at java.util.concurrent.CompletableFuture$AsyncRun.run(CompletableFuture.java:1804) ~[?:?]
	at java.util.concurrent.CompletableFuture$AsyncRun.exec(CompletableFuture.java:1796) ~[?:?]
	at java.util.concurrent.ForkJoinTask.doExec(ForkJoinTask.java:373) ~[?:?]
	at java.util.concurrent.ForkJoinPool$WorkQueue.topLevelExec(ForkJoinPool.java:1182) ~[?:?]
	at java.util.concurrent.ForkJoinPool.scan(ForkJoinPool.java:1655) ~[?:?]
	at java.util.concurrent.ForkJoinPool.runWorker(ForkJoinPool.java:1622) ~[?:?]
	at java.util.concurrent.ForkJoinWorkerThread.run(ForkJoinWorkerThread.java:165) ~[?:?]
[02Sep2026 19:43:33.696] [Worker-Main-3/ERROR] [net.minecraftforge.common.ForgeHooks/]: Couldn't parse element loot_tables:irons_spellbooks:chests/citadel/citadel_tomes
com.google.gson.JsonSyntaxException: Unknown type 'minecraft:set_written_book_pages'
	at net.minecraft.world.level.storage.loot.GsonAdapterFactory$JsonAdapter.deserialize(GsonAdapterFactory.java:99) ~[server-1.20.1-20230612.114412-srg.jar%23413!/:?]
	at com.google.gson.internal.bind.TreeTypeAdapter.read(TreeTypeAdapter.java:76) ~[gson-2.10.jar%2372!/:?]
	at com.google.gson.internal.bind.TypeAdapterRuntimeTypeWrapper.read(TypeAdapterRuntimeTypeWrapper.java:40) ~[gson-2.10.jar%2372!/:?]
	at com.google.gson.internal.bind.ArrayTypeAdapter.read(ArrayTypeAdapter.java:72) ~[gson-2.10.jar%2372!/:?]
	at com.google.gson.Gson.fromJson(Gson.java:1214) ~[gson-2.10.jar%2372!/:?]
	at com.google.gson.Gson.fromJson(Gson.java:1319) ~[gson-2.10.jar%2372!/:?]
	at com.google.gson.Gson.fromJson(Gson.java:1290) ~[gson-2.10.jar%2372!/:?]
	at com.google.gson.internal.bind.TreeTypeAdapter$GsonContextImpl.deserialize(TreeTypeAdapter.java:179) ~[gson-2.10.jar%2372!/:?]
	at net.minecraft.util.GsonHelper.m_13808_(GsonHelper.java:463) ~[server-1.20.1-20230612.114412-srg.jar%23413!/:?]
	at net.minecraft.util.GsonHelper.m_13845_(GsonHelper.java:481) ~[server-1.20.1-20230612.114412-srg.jar%23413!/:?]
	at net.minecraft.world.level.storage.loot.entries.LootPoolSingletonContainer$Serializer.m_5921_(LootPoolSingletonContainer.java:149) ~[server-1.20.1-20230612.114412-srg.jar%23413!/:?]
	at net.minecraft.world.level.storage.loot.entries.LootPoolSingletonContainer$Serializer.m_5921_(LootPoolSingletonContainer.java:129) ~[server-1.20.1-20230612.114412-srg.jar%23413!/:?]
	at net.minecraft.world.level.storage.loot.entries.LootPoolEntryContainer$Serializer.m_7561_(LootPoolEntryContainer.java:86) ~[server-1.20.1-20230612.114412-srg.jar%23413!/:?]
	at net.minecraft.world.level.storage.loot.entries.LootPoolEntryContainer$Serializer.m_7561_(LootPoolEntryContainer.java:74) ~[server-1.20.1-20230612.114412-srg.jar%23413!/:?]
	at net.minecraft.world.level.storage.loot.GsonAdapterFactory$JsonAdapter.deserialize(GsonAdapterFactory.java:102) ~[server-1.20.1-20230612.114412-srg.jar%23413!/:?]
	at com.google.gson.internal.bind.TreeTypeAdapter.read(TreeTypeAdapter.java:76) ~[gson-2.10.jar%2372!/:?]
	at com.google.gson.internal.bind.TypeAdapterRuntimeTypeWrapper.read(TypeAdapterRuntimeTypeWrapper.java:40) ~[gson-2.10.jar%2372!/:?]
	at com.google.gson.internal.bind.ArrayTypeAdapter.read(ArrayTypeAdapter.java:72) ~[gson-2.10.jar%2372!/:?]
	at com.google.gson.Gson.fromJson(Gson.java:1214) ~[gson-2.10.jar%2372!/:?]
	at com.google.gson.Gson.fromJson(Gson.java:1319) ~[gson-2.10.jar%2372!/:?]
	at com.google.gson.Gson.fromJson(Gson.java:1290) ~[gson-2.10.jar%2372!/:?]
	at com.google.gson.internal.bind.TreeTypeAdapter$GsonContextImpl.deserialize(TreeTypeAdapter.java:179) ~[gson-2.10.jar%2372!/:?]
	at net.minecraft.util.GsonHelper.m_13808_(GsonHelper.java:463) ~[server-1.20.1-20230612.114412-srg.jar%23413!/:?]
	at net.minecraft.util.GsonHelper.m_13836_(GsonHelper.java:471) ~[server-1.20.1-20230612.114412-srg.jar%23413!/:?]
	at net.minecraft.world.level.storage.loot.LootPool$Serializer.deserialize(LootPool.java:192) ~[server-1.20.1-20230612.114412-srg.jar%23413!/:?]
	at net.minecraft.world.level.storage.loot.LootPool$Serializer.deserialize(LootPool.java:189) ~[server-1.20.1-20230612.114412-srg.jar%23413!/:?]
	at com.google.gson.internal.bind.TreeTypeAdapter.read(TreeTypeAdapter.java:76) ~[gson-2.10.jar%2372!/:?]
	at com.google.gson.internal.bind.TypeAdapterRuntimeTypeWrapper.read(TypeAdapterRuntimeTypeWrapper.java:40) ~[gson-2.10.jar%2372!/:?]
	at com.google.gson.internal.bind.ArrayTypeAdapter.read(ArrayTypeAdapter.java:72) ~[gson-2.10.jar%2372!/:?]
	at com.google.gson.Gson.fromJson(Gson.java:1214) ~[gson-2.10.jar%2372!/:?]
	at com.google.gson.Gson.fromJson(Gson.java:1319) ~[gson-2.10.jar%2372!/:?]
	at com.google.gson.Gson.fromJson(Gson.java:1290) ~[gson-2.10.jar%2372!/:?]
	at com.google.gson.internal.bind.TreeTypeAdapter$GsonContextImpl.deserialize(TreeTypeAdapter.java:179) ~[gson-2.10.jar%2372!/:?]
	at net.minecraft.util.GsonHelper.m_13808_(GsonHelper.java:463) ~[server-1.20.1-20230612.114412-srg.jar%23413!/:?]
	at net.minecraft.util.GsonHelper.m_13845_(GsonHelper.java:481) ~[server-1.20.1-20230612.114412-srg.jar%23413!/:?]
	at net.minecraft.world.level.storage.loot.LootTable$Serializer.deserialize(LootTable.java:294) ~[server-1.20.1-20230612.114412-srg.jar%23413!/:?]
	at net.minecraft.world.level.storage.loot.LootTable$Serializer.deserialize(LootTable.java:291) ~[server-1.20.1-20230612.114412-srg.jar%23413!/:?]
	at com.google.gson.internal.bind.TreeTypeAdapter.read(TreeTypeAdapter.java:76) ~[gson-2.10.jar%2372!/:?]
	at com.google.gson.Gson.fromJson(Gson.java:1214) ~[gson-2.10.jar%2372!/:?]
	at com.google.gson.Gson.fromJson(Gson.java:1319) ~[gson-2.10.jar%2372!/:?]
	at com.google.gson.Gson.fromJson(Gson.java:1261) ~[gson-2.10.jar%2372!/:?]
	at net.minecraftforge.common.ForgeHooks.loadLootTable(ForgeHooks.java:872) ~[forge-1.20.1-47.4.20-universal.jar%23418!/:?]
	at net.minecraftforge.common.ForgeHooks.lambda$getLootTableDeserializer$3(ForgeHooks.java:849) ~[forge-1.20.1-47.4.20-universal.jar%23418!/:?]
	at net.minecraft.world.level.storage.loot.LootDataType.deserialize(LootDataType.java:45) ~[server-1.20.1-20230612.114412-srg.jar%23413!/:?]
	at net.minecraft.world.level.storage.loot.LootDataManager.lambda$scheduleElementParse$4(LootDataManager.java:56) ~[server-1.20.1-20230612.114412-srg.jar%23413!/:?]
	at java.util.HashMap.forEach(HashMap.java:1421) ~[?:?]
	at net.minecraft.world.level.storage.loot.LootDataManager.m_278660_(LootDataManager.java:55) ~[server-1.20.1-20230612.114412-srg.jar%23413!/:?]
	at java.util.concurrent.CompletableFuture$AsyncRun.run(CompletableFuture.java:1804) ~[?:?]
	at java.util.concurrent.CompletableFuture$AsyncRun.exec(CompletableFuture.java:1796) ~[?:?]
	at java.util.concurrent.ForkJoinTask.doExec(ForkJoinTask.java:373) ~[?:?]
	at java.util.concurrent.ForkJoinPool$WorkQueue.topLevelExec(ForkJoinPool.java:1182) ~[?:?]
	at java.util.concurrent.ForkJoinPool.scan(ForkJoinPool.java:1655) ~[?:?]
	at java.util.concurrent.ForkJoinPool.runWorker(ForkJoinPool.java:1622) ~[?:?]
	at java.util.concurrent.ForkJoinWorkerThread.run(ForkJoinWorkerThread.java:165) ~[?:?]
[02Sep2026 19:43:33.910] [main/INFO] [net.lixir.vminus.VMinus/]: Loaded 0 banned recipes
[02Sep2026 19:43:33.917] [main/INFO] [net.lixir.vminus.VMinus/]: Loaded 9 item visions from data
[02Sep2026 19:43:34.040] [main/INFO] [net.lixir.vminus.VMinus/]: Loaded 1 entity visions from data
[02Sep2026 19:43:34.043] [main/INFO] [net.lixir.vminus.VMinus/]: Loaded 1 effect visions from data
[02Sep2026 19:43:34.119] [main/WARN] [net.minecraft.world.level.storage.loot.LootDataManager/]: Found loot table element validation problem in {loot_tables:irons_spellbooks:chests/citadel/citadel_bookshelf}.pools[8].entries[0]: Unknown loot table called irons_spellbooks:chests/citadel/citadel_tomes
[02Sep2026 19:43:34.123] [main/INFO] [placebo/]: Registered 34 additional loot tables.
[02Sep2026 19:43:34.238] [main/INFO] [KubeJS Server/]: Processing recipes...
[02Sep2026 19:43:34.304] [main/WARN] [KubeJS Server/]: Failed to parse recipe 'cataclysm:stonecutting/azure_seastone_brick_stair_from_stonecutting[minecraft:stonecutting]'! Falling back to vanilla: ItemStack 'result' can't be empty!
[02Sep2026 19:43:34.344] [main/WARN] [KubeJS Server/]: Failed to parse recipe 'goety:end/big_end_stone_bricks_stonecutting[minecraft:stonecutting]'! Falling back to vanilla: ItemStack 'result' can't be empty!
[02Sep2026 19:43:34.400] [main/INFO] [KubeJS Server/]: Found 7537 recipes in 160.5 ms
[02Sep2026 19:43:34.418] [main/INFO] [KubeJS Server/]: Posted recipe events in 17.50 ms
[02Sep2026 19:43:34.553] [main/INFO] [KubeJS Server/]: Added 1 recipes, removed 0 recipes, modified 1 recipes, with 0 failed recipes in 132.1 ms
[02Sep2026 19:43:34.553] [main/INFO] [ModernFix/]: Clearing KubeJS recipe lists...
[02Sep2026 19:43:34.557] [main/ERROR] [net.minecraft.server.ServerFunctionLibrary/]: Failed to load function wudi:tick
java.util.concurrent.CompletionException: java.lang.IllegalArgumentException: Whilst parsing command on line 1: Invalid or unknown entity type 'recruits:recruit' at position 19: ...s @e[type=<--[HERE]
	at java.util.concurrent.CompletableFuture.encodeThrowable(CompletableFuture.java:315) ~[?:?]
	at java.util.concurrent.CompletableFuture.completeThrowable(CompletableFuture.java:320) ~[?:?]
	at java.util.concurrent.CompletableFuture$AsyncSupply.run(CompletableFuture.java:1770) ~[?:?]
	at java.util.concurrent.CompletableFuture$AsyncSupply.exec(CompletableFuture.java:1760) ~[?:?]
	at java.util.concurrent.ForkJoinTask.doExec(ForkJoinTask.java:373) ~[?:?]
	at java.util.concurrent.ForkJoinPool$WorkQueue.topLevelExec(ForkJoinPool.java:1182) ~[?:?]
	at java.util.concurrent.ForkJoinPool.scan(ForkJoinPool.java:1655) ~[?:?]
	at java.util.concurrent.ForkJoinPool.runWorker(ForkJoinPool.java:1622) ~[?:?]
	at java.util.concurrent.ForkJoinWorkerThread.run(ForkJoinWorkerThread.java:165) ~[?:?]
Caused by: java.lang.IllegalArgumentException: Whilst parsing command on line 1: Invalid or unknown entity type 'recruits:recruit' at position 19: ...s @e[type=<--[HERE]
	at net.minecraft.commands.CommandFunction.m_77984_(CommandFunction.java:63) ~[server-1.20.1-20230612.114412-srg.jar%23413!/:?]
	at net.minecraft.server.ServerFunctionLibrary.m_214320_(ServerFunctionLibrary.java:83) ~[server-1.20.1-20230612.114412-srg.jar%23413!/:?]
	at java.util.concurrent.CompletableFuture$AsyncSupply.run(CompletableFuture.java:1768) ~[?:?]
	... 6 more
[02Sep2026 19:43:34.558] [main/ERROR] [net.minecraft.tags.TagLoader/]: Couldn't load tag minecraft:tick as it is missing following references: wudi:tick (from EFMCompat 2.0.jar)
[02Sep2026 19:43:34.926] [main/INFO] [net.minecraft.advancements.AdvancementList/]: Loaded 4449 advancements
[02Sep2026 19:43:35.428] [main/INFO] [net.lixir.vminus.VMinus/]: Loaded 0 roles
[02Sep2026 19:43:35.428] [main/INFO] [net.lixir.vminus.VMinus/]: Loaded 4 sights
[02Sep2026 19:43:35.434] [main/INFO] [top.theillusivec4.curios.Curios/]: Loaded 18 curio slots
[02Sep2026 19:43:35.438] [main/INFO] [top.theillusivec4.curios.Curios/]: Loaded 11 curio entities
[02Sep2026 19:43:35.490] [main/WARN] [com.iafenvoy.jupiter.Jupiter/]: Cannot find suitable entry for key=convergenceFailureHandler, type=sleys.sl.datadriven.protocol.SecurityPolicy$2 in config=sl_data_driven:COMMON
[02Sep2026 19:43:35.516] [main/WARN] [com.iafenvoy.jupiter.Jupiter/]: Cannot find suitable entry for key=fatalEpicFightEDPRuntimeHandler, type=sleys.sl.library.execution.policy.ExecutionPolicy$1 in config=epicfight_edp:COMMON
[02Sep2026 19:43:35.542] [main/WARN] [com.iafenvoy.jupiter.Jupiter/]: Cannot find suitable entry for key=indicatorAndStatusRunnerMethod, type=sleys.sl.library.execution.policy.ExecutionPolicy$1 in config=damage_indicator_status:COMMON
[02Sep2026 19:43:35.568] [main/WARN] [com.iafenvoy.jupiter.Jupiter/]: Cannot find suitable entry for key=fatalEpicFightRuntimeHandler, type=sleys.sl.library.execution.policy.ExecutionPolicy$1 in config=sl_library:COMMON
[02Sep2026 19:43:35.573] [main/WARN] [com.iafenvoy.jupiter.Jupiter/]: Notice: Jupiter cannot resolve 3 empty List<Enum> since technical issue in Java, it is recommended to add a value in default value list.
[02Sep2026 19:43:35.574] [main/INFO] [com.iafenvoy.jupiter.Jupiter/]: Config spec loading complete, found 42 configs from 42 mods.
[02Sep2026 19:43:35.581] [main/ERROR] [com.iafenvoy.jupiter.Jupiter/]: Failed to load field shields class class com.magistuarmory.iceandfire.config.ShieldsConfig from class com.magistuarmory.iceandfire.config.AddonConfig
java.lang.NullPointerException: Cannot invoke "Object.getClass()" because "defaults" is null
	at com.iafenvoy.jupiter.compat.clothconfig.ClothConfigHolder.buildGroup(ClothConfigHolder.java:95) ~[jupiter-2.3.7-1.20.1-forge.jar%23330!/:?]
	at com.iafenvoy.jupiter.compat.clothconfig.ClothConfigHolder.buildGroup(ClothConfigHolder.java:102) ~[jupiter-2.3.7-1.20.1-forge.jar%23330!/:?]
	at com.iafenvoy.jupiter.compat.clothconfig.ClothConfigHolder.buildGroups(ClothConfigHolder.java:90) ~[jupiter-2.3.7-1.20.1-forge.jar%23330!/:?]
	at com.iafenvoy.jupiter.config.container.wrapper.ExtraConfigWrapper.<init>(ExtraConfigWrapper.java:27) ~[jupiter-2.3.7-1.20.1-forge.jar%23330!/:?]
	at com.iafenvoy.jupiter.compat.clothconfig.ClothConfigLoader.scanConfig(ClothConfigLoader.java:30) ~[jupiter-2.3.7-1.20.1-forge.jar%23330!/:?]
	at com.iafenvoy.jupiter.compat.ExtraConfigManager.scanConfigs(ExtraConfigManager.java:29) ~[jupiter-2.3.7-1.20.1-forge.jar%23330!/:?]
	at com.iafenvoy.jupiter.ServerConfigManager.m_6213_(ServerConfigManager.java:48) ~[jupiter-2.3.7-1.20.1-forge.jar%23330!/:?]
	at net.minecraft.server.packs.resources.ResourceManagerReloadListener.m_10759_(ResourceManagerReloadListener.java:15) ~[server-1.20.1-20230612.114412-srg.jar%23413!/:?]
	at java.util.concurrent.CompletableFuture$UniRun.tryFire(CompletableFuture.java:787) ~[?:?]
	at java.util.concurrent.CompletableFuture$Completion.run(CompletableFuture.java:482) ~[?:?]
	at net.minecraft.server.packs.resources.SimpleReloadInstance.m_143940_(SimpleReloadInstance.java:69) ~[server-1.20.1-20230612.114412-srg.jar%23413!/:?]
	at net.minecraft.Util.m_214652_(Util.java:783) ~[server-1.20.1-20230612.114412-srg.jar%23413!/:?]
	at net.minecraft.Util.m_214679_(Util.java:772) ~[server-1.20.1-20230612.114412-srg.jar%23413!/:?]
	at net.minecraft.server.Main.main(Main.java:166) ~[server-1.20.1-20230612.114412-srg.jar%23413!/:?]
	at jdk.internal.reflect.NativeMethodAccessorImpl.invoke0(Native Method) ~[?:?]
	at jdk.internal.reflect.NativeMethodAccessorImpl.invoke(NativeMethodAccessorImpl.java:77) ~[?:?]
	at jdk.internal.reflect.DelegatingMethodAccessorImpl.invoke(DelegatingMethodAccessorImpl.java:43) ~[?:?]
	at java.lang.reflect.Method.invoke(Method.java:569) ~[?:?]
	at net.minecraftforge.fml.loading.targets.CommonLaunchHandler.runTarget(CommonLaunchHandler.java:111) ~[fmlloader-1.20.1-47.4.20.jar%2369!/:?]
	at net.minecraftforge.fml.loading.targets.CommonLaunchHandler.serverService(CommonLaunchHandler.java:103) ~[fmlloader-1.20.1-47.4.20.jar%2369!/:?]
	at net.minecraftforge.fml.loading.targets.CommonServerLaunchHandler.lambda$makeService$0(CommonServerLaunchHandler.java:27) ~[fmlloader-1.20.1-47.4.20.jar%2369!/:?]
	at cpw.mods.modlauncher.LaunchServiceHandlerDecorator.launch(LaunchServiceHandlerDecorator.java:30) ~[modlauncher-10.0.9.jar%2355!/:?]
	at cpw.mods.modlauncher.LaunchServiceHandler.launch(LaunchServiceHandler.java:53) ~[modlauncher-10.0.9.jar%2355!/:?]
	at cpw.mods.modlauncher.LaunchServiceHandler.launch(LaunchServiceHandler.java:71) ~[modlauncher-10.0.9.jar%2355!/:?]
	at cpw.mods.modlauncher.Launcher.run(Launcher.java:108) ~[modlauncher-10.0.9.jar%2355!/:?]
	at cpw.mods.modlauncher.Launcher.main(Launcher.java:78) ~[modlauncher-10.0.9.jar%2355!/:?]
	at cpw.mods.modlauncher.BootstrapLaunchConsumer.accept(BootstrapLaunchConsumer.java:26) ~[modlauncher-10.0.9.jar%2355!/:?]
	at cpw.mods.modlauncher.BootstrapLaunchConsumer.accept(BootstrapLaunchConsumer.java:23) ~[modlauncher-10.0.9.jar%2355!/:?]
	at cpw.mods.bootstraplauncher.BootstrapLauncher.main(BootstrapLauncher.java:141) ~[bootstraplauncher-1.1.2.jar:?]
[02Sep2026 19:43:35.588] [main/INFO] [com.iafenvoy.jupiter.Jupiter/]: Cloth Config loading complete, found 8 configs from 8 mods.
[02Sep2026 19:43:35.589] [main/INFO] [com.iafenvoy.jupiter.Jupiter/]: Successfully reload 51 server config(s).
[02Sep2026 19:43:35.752] [main/WARN] [epicfight/]: Item Capability Exception: No item named simple_weapons:netherite_spear
[02Sep2026 19:43:35.752] [main/WARN] [epicfight/]: Item Capability Exception: No item named fabledweaponry:mace_stone
[02Sep2026 19:43:35.752] [main/WARN] [epicfight/]: Item Capability Exception: No item named simple_weapons:knightmetal_greatsword
[02Sep2026 19:43:35.756] [main/WARN] [epicfight/]: Item Capability Exception: No item named rogcontinued:giantjawblade
[02Sep2026 19:43:35.756] [main/WARN] [epicfight/]: Item Capability Exception: No item named magistuarmoryaddon:steel_battleaxe
[02Sep2026 19:43:35.756] [main/WARN] [epicfight/]: Item Capability Exception: No item named knavesneeds:twilight_forest/knightmetal/rapier
[02Sep2026 19:43:35.757] [main/WARN] [epicfight/]: Item Capability Exception: No item named knavesneeds:forbidden_arcanus/draco_arcanus/halberd
[02Sep2026 19:43:35.757] [main/WARN] [epicfight/]: Item Capability Exception: No item named blue_skies:starlit_wood/cutlass
[02Sep2026 19:43:35.757] [main/WARN] [epicfight/]: Item Capability Exception: No item named blue_skies:diopside/katana
[02Sep2026 19:43:35.757] [main/WARN] [epicfight/]: Item Capability Exception: No item named knavesneeds:undergarden/cloggrum/twinblade
[02Sep2026 19:43:35.757] [main/WARN] [epicfight/]: Item Capability Exception: No item named mekanism:meka_tool
[02Sep2026 19:43:35.757] [main/WARN] [epicfight/]: Item Capability Exception: No item named blue_skies:lunar_wood/greathammer
[02Sep2026 19:43:35.757] [main/WARN] [epicfight/]: Item Capability Exception: No item named knavesneeds:undergarden/utherium/scythe
[02Sep2026 19:43:35.757] [main/WARN] [epicfight/]: Item Capability Exception: No item named blue_skies:lunar_stone/warglaive
[02Sep2026 19:43:35.757] [main/WARN] [epicfight/]: Item Capability Exception: No item named rogcontinued:thebell
[02Sep2026 19:43:35.757] [main/WARN] [epicfight/]: Item Capability Exception: No item named elementus:anthektite_sword
[02Sep2026 19:43:35.757] [main/WARN] [epicfight/]: Item Capability Exception: No item named rogcontinued:beastlord2
[02Sep2026 19:43:35.758] [main/WARN] [epicfight/]: Item Capability Exception: No item named rpgsmw:netherite_battle_axe
[02Sep2026 19:43:35.758] [main/WARN] [epicfight/]: Error while deserializing datapack for simplyswords:netherite_chakram: Can't find weapon type: epic_fight_battle_styles:chakram
[02Sep2026 19:43:35.758] [main/WARN] [epicfight/]: Error while deserializing datapack for simplyswords:runic_halberd: Can't find weapon type: falchionmoveset:falchion
[02Sep2026 19:43:35.759] [main/WARN] [epicfight/]: Item Capability Exception: No item named twilightforest:glass_sword
[02Sep2026 19:43:35.759] [main/WARN] [epicfight/]: Item Capability Exception: No item named soul_like_armors_reworked:crystaltrident
[02Sep2026 19:43:35.759] [main/WARN] [epicfight/]: Item Capability Exception: No item named fabledweaponry:waraxe_gold
[02Sep2026 19:43:35.759] [main/WARN] [epicfight/]: Item Capability Exception: No item named aether:zanite_axe
[02Sep2026 19:43:35.759] [main/WARN] [epicfight/]: Item Capability Exception: No item named l2weaponry:poseidite_claw
[02Sep2026 19:43:35.759] [main/WARN] [epicfight/]: Item Capability Exception: No item named knavesneeds:undergarden/forgotten/spear
[02Sep2026 19:43:35.759] [main/WARN] [epicfight/]: Item Capability Exception: No item named l2weaponry:blade_of_illusion
[02Sep2026 19:43:35.759] [main/WARN] [epicfight/]: Item Capability Exception: No item named rpgsmw:stone_battle_axe
[02Sep2026 19:43:35.759] [main/WARN] [epicfight/]: Item Capability Exception: No item named dungeonsweaponry:hammer_great_hammer
[02Sep2026 19:43:35.759] [main/WARN] [epicfight/]: Item Capability Exception: No item named blue_skies:diopside/warglaive
[02Sep2026 19:43:35.759] [main/WARN] [epicfight/]: Item Capability Exception: No item named simple_weapons:knightmetal_fist
[02Sep2026 19:43:35.759] [main/WARN] [epicfight/]: Item Capability Exception: No item named simple_weapons:warden_fist
[02Sep2026 19:43:35.760] [main/WARN] [epicfight/]: Item Capability Exception: No item named blue_skies:dusk_wood/halberd
[02Sep2026 19:43:35.760] [main/WARN] [epicfight/]: Item Capability Exception: No item named l2weaponry:ice_dragonsteel_throwing_axe
[02Sep2026 19:43:35.760] [main/WARN] [epicfight/]: Item Capability Exception: No item named magistuarmoryaddon:steel_rondel_dagger
[02Sep2026 19:43:35.760] [main/WARN] [epicfight/]: Item Capability Exception: No item named simple_weapons:knightmetal_spear
[02Sep2026 19:43:35.761] [main/WARN] [epicfight/]: Item Capability Exception: No item named magistuarmoryaddon:steel_voulge
[02Sep2026 19:43:35.761] [main/WARN] [epicfight/]: Item Capability Exception: No item named rpgsmw:iron_knife
[02Sep2026 19:43:35.761] [main/WARN] [epicfight/]: Item Capability Exception: No item named knavesneeds:twilight_forest/knightmetal/greathammer
[02Sep2026 19:43:35.761] [main/WARN] [epicfight/]: Item Capability Exception: No item named mcdw:spear_fortune
[02Sep2026 19:43:35.762] [main/WARN] [epicfight/]: Item Capability Exception: No item named fabledweaponry:scimitar_gold
[02Sep2026 19:43:35.762] [main/WARN] [epicfight/]: Item Capability Exception: No item named blue_skies:horizonite/scythe
[02Sep2026 19:43:35.762] [main/WARN] [epicfight/]: Item Capability Exception: No item named basicweapons:wooden_quarterstaff
[02Sep2026 19:43:35.762] [main/WARN] [epicfight/]: Item Capability Exception: No item named duneons:truthseeker
[02Sep2026 19:43:35.762] [main/WARN] [epicfight/]: Item Capability Exception: No item named rpgsmw:netherite_spear
[02Sep2026 19:43:35.762] [main/WARN] [epicfight/]: Item Capability Exception: No item named blue_skies:aquite/cutlass
[02Sep2026 19:43:35.762] [main/WARN] [epicfight/]: Item Capability Exception: No item named blue_skies:charoite/greataxe
[02Sep2026 19:43:35.762] [main/WARN] [epicfight/]: Item Capability Exception: No item named rpgsmw:copper_gauntlet
[02Sep2026 19:43:35.762] [main/WARN] [epicfight/]: Item Capability Exception: No item named mekaweapons:mekabow
[02Sep2026 19:43:35.762] [main/WARN] [epicfight/]: Item Capability Exception: No item named magistuarmoryaddon:steel_partisan
[02Sep2026 19:43:35.763] [main/WARN] [epicfight/]: Item Capability Exception: No item named knavesneeds:twilight_forest/ironwood/warglaive
[02Sep2026 19:43:35.763] [main/WARN] [epicfight/]: Item Capability Exception: No item named knavesneeds:twilight_forest/fiery/katana
[02Sep2026 19:43:35.763] [main/WARN] [epicfight/]: Item Capability Exception: No item named rpgsmw:steel_one_handed_crossbow
[02Sep2026 19:43:35.763] [main/WARN] [epicfight/]: Item Capability Exception: No item named l2weaponry:forgotten_claw
[02Sep2026 19:43:35.763] [main/WARN] [epicfight/]: Item Capability Exception: No item named magistuarmory:rusted_ranseur
[02Sep2026 19:43:35.763] [main/WARN] [epicfight/]: Item Capability Exception: No item named blue_skies:lunar_wood/katana
[02Sep2026 19:43:35.763] [main/WARN] [epicfight/]: Item Capability Exception: No item named l2weaponry:utherium_dagger
[02Sep2026 19:43:35.763] [main/WARN] [epicfight/]: Item Capability Exception: No item named rpgsmw:copper_spear
[02Sep2026 19:43:35.763] [main/WARN] [epicfight/]: Item Capability Exception: No item named mcdw:whip_vine_whip
[02Sep2026 19:43:35.763] [main/WARN] [epicfight/]: Item Capability Exception: No item named blue_skies:aquite/katana
[02Sep2026 19:43:35.764] [main/WARN] [epicfight/]: Item Capability Exception: No item named blue_skies:turquoise_stone/katana
[02Sep2026 19:43:35.764] [main/WARN] [epicfight/]: Item Capability Exception: No item named aquamirae:terrible_sword
[02Sep2026 19:43:35.764] [main/WARN] [epicfight/]: Item Capability Exception: No item named rogcontinued:prototyperancour
[02Sep2026 19:43:35.764] [main/WARN] [epicfight/]: Item Capability Exception: No item named blue_skies:pyrope/glaive
[02Sep2026 19:43:35.764] [main/WARN] [epicfight/]: Item Capability Exception: No item named dungeonsweaponry:sword_claymore
[02Sep2026 19:43:35.764] [main/WARN] [epicfight/]: Item Capability Exception: No item named l2weaponry:poseidite_dagger
[02Sep2026 19:43:35.765] [main/WARN] [epicfight/]: Error while deserializing datapack for simplyswords:netherite_twinblade: Can't find weapon type: wom:staff
[02Sep2026 19:43:35.766] [main/WARN] [epicfight/]: Item Capability Exception: No item named blue_skies:lunar_spear
[02Sep2026 19:43:35.766] [main/WARN] [epicfight/]: Item Capability Exception: No item named magistuarmory:rusted_morgenstern
[02Sep2026 19:43:35.766] [main/WARN] [epicfight/]: Item Capability Exception: No item named forbidden_arcanus:wooden_blacksmith_gavel
[02Sep2026 19:43:35.766] [main/WARN] [epicfight/]: Item Capability Exception: No item named duneons:sickle_sickle
[02Sep2026 19:43:35.767] [main/WARN] [epicfight/]: Item Capability Exception: No item named duneons:gauntlet_maulers
[02Sep2026 19:43:35.767] [main/WARN] [epicfight/]: Error while deserializing datapack for simplyswords:gold_glaive: Can't find weapon type: falchionmoveset:falchion
[02Sep2026 19:43:35.767] [main/WARN] [epicfight/]: Item Capability Exception: No item named knavesneeds:deeperdarker/warden/longsword
[02Sep2026 19:43:35.767] [main/WARN] [epicfight/]: Item Capability Exception: No item named blue_skies:lunar_stone/halberd
[02Sep2026 19:43:35.767] [main/WARN] [epicfight/]: Item Capability Exception: No item named blue_skies:horizonite/twinblade
[02Sep2026 19:43:35.768] [main/WARN] [epicfight/]: Item Capability Exception: No item named duneons:claymoreblue
[02Sep2026 19:43:35.768] [main/WARN] [epicfight/]: Error while deserializing datapack for simplyswords:iron_halberd: Can't find weapon type: falchionmoveset:falchion
[02Sep2026 19:43:35.768] [main/WARN] [epicfight/]: Item Capability Exception: No item named fabledweaponry:scythe_diamond
[02Sep2026 19:43:35.768] [main/WARN] [epicfight/]: Item Capability Exception: No item named basicweapons:netherite_club
[02Sep2026 19:43:35.769] [main/WARN] [epicfight/]: Item Capability Exception: No item named dungeonsweaponry:dagger_the_beginning
[02Sep2026 19:43:35.769] [main/WARN] [epicfight/]: Item Capability Exception: No item named magistuarmoryaddon:steel_short_seax
[02Sep2026 19:43:35.771] [main/WARN] [epicfight/]: epicfight:cut is not a hit particle type in magistuarmory:pike
[02Sep2026 19:43:35.776] [main/WARN] [epicfight/]: Item Capability Exception: No item named blue_skies:lunar_wood/cutlass
[02Sep2026 19:43:35.776] [main/WARN] [epicfight/]: Item Capability Exception: No item named knavesneeds:twilight_forest/ironwood/rapier
[02Sep2026 19:43:35.776] [main/WARN] [epicfight/]: Item Capability Exception: No item named simple_weapons:electrum_katana
[02Sep2026 19:43:35.777] [main/WARN] [epicfight/]: Item Capability Exception: No item named knavesneeds:twilight_forest/steeleaf/claymore
[02Sep2026 19:43:35.778] [main/WARN] [epicfight/]: Item Capability Exception: No item named dungeonsweaponry:gauntlet_gauntlet
[02Sep2026 19:43:35.778] [main/WARN] [epicfight/]: Item Capability Exception: No item named knavesneeds:forbidden_arcanus/reinforced_deorum/sai
[02Sep2026 19:43:35.778] [main/WARN] [epicfight/]: Item Capability Exception: No item named magistuarmoryaddon:steel_cutlass
[02Sep2026 19:43:35.778] [main/WARN] [epicfight/]: Error while deserializing datapack for simplyswords:flamewind: Can't find weapon type: falchionmoveset:falchion
[02Sep2026 19:43:35.778] [main/WARN] [epicfight/]: Item Capability Exception: No item named l2weaponry:knightmetal_nunchaku
[02Sep2026 19:43:35.779] [main/WARN] [epicfight/]: Item Capability Exception: No item named rogcontinued:songofbrokenpines
[02Sep2026 19:43:35.779] [main/WARN] [epicfight/]: Item Capability Exception: No item named mcdw:spear_whispering_spear
[02Sep2026 19:43:35.779] [main/WARN] [epicfight/]: Item Capability Exception: No item named aether:holy_sword
[02Sep2026 19:43:35.779] [main/WARN] [epicfight/]: Item Capability Exception: No item named simple_weapons:warden_katana
[02Sep2026 19:43:35.779] [main/WARN] [epicfight/]: Item Capability Exception: No item named epicempires:roman_spear
[02Sep2026 19:43:35.779] [main/WARN] [epicfight/]: Item Capability Exception: No item named l2weaponry:ice_dragonsteel_battle_axe
[02Sep2026 19:43:35.779] [main/WARN] [epicfight/]: Item Capability Exception: No item named simple_weapons:knightmetal_katana
[02Sep2026 19:43:35.779] [main/WARN] [epicfight/]: Item Capability Exception: No item named blue_skies:pyrope/scythe
[02Sep2026 19:43:35.779] [main/WARN] [epicfight/]: Item Capability Exception: No item named blue_skies:bluebright_wood/greataxe
[02Sep2026 19:43:35.779] [main/WARN] [epicfight/]: Item Capability Exception: No item named l2weaponry:steeleaf_claw
[02Sep2026 19:43:35.779] [main/WARN] [epicfight/]: Item Capability Exception: No item named knavesneeds:undergarden/forgotten/twinblade
[02Sep2026 19:43:35.780] [main/WARN] [epicfight/]: Item Capability Exception: No item named basicweapons:netherite_dagger
[02Sep2026 19:43:35.780] [main/WARN] [epicfight/]: Item Capability Exception: No item named l2weaponry:eternium_claw
[02Sep2026 19:43:35.780] [main/WARN] [epicfight/]: Item Capability Exception: No item named magistuarmoryaddon:steel_swiss_halberd
[02Sep2026 19:43:35.780] [main/WARN] [epicfight/]: Item Capability Exception: No item named l2weaponry:froststeel_battle_axe
[02Sep2026 19:43:35.781] [main/WARN] [epicfight/]: Item Capability Exception: No item named blue_skies:dusk_wood/scythe
[02Sep2026 19:43:35.781] [main/WARN] [epicfight/]: Item Capability Exception: No item named duneons:the_starless_night
[02Sep2026 19:43:35.781] [main/WARN] [epicfight/]: Item Capability Exception: No item named blue_skies:frostbright_wood/greathammer
[02Sep2026 19:43:35.781] [main/WARN] [epicfight/]: Item Capability Exception: No item named basicweapons:iron_club
[02Sep2026 19:43:35.781] [main/WARN] [epicfight/]: Item Capability Exception: No item named blue_skies:frostbright_wood/chakram
[02Sep2026 19:43:35.782] [main/WARN] [epicfight/]: Item Capability Exception: No item named l2weaponry:netherite_dagger
[02Sep2026 19:43:35.782] [main/WARN] [epicfight/]: Item Capability Exception: No item named simple_weapons:ironwood_greatsword
[02Sep2026 19:43:35.782] [main/WARN] [epicfight/]: Item Capability Exception: No item named l2weaponry:netherite_javelin
[02Sep2026 19:43:35.782] [main/WARN] [epicfight/]: Item Capability Exception: No item named blue_skies:bluebright_wood/halberd
[02Sep2026 19:43:35.783] [main/WARN] [epicfight/]: Item Capability Exception: No item named magistuarmoryaddon:steel_saxon_sword
[02Sep2026 19:43:35.783] [main/WARN] [epicfight/]: Item Capability Exception: No item named knavesneeds:forbidden_arcanus/draco_arcanus/sai
[02Sep2026 19:43:35.783] [main/WARN] [epicfight/]: Item Capability Exception: No item named mekanism:electric_bow
[02Sep2026 19:43:35.784] [main/WARN] [epicfight/]: epicfight:cut is not a hit particle type in magistuarmory:pike
[02Sep2026 19:43:35.784] [main/WARN] [epicfight/]: Item Capability Exception: No item named knavesneeds:twilight_forest/fiery/claymore
[02Sep2026 19:43:35.784] [main/WARN] [epicfight/]: Item Capability Exception: No item named rpgsmw:stone_knife
[02Sep2026 19:43:35.785] [main/WARN] [epicfight/]: epicfight:cut is not a hit particle type in magistuarmory:pike
[02Sep2026 19:43:35.785] [main/WARN] [epicfight/]: Item Capability Exception: No item named rogcontinued:wavebreakersfin
[02Sep2026 19:43:35.785] [main/WARN] [epicfight/]: Item Capability Exception: No item named mcdw:sword_hawkbrand
[02Sep2026 19:43:35.786] [main/WARN] [epicfight/]: Item Capability Exception: No item named basicweapons:stone_dagger
[02Sep2026 19:43:35.786] [main/WARN] [epicfight/]: Item Capability Exception: No item named blue_skies:charoite/twinblade
[02Sep2026 19:43:35.786] [main/WARN] [epicfight/]: epicfight:cut is not a hit particle type in magistuarmory:pike
[02Sep2026 19:43:35.787] [main/WARN] [epicfight/]: Item Capability Exception: No item named rogcontinued:debateclub
[02Sep2026 19:43:35.787] [main/WARN] [epicfight/]: Item Capability Exception: No item named mcdw:gauntlet_soul_fists
[02Sep2026 19:43:35.787] [main/WARN] [epicfight/]: Item Capability Exception: No item named blue_skies:dusk_wood/glaive
[02Sep2026 19:43:35.787] [main/WARN] [epicfight/]: Item Capability Exception: No item named magistuarmoryaddon:training_sword
[02Sep2026 19:43:35.787] [main/WARN] [epicfight/]: Item Capability Exception: No item named l2weaponry:ironwood_hammer
[02Sep2026 19:43:35.787] [main/WARN] [epicfight/]: Item Capability Exception: No item named rpgsmw:netheritegauntlet
[02Sep2026 19:43:35.787] [main/WARN] [epicfight/]: Item Capability Exception: No item named l2weaponry:shulkerate_hammer
[02Sep2026 19:43:35.787] [main/WARN] [epicfight/]: Item Capability Exception: No item named mcdw:glaive_glaive
[02Sep2026 19:43:35.788] [main/WARN] [epicfight/]: Item Capability Exception: No item named l2weaponry:ironwood_battle_axe
[02Sep2026 19:43:35.788] [main/WARN] [epicfight/]: Item Capability Exception: No item named knavesneeds:undergarden/utherium/greathammer
[02Sep2026 19:43:35.788] [main/WARN] [epicfight/]: Item Capability Exception: No item named aether:holystone_axe
[02Sep2026 19:43:35.788] [main/WARN] [epicfight/]: Item Capability Exception: No item named simple_weapons:diamond_dagger
[02Sep2026 19:43:35.788] [main/WARN] [epicfight/]: Item Capability Exception: No item named magistuarmory:rusted_zweihander
[02Sep2026 19:43:35.788] [main/WARN] [epicfight/]: Item Capability Exception: No item named knavesneeds:twilight_forest/fiery/sai
[02Sep2026 19:43:35.788] [main/WARN] [epicfight/]: Item Capability Exception: No item named mcdw:scythe_soul_scythe
[02Sep2026 19:43:35.788] [main/WARN] [epicfight/]: Error while deserializing datapack for simplyswords:netherite_glaive: Can't find weapon type: falchionmoveset:falchion
[02Sep2026 19:43:35.788] [main/WARN] [epicfight/]: Item Capability Exception: No item named knavesneeds:twilight_forest/ironwood/greataxe
[02Sep2026 19:43:35.789] [main/WARN] [epicfight/]: Item Capability Exception: No item named duneons:moondagger
[02Sep2026 19:43:35.789] [main/WARN] [epicfight/]: Item Capability Exception: No item named magistuarmory:rusted_concavehalberd
[02Sep2026 19:43:35.789] [main/WARN] [epicfight/]: Item Capability Exception: No item named minecraftdungeonsv1:bone_cudgel
[02Sep2026 19:43:35.789] [main/WARN] [epicfight/]: Item Capability Exception: No item named rpgsmw:steel_battle_hammer
[02Sep2026 19:43:35.789] [main/WARN] [epicfight/]: Item Capability Exception: No item named rpgsmw:iron_greatsword
[02Sep2026 19:43:35.789] [main/WARN] [epicfight/]: Item Capability Exception: No item named magistuarmoryaddon:steel_grand_falchion
[02Sep2026 19:43:35.789] [main/WARN] [epicfight/]: Item Capability Exception: No item named duneons:dagger_the_end
[02Sep2026 19:43:35.789] [main/WARN] [epicfight/]: Item Capability Exception: No item named simple_weapons:netherite_greatsword
[02Sep2026 19:43:35.789] [main/WARN] [epicfight/]: Item Capability Exception: No item named rpgsmw:miphril_one_handed_crossbow
[02Sep2026 19:43:35.789] [main/WARN] [epicfight/]: Error while deserializing datapack for epicpaladins:moonlight_glaive: Can't find weapon type: wom:staff
[02Sep2026 19:43:35.790] [main/WARN] [epicfight/]: Item Capability Exception: No item named l2weaponry:froststeel_spear
[02Sep2026 19:43:35.791] [main/WARN] [epicfight/]: Item Capability Exception: No item named duneons:sickle_last_laugh_silver
[02Sep2026 19:43:35.791] [main/WARN] [epicfight/]: Item Capability Exception: No item named duneons:whip
[02Sep2026 19:43:35.791] [main/WARN] [epicfight/]: Item Capability Exception: No item named blue_skies:lunar_stone/scythe
[02Sep2026 19:43:35.791] [main/WARN] [epicfight/]: Item Capability Exception: No item named magistuarmory:rusted_flamebladedsword
[02Sep2026 19:43:35.791] [main/WARN] [epicfight/]: Item Capability Exception: No item named rpgsmw:iron_scythe
[02Sep2026 19:43:35.791] [main/WARN] [epicfight/]: Item Capability Exception: No item named l2weaponry:netherite_throwing_axe
[02Sep2026 19:43:35.791] [main/WARN] [epicfight/]: Item Capability Exception: No item named rogcontinued:thunderingpulse
[02Sep2026 19:43:35.791] [main/WARN] [epicfight/]: Item Capability Exception: No item named soul_like_armors_reworked:kata_sword
[02Sep2026 19:43:35.791] [main/WARN] [epicfight/]: Item Capability Exception: No item named l2weaponry:abyss_echo
[02Sep2026 19:43:35.791] [main/WARN] [epicfight/]: Error while deserializing datapack for simplyswords:iron_twinblade: Can't find weapon type: wom:staff
[02Sep2026 19:43:35.792] [main/WARN] [epicfight/]: Item Capability Exception: No item named fabledweaponry:scimitar_diamond
[02Sep2026 19:43:35.792] [main/WARN] [epicfight/]: Item Capability Exception: No item named rpgsmw:diamon_wand
[02Sep2026 19:43:35.792] [main/WARN] [epicfight/]: Item Capability Exception: No item named l2weaponry:forgotten_throwing_axe
[02Sep2026 19:43:35.792] [main/WARN] [epicfight/]: Item Capability Exception: No item named dungeonsweaponry:sword_heartstealer
[02Sep2026 19:43:35.792] [main/WARN] [epicfight/]: Item Capability Exception: No item named blue_skies:aquite/chakram
[02Sep2026 19:43:35.792] [main/WARN] [epicfight/]: Item Capability Exception: No item named dungeonsweaponry:dagger_fangs_of_frost
[02Sep2026 19:43:35.792] [main/WARN] [epicfight/]: Item Capability Exception: No item named dungeonsweaponry:sword_obsidian_claymore
[02Sep2026 19:43:35.792] [main/WARN] [epicfight/]: Item Capability Exception: No item named rpgsmw:stone_greatsword
[02Sep2026 19:43:35.792] [main/WARN] [epicfight/]: Item Capability Exception: No item named epicsamurai:sai_netherite
[02Sep2026 19:43:35.792] [main/WARN] [epicfight/]: Item Capability Exception: No item named blue_skies:cherry_wood/greataxe
[02Sep2026 19:43:35.792] [main/WARN] [epicfight/]: Item Capability Exception: No item named magistuarmoryaddon:steel_lance
[02Sep2026 19:43:35.792] [main/WARN] [epicfight/]: Item Capability Exception: No item named l2weaponry:iron_hammer
[02Sep2026 19:43:35.792] [main/WARN] [epicfight/]: Item Capability Exception: No item named l2weaponry:sculkium_javelin
[02Sep2026 19:43:35.792] [main/WARN] [epicfight/]: Item Capability Exception: No item named rpgsmw:nephris_one_handed_crossbow
[02Sep2026 19:43:35.793] [main/WARN] [epicfight/]: Item Capability Exception: No item named basicweapons:wooden_hammer
[02Sep2026 19:43:35.793] [main/WARN] [epicfight/]: Item Capability Exception: No item named magistuarmory:rusted_heavywarhammer
[02Sep2026 19:43:35.793] [main/WARN] [epicfight/]: Item Capability Exception: No item named l2weaponry:eternium_battle_axe
[02Sep2026 19:43:35.793] [main/WARN] [epicfight/]: Item Capability Exception: No item named l2weaponry:fire_dragonsteel_javelin
[02Sep2026 19:43:35.793] [main/WARN] [epicfight/]: Item Capability Exception: No item named rogcontinued:whiteirongreatsword
[02Sep2026 19:43:35.794] [main/WARN] [epicfight/]: Item Capability Exception: No item named blue_skies:maple_wood/rapier
[02Sep2026 19:43:35.794] [main/WARN] [epicfight/]: Item Capability Exception: No item named basicweapons:stone_quarterstaff
[02Sep2026 19:43:35.795] [main/WARN] [epicfight/]: Item Capability Exception: No item named l2weaponry:iron_throwing_axe
[02Sep2026 19:43:35.795] [main/WARN] [epicfight/]: Item Capability Exception: No item named mcdw:scythe_jailors_scythe
[02Sep2026 19:43:35.795] [main/WARN] [epicfight/]: Item Capability Exception: No item named l2weaponry:diamond_claw
[02Sep2026 19:43:35.795] [main/WARN] [epicfight/]: Item Capability Exception: No item named l2weaponry:utherium_machete
[02Sep2026 19:43:35.795] [main/WARN] [epicfight/]: Item Capability Exception: No item named mcdw:gauntlet_maulers
[02Sep2026 19:43:35.795] [main/WARN] [epicfight/]: Item Capability Exception: No item named knavesneeds:twilight_forest/ironwood/sai
[02Sep2026 19:43:35.795] [main/WARN] [epicfight/]: Item Capability Exception: No item named duneons:fortune_spear
[02Sep2026 19:43:35.795] [main/WARN] [epicfight/]: Item Capability Exception: No item named dungeonsweaponry:dagger_chill_gale_knife
[02Sep2026 19:43:35.796] [main/WARN] [epicfight/]: Item Capability Exception: No item named soul_like_armors_reworked:dragonslayeraxe
[02Sep2026 19:43:35.796] [main/WARN] [epicfight/]: Item Capability Exception: No item named simple_weapons:knightmetal_scythe
[02Sep2026 19:43:35.796] [main/WARN] [epicfight/]: Item Capability Exception: No item named dungeonsweaponry:sword_truthseeker
[02Sep2026 19:43:35.796] [main/WARN] [epicfight/]: Item Capability Exception: No item named forbidden_arcanus:stone_blacksmith_gavel
[02Sep2026 19:43:35.796] [main/WARN] [epicfight/]: Item Capability Exception: No item named mcdw:dagger_void_touched_blade
[02Sep2026 19:43:35.796] [main/WARN] [epicfight/]: Item Capability Exception: No item named rpgsmw:iron_healer_wand
[02Sep2026 19:43:35.796] [main/WARN] [epicfight/]: Item Capability Exception: No item named aquamirae:whisper_of_the_abyss
[02Sep2026 19:43:35.796] [main/WARN] [epicfight/]: Item Capability Exception: No item named blue_skies:starlit_wood/katana
[02Sep2026 19:43:35.797] [main/WARN] [epicfight/]: Item Capability Exception: No item named basicweapons:stone_club
[02Sep2026 19:43:35.797] [main/WARN] [epicfight/]: Item Capability Exception: No item named knavesneeds:forbidden_arcanus/reinforced_deorum/rapier
[02Sep2026 19:43:35.797] [main/WARN] [epicfight/]: Item Capability Exception: No item named simple_weapons:pendorite_greatsword
[02Sep2026 19:43:35.797] [main/WARN] [epicfight/]: Item Capability Exception: No item named blue_skies:frostbright_spear
[02Sep2026 19:43:35.797] [main/WARN] [epicfight/]: Item Capability Exception: No item named simple_weapons:electrum_scythe
[02Sep2026 19:43:35.797] [main/WARN] [epicfight/]: epicfight:cut is not a hit particle type in magistuarmory:pike
[02Sep2026 19:43:35.798] [main/WARN] [epicfight/]: Item Capability Exception: No item named simple_weapons:netherite_fist
[02Sep2026 19:43:35.798] [main/WARN] [epicfight/]: Item Capability Exception: No item named dungeonsweaponry:hammer_bone_cudgel
[02Sep2026 19:43:35.798] [main/WARN] [epicfight/]: Item Capability Exception: No item named rpgsmw:iron_wand
[02Sep2026 19:43:35.798] [main/WARN] [epicfight/]: Item Capability Exception: No item named blue_skies:maple_wood/warglaive
[02Sep2026 19:43:35.798] [main/WARN] [epicfight/]: Item Capability Exception: No item named duneons:whispering_spear
[02Sep2026 19:43:35.799] [main/WARN] [epicfight/]: Item Capability Exception: No item named knavesneeds:twilight_forest/fiery/halberd
[02Sep2026 19:43:35.799] [main/WARN] [epicfight/]: Item Capability Exception: No item named magistuarmoryaddon:steel_scythe
[02Sep2026 19:43:35.799] [main/WARN] [epicfight/]: Item Capability Exception: No item named l2weaponry:shulkerate_machete
[02Sep2026 19:43:35.799] [main/WARN] [epicfight/]: Item Capability Exception: No item named rpgsmw:netherite_rifle
[02Sep2026 19:43:35.799] [main/WARN] [epicfight/]: Item Capability Exception: No item named blue_skies:pyrope/katana
[02Sep2026 19:43:35.799] [main/WARN] [epicfight/]: Item Capability Exception: No item named blue_skies:starlit_wood/chakram
[02Sep2026 19:43:35.799] [main/WARN] [epicfight/]: Item Capability Exception: No item named simple_weapons:stone_dagger
[02Sep2026 19:43:35.799] [main/WARN] [epicfight/]: Item Capability Exception: No item named blue_skies:maple_wood/longsword
[02Sep2026 19:43:35.800] [main/WARN] [epicfight/]: Item Capability Exception: No item named blue_skies:soulbound_spear
[02Sep2026 19:43:35.800] [main/WARN] [epicfight/]: Item Capability Exception: No item named knavesneeds:twilight_forest/knightmetal/sai
[02Sep2026 19:43:35.800] [main/WARN] [epicfight/]: Item Capability Exception: No item named knavesneeds:undergarden/utherium/halberd
[02Sep2026 19:43:35.800] [main/WARN] [epicfight/]: Item Capability Exception: No item named blue_skies:diopside/greataxe
[02Sep2026 19:43:35.800] [main/WARN] [epicfight/]: Item Capability Exception: No item named magistuarmoryaddon:steel_boar_spear
[02Sep2026 19:43:35.800] [main/WARN] [epicfight/]: Item Capability Exception: No item named l2weaponry:totemic_gold_throwing_axe
[02Sep2026 19:43:35.800] [main/WARN] [epicfight/]: Item Capability Exception: No item named magistuarmoryaddon:steel_war_hammer
[02Sep2026 19:43:35.800] [main/WARN] [epicfight/]: Item Capability Exception: No item named knavesneeds:undergarden/utherium/spear
[02Sep2026 19:43:35.801] [main/WARN] [epicfight/]: Item Capability Exception: No item named forbidden_arcanus:draco_arcanus_sword
[02Sep2026 19:43:35.801] [main/WARN] [epicfight/]: Item Capability Exception: No item named forbidden_arcanus:reinforced_deorum_axe
[02Sep2026 19:43:35.801] [main/WARN] [epicfight/]: Item Capability Exception: No item named rogcontinued:skywardblade
[02Sep2026 19:43:35.801] [main/WARN] [epicfight/]: Item Capability Exception: No item named l2weaponry:sculkium_throwing_axe
[02Sep2026 19:43:35.801] [main/WARN] [epicfight/]: Item Capability Exception: No item named knavesneeds:twilight_forest/steeleaf/halberd
[02Sep2026 19:43:35.802] [main/WARN] [epicfight/]: Item Capability Exception: No item named knavesneeds:undergarden/cloggrum/cutlass
[02Sep2026 19:43:35.802] [main/WARN] [epicfight/]: Item Capability Exception: No item named magistuarmory:rusted_katzbalger
[02Sep2026 19:43:35.802] [main/WARN] [epicfight/]: Item Capability Exception: No item named epicsamurai:katana
[02Sep2026 19:43:35.802] [main/WARN] [epicfight/]: Item Capability Exception: No item named blue_skies:bluebright_wood/greathammer
[02Sep2026 19:43:35.803] [main/WARN] [epicfight/]: epicfight:cut is not a hit particle type in magistuarmory:pike
[02Sep2026 19:43:35.804] [main/WARN] [epicfight/]: Item Capability Exception: No item named blue_skies:lunar_wood/warglaive
[02Sep2026 19:43:35.804] [main/WARN] [epicfight/]: Item Capability Exception: No item named mcdw:sword_masters_katana
[02Sep2026 19:43:35.804] [main/WARN] [epicfight/]: Item Capability Exception: No item named twilightforest:ironwood_sword
[02Sep2026 19:43:35.804] [main/WARN] [epicfight/]: Item Capability Exception: No item named l2weaponry:poseidite_spear
[02Sep2026 19:43:35.804] [main/WARN] [epicfight/]: Item Capability Exception: No item named magistuarmoryaddon:steel_falchion
[02Sep2026 19:43:35.804] [main/WARN] [epicfight/]: Item Capability Exception: No item named blue_skies:diopside/glaive
[02Sep2026 19:43:35.804] [main/WARN] [epicfight/]: Item Capability Exception: No item named simple_weapons:steeleaf_spear
[02Sep2026 19:43:35.804] [main/WARN] [epicfight/]: Item Capability Exception: No item named simple_weapons:steeleaf_scythe
[02Sep2026 19:43:35.804] [main/WARN] [epicfight/]: Item Capability Exception: No item named l2weaponry:fiery_claw
[02Sep2026 19:43:35.804] [main/WARN] [epicfight/]: Item Capability Exception: No item named basicweapons:netherite_spear
[02Sep2026 19:43:35.805] [main/WARN] [epicfight/]: Item Capability Exception: No item named rogcontinued:hamayumi
[02Sep2026 19:43:35.805] [main/WARN] [epicfight/]: Item Capability Exception: No item named undergarden:cloggrum_battleaxe
[02Sep2026 19:43:35.805] [main/WARN] [epicfight/]: Item Capability Exception: No item named soul_like_armors_reworked:soldiertrident
[02Sep2026 19:43:35.805] [main/WARN] [epicfight/]: Item Capability Exception: No item named knavesneeds:undergarden/utherium/sai
[02Sep2026 19:43:35.805] [main/WARN] [epicfight/]: Item Capability Exception: No item named dungeonsweaponry:staff_growing_staff
[02Sep2026 19:43:35.806] [main/WARN] [epicfight/]: Item Capability Exception: No item named blue_skies:cherry_wood/longsword
[02Sep2026 19:43:35.806] [main/WARN] [epicfight/]: Item Capability Exception: No item named blue_skies:pyrope/twinblade
[02Sep2026 19:43:35.806] [main/WARN] [epicfight/]: Item Capability Exception: No item named blue_skies:dusk_wood/claymore
[02Sep2026 19:43:35.806] [main/WARN] [epicfight/]: Item Capability Exception: No item named knavesneeds:forbidden_arcanus/draco_arcanus/cutlass
[02Sep2026 19:43:35.806] [main/WARN] [epicfight/]: Item Capability Exception: No item named duneons:masters_katana
[02Sep2026 19:43:35.806] [main/WARN] [epicfight/]: Item Capability Exception: No item named rogcontinued:skywardpride
[02Sep2026 19:43:35.806] [main/WARN] [epicfight/]: Item Capability Exception: No item named knavesneeds:twilight_forest/fiery/greataxe
[02Sep2026 19:43:35.806] [main/WARN] [epicfight/]: Item Capability Exception: No item named l2weaponry:poseidite_javelin
[02Sep2026 19:43:35.806] [main/WARN] [epicfight/]: Item Capability Exception: No item named blue_skies:pyrope/claymore
[02Sep2026 19:43:35.806] [main/WARN] [epicfight/]: Item Capability Exception: No item named magistuarmoryaddon:steel_francisca_axe
[02Sep2026 19:43:35.807] [main/WARN] [epicfight/]: Item Capability Exception: No item named simple_weapons:ironwood_scythe
[02Sep2026 19:43:35.807] [main/WARN] [epicfight/]: Item Capability Exception: No item named l2weaponry:eternium_nunchaku
[02Sep2026 19:43:35.807] [main/WARN] [epicfight/]: Item Capability Exception: No item named blue_skies:frostbright_wood/spear
[02Sep2026 19:43:35.807] [main/WARN] [epicfight/]: Item Capability Exception: No item named mcdw:sword_katana
[02Sep2026 19:43:35.807] [main/WARN] [epicfight/]: Item Capability Exception: No item named fabledweaponry:scimitar_netherite
[02Sep2026 19:43:35.807] [main/WARN] [epicfight/]: Item Capability Exception: No item named dungeonsweaponry:sword_rapier
[02Sep2026 19:43:35.807] [main/WARN] [epicfight/]: Item Capability Exception: No item named epicsamurai:katana_kitsune_blue
[02Sep2026 19:43:35.807] [main/WARN] [epicfight/]: Item Capability Exception: No item named blue_skies:dusk_wood/twinblade
[02Sep2026 19:43:35.807] [main/WARN] [epicfight/]: Item Capability Exception: No item named l2weaponry:steeleaf_javelin
[02Sep2026 19:43:35.808] [main/WARN] [epicfight/]: Item Capability Exception: No item named mcdw:axe_encrusted_anchor
[02Sep2026 19:43:35.808] [main/WARN] [epicfight/]: Item Capability Exception: No item named dungeonsweaponry:dagger_tempest_knife
[02Sep2026 19:43:35.808] [main/WARN] [epicfight/]: Item Capability Exception: No item named basicweapons:stone_hammer
[02Sep2026 19:43:35.808] [main/WARN] [epicfight/]: Item Capability Exception: No item named mcdw:dagger_shear_dagger
[02Sep2026 19:43:35.809] [main/WARN] [epicfight/]: Item Capability Exception: No item named blue_skies:dusk_wood/cutlass
[02Sep2026 19:43:35.809] [main/WARN] [epicfight/]: Item Capability Exception: No item named mcdw:soul_dagger_eternal_knife
[02Sep2026 19:43:35.809] [main/WARN] [epicfight/]: Item Capability Exception: No item named mcdw:sword_great_axeblade
[02Sep2026 19:43:35.809] [main/WARN] [epicfight/]: Item Capability Exception: No item named blue_skies:lunar_wood/twinblade
[02Sep2026 19:43:35.810] [main/WARN] [epicfight/]: Error while deserializing datapack for simplyswords:runic_warglaive: Can't find weapon type: wom:staff
[02Sep2026 19:43:35.810] [main/WARN] [epicfight/]: Item Capability Exception: No item named knavesneeds:undergarden/forgotten/rapier
[02Sep2026 19:43:35.810] [main/WARN] [epicfight/]: Item Capability Exception: No item named duneons:dagger_void_touched_blade
[02Sep2026 19:43:35.810] [main/WARN] [epicfight/]: Item Capability Exception: No item named knavesneeds:deeperdarker/warden/glaive
[02Sep2026 19:43:35.810] [main/WARN] [epicfight/]: Item Capability Exception: No item named rpgsmw:miphril_scythe
[02Sep2026 19:43:35.810] [main/WARN] [epicfight/]: epicfight:cut is not a hit particle type in magistuarmory:pike
[02Sep2026 19:43:35.811] [main/WARN] [epicfight/]: epicfight:cut is not a hit particle type in magistuarmory:pike
[02Sep2026 19:43:35.811] [main/WARN] [epicfight/]: Item Capability Exception: No item named simple_weapons:fiery_greatsword
[02Sep2026 19:43:35.811] [main/WARN] [epicfight/]: Item Capability Exception: No item named blue_skies:horizonite/glaive
[02Sep2026 19:43:35.812] [main/WARN] [epicfight/]: Item Capability Exception: No item named reliquary:handgun
[02Sep2026 19:43:35.812] [main/WARN] [epicfight/]: Item Capability Exception: No item named blue_skies:aquite/halberd
[02Sep2026 19:43:35.812] [main/WARN] [epicfight/]: Item Capability Exception: No item named blue_skies:cherry_wood/scythe
[02Sep2026 19:43:35.812] [main/WARN] [epicfight/]: Item Capability Exception: No item named blue_skies:diopside/chakram
[02Sep2026 19:43:35.812] [main/WARN] [epicfight/]: Item Capability Exception: No item named epic_knights_ice_and_fire:myrmex_bastardsword
[02Sep2026 19:43:35.812] [main/WARN] [epicfight/]: Item Capability Exception: No item named minecraftdungeonsv1:dagger
[02Sep2026 19:43:35.813] [main/WARN] [epicfight/]: Item Capability Exception: No item named dungeonsweaponry:scythe_skull_scythe
[02Sep2026 19:43:35.813] [main/WARN] [epicfight/]: Item Capability Exception: No item named magistuarmoryaddon:steel_feder
[02Sep2026 19:43:35.813] [main/WARN] [epicfight/]: Item Capability Exception: No item named duneons:scythe_soul_scythe
[02Sep2026 19:43:35.813] [main/WARN] [epicfight/]: Item Capability Exception: No item named magistuarmoryaddon:steel_scimitar
[02Sep2026 19:43:35.813] [main/WARN] [epicfight/]: Item Capability Exception: No item named magistuarmoryaddon:steel_glaive
[02Sep2026 19:43:35.813] [main/WARN] [epicfight/]: Item Capability Exception: No item named simple_weapons:netherite_dagger
[02Sep2026 19:43:35.813] [main/WARN] [epicfight/]: Item Capability Exception: No item named rpgsmw:netherite_hammer
[02Sep2026 19:43:35.813] [main/WARN] [epicfight/]: Item Capability Exception: No item named l2weaponry:gold_claw
[02Sep2026 19:43:35.813] [main/WARN] [epicfight/]: Item Capability Exception: No item named blue_skies:diopside/longsword
[02Sep2026 19:43:35.813] [main/WARN] [epicfight/]: Item Capability Exception: No item named blue_skies:lunar_wood/longsword
[02Sep2026 19:43:35.813] [main/WARN] [epicfight/]: Item Capability Exception: No item named knavesneeds:undergarden/utherium/glaive
[02Sep2026 19:43:35.814] [main/WARN] [epicfight/]: Error while deserializing datapack for simplyswords:thunderbrand: Can't find weapon type: falchionmoveset:falchion
[02Sep2026 19:43:35.814] [main/WARN] [epicfight/]: Item Capability Exception: No item named duneons:dagger_swift_striker
[02Sep2026 19:43:35.814] [main/WARN] [epicfight/]: Item Capability Exception: No item named rpgsmw:copper_rifle
[02Sep2026 19:43:35.814] [main/WARN] [epicfight/]: Item Capability Exception: No item named rpgsmw:iron_battle_axe
[02Sep2026 19:43:35.814] [main/WARN] [epicfight/]: Item Capability Exception: No item named fabledweaponry:scythe_netherite
[02Sep2026 19:43:35.814] [main/WARN] [epicfight/]: Item Capability Exception: No item named basicweapons:netherite_hammer
[02Sep2026 19:43:35.814] [main/WARN] [epicfight/]: Item Capability Exception: No item named duneons:spear
[02Sep2026 19:43:35.814] [main/WARN] [epicfight/]: Item Capability Exception: No item named rogcontinued:whiteblind
[02Sep2026 19:43:35.814] [main/WARN] [epicfight/]: Item Capability Exception: No item named blue_skies:bluebright_wood/katana
[02Sep2026 19:43:35.814] [main/WARN] [epicfight/]: Item Capability Exception: No item named knavesneeds:twilight_forest/fiery/longsword
[02Sep2026 19:43:35.815] [main/WARN] [epicfight/]: Item Capability Exception: No item named l2weaponry:axe_of_cursed_flame
[02Sep2026 19:43:35.815] [main/WARN] [epicfight/]: Item Capability Exception: No item named duneons:growing_staff
[02Sep2026 19:43:35.815] [main/WARN] [epicfight/]: Item Capability Exception: No item named l2weaponry:ice_dragonsteel_machete
[02Sep2026 19:43:35.815] [main/WARN] [epicfight/]: Item Capability Exception: No item named farmersdelight:golden_knife
[02Sep2026 19:43:35.815] [main/WARN] [epicfight/]: Item Capability Exception: No item named minecraftdungeonsv1:hammer_of_gravity
[02Sep2026 19:43:35.815] [main/WARN] [epicfight/]: Item Capability Exception: No item named rogcontinued:skywardspine
[02Sep2026 19:43:35.815] [main/WARN] [epicfight/]: Item Capability Exception: No item named knavesneeds:twilight_forest/fiery/greathammer
[02Sep2026 19:43:35.815] [main/WARN] [epicfight/]: Item Capability Exception: No item named simple_weapons:warden_spear
[02Sep2026 19:43:35.815] [main/WARN] [epicfight/]: Item Capability Exception: No item named magistuarmoryaddon:steel_fauchard
[02Sep2026 19:43:35.815] [main/WARN] [epicfight/]: Item Capability Exception: No item named l2weaponry:forgotten_nunchaku
[02Sep2026 19:43:35.815] [main/WARN] [epicfight/]: Item Capability Exception: No item named minecraftdungeonsv1:great_hammer
[02Sep2026 19:43:35.815] [main/WARN] [epicfight/]: Item Capability Exception: No item named simple_weapons:warden_scythe
[02Sep2026 19:43:35.815] [main/WARN] [epicfight/]: Item Capability Exception: No item named mcdw:hammer_boneclub
[02Sep2026 19:43:35.815] [main/WARN] [epicfight/]: Item Capability Exception: No item named dungeonsweaponry:dagger_resolute_tempest_knife
[02Sep2026 19:43:35.815] [main/WARN] [epicfight/]: Item Capability Exception: No item named knavesneeds:deeperdarker/warden/scythe
[02Sep2026 19:43:35.815] [main/WARN] [epicfight/]: Item Capability Exception: No item named soul_like_armors_reworked:lightningsword
[02Sep2026 19:43:35.815] [main/WARN] [epicfight/]: Item Capability Exception: No item named dungeonsweaponry:whip_whip
[02Sep2026 19:43:35.816] [main/WARN] [epicfight/]: Item Capability Exception: No item named simple_weapons:stone_greatsword
[02Sep2026 19:43:35.816] [main/WARN] [epicfight/]: Item Capability Exception: No item named knavesneeds:twilight_forest/ironwood/chakram
[02Sep2026 19:43:35.816] [main/WARN] [epicfight/]: Item Capability Exception: No item named blue_skies:cherry_wood/glaive
[02Sep2026 19:43:35.816] [main/WARN] [epicfight/]: Item Capability Exception: No item named born_in_chaos_v1:staffofthe_summoner
[02Sep2026 19:43:35.816] [main/WARN] [epicfight/]: Item Capability Exception: No item named fabledweaponry:greatsword_gold
[02Sep2026 19:43:35.816] [main/WARN] [epicfight/]: Item Capability Exception: No item named epicsamurai:tonbukiri_netherite
[02Sep2026 19:43:35.816] [main/WARN] [epicfight/]: Item Capability Exception: No item named mcdw:dagger_backstabber
[02Sep2026 19:43:35.816] [main/WARN] [epicfight/]: Item Capability Exception: No item named mcdw:sword_broadsword
[02Sep2026 19:43:35.816] [main/WARN] [epicfight/]: Item Capability Exception: No item named blue_skies:cherry_wood/warglaive
[02Sep2026 19:43:35.816] [main/WARN] [epicfight/]: Item Capability Exception: No item named knavesneeds:undergarden/utherium/cutlass
[02Sep2026 19:43:35.816] [main/WARN] [epicfight/]: Item Capability Exception: No item named l2weaponry:diamond_dagger
[02Sep2026 19:43:35.816] [main/WARN] [epicfight/]: Item Capability Exception: No item named epicsamurai:nagamaki_netherite
[02Sep2026 19:43:35.816] [main/WARN] [epicfight/]: Item Capability Exception: No item named rpgsmw:miphril_wand
[02Sep2026 19:43:35.816] [main/WARN] [epicfight/]: Item Capability Exception: No item named basicweapons:wooden_club
[02Sep2026 19:43:35.816] [main/WARN] [epicfight/]: Item Capability Exception: No item named eeeabsmobs:immortal_axe
[02Sep2026 19:43:35.816] [main/WARN] [epicfight/]: Error while deserializing datapack for simplyswords:tempest: Can't find weapon type: epic_fight_battle_styles:chakram
[02Sep2026 19:43:35.817] [main/WARN] [epicfight/]: Item Capability Exception: No item named simple_weapons:electrum_greatsword
[02Sep2026 19:43:35.817] [main/WARN] [epicfight/]: Item Capability Exception: No item named blue_skies:bluebright_spear
[02Sep2026 19:43:35.817] [main/WARN] [epicfight/]: Item Capability Exception: No item named blue_skies:diopside/spear
[02Sep2026 19:43:35.817] [main/WARN] [epicfight/]: Item Capability Exception: No item named knavesneeds:twilight_forest/knightmetal/katana
[02Sep2026 19:43:35.817] [main/WARN] [epicfight/]: Item Capability Exception: No item named blue_skies:diopside/rapier
[02Sep2026 19:43:35.817] [main/WARN] [epicfight/]: Item Capability Exception: No item named duneons:dagger_the_beginning
[02Sep2026 19:43:35.817] [main/WARN] [epicfight/]: Item Capability Exception: No item named dungeonsweaponry:glaive_grave_bane
[02Sep2026 19:43:35.817] [main/WARN] [epicfight/]: Item Capability Exception: No item named duneons:obsidian_claymore
[02Sep2026 19:43:35.818] [main/WARN] [epicfight/]: Item Capability Exception: No item named rpgsmw:miphrilknife
[02Sep2026 19:43:35.819] [main/WARN] [epicfight/]: Item Capability Exception: No item named undergarden:forgotten_battleaxe
[02Sep2026 19:43:35.819] [main/WARN] [epicfight/]: Item Capability Exception: No item named elementus:diarkrite_knife
[02Sep2026 19:43:35.819] [main/WARN] [epicfight/]: Item Capability Exception: No item named dungeonsweaponry:sword_dark_katana
[02Sep2026 19:43:35.819] [main/WARN] [epicfight/]: Item Capability Exception: No item named knavesneeds:undergarden/froststeel/warglaive
[02Sep2026 19:43:35.819] [main/WARN] [epicfight/]: Item Capability Exception: No item named rogcontinued:amenomakageuchi
[02Sep2026 19:43:35.819] [main/WARN] [epicfight/]: Item Capability Exception: No item named knavesneeds:forbidden_arcanus/draco_arcanus/claymore
[02Sep2026 19:43:35.819] [main/WARN] [epicfight/]: Item Capability Exception: No item named minecraftdungeonsv1:fangs_of_frost
[02Sep2026 19:43:35.819] [main/WARN] [epicfight/]: Item Capability Exception: No item named duneons:scythe_frost_scythe
[02Sep2026 19:43:35.819] [main/WARN] [epicfight/]: Item Capability Exception: No item named knavesneeds:deeperdarker/warden/greathammer
[02Sep2026 19:43:35.819] [main/WARN] [epicfight/]: Item Capability Exception: No item named rpgsmw:steel_healer_wand
[02Sep2026 19:43:35.819] [main/WARN] [epicfight/]: Item Capability Exception: No item named rpgsmw:copper_wand
[02Sep2026 19:43:35.820] [main/WARN] [epicfight/]: Item Capability Exception: No item named fabledweaponry:maul_netherite
[02Sep2026 19:43:35.820] [main/WARN] [epicfight/]: Item Capability Exception: No item named rpgsmw:miphrilgauntlet
[02Sep2026 19:43:35.820] [main/WARN] [epicfight/]: Item Capability Exception: No item named magistuarmoryaddon:steel_bollock_dagger
[02Sep2026 19:43:35.821] [main/WARN] [epicfight/]: Item Capability Exception: No item named epicempires:egyptian_fan_axe
[02Sep2026 19:43:35.821] [main/WARN] [epicfight/]: Item Capability Exception: No item named aquamirae:sweet_lance
[02Sep2026 19:43:35.822] [main/WARN] [epicfight/]: Item Capability Exception: No item named simple_weapons:diamond_katana
[02Sep2026 19:43:35.822] [main/WARN] [epicfight/]: Item Capability Exception: No item named duneons:chill_gale_knife
[02Sep2026 19:43:35.822] [main/WARN] [epicfight/]: Item Capability Exception: No item named mcdw:dagger_chill_gale_knife
[02Sep2026 19:43:35.822] [main/WARN] [epicfight/]: Item Capability Exception: No item named rpgsmw:newgen_hammer
[02Sep2026 19:43:35.822] [main/WARN] [epicfight/]: Item Capability Exception: No item named blue_skies:bluebright_wood/rapier
[02Sep2026 19:43:35.822] [main/WARN] [epicfight/]: Item Capability Exception: No item named biomancy:despoil_sickle
[02Sep2026 19:43:35.822] [main/WARN] [epicfight/]: Item Capability Exception: No item named basicweapons:iron_spear
[02Sep2026 19:43:35.822] [main/WARN] [epicfight/]: Item Capability Exception: No item named rogcontinued:favoniusgreatsword
[02Sep2026 19:43:35.822] [main/WARN] [epicfight/]: Item Capability Exception: No item named knavesneeds:undergarden/froststeel/glaive
[02Sep2026 19:43:35.822] [main/WARN] [epicfight/]: Item Capability Exception: No item named blue_skies:turquoise_stone/rapier
[02Sep2026 19:43:35.823] [main/WARN] [epicfight/]: Item Capability Exception: No item named epicsamurai:tonbukiri
[02Sep2026 19:43:35.823] [main/WARN] [epicfight/]: Item Capability Exception: No item named knavesneeds:twilight_forest/steeleaf/longsword
[02Sep2026 19:43:35.823] [main/WARN] [epicfight/]: Item Capability Exception: No item named knavesneeds:twilight_forest/knightmetal/longsword
[02Sep2026 19:43:35.823] [main/WARN] [epicfight/]: Item Capability Exception: No item named l2weaponry:steeleaf_hammer
[02Sep2026 19:43:35.823] [main/WARN] [epicfight/]: Item Capability Exception: No item named soul_like_armors_reworked:longsword
[02Sep2026 19:43:35.824] [main/WARN] [epicfight/]: Item Capability Exception: No item named blue_skies:pyrope/chakram
[02Sep2026 19:43:35.824] [main/WARN] [epicfight/]: Item Capability Exception: No item named blue_skies:maple_wood/chakram
[02Sep2026 19:43:35.824] [main/WARN] [epicfight/]: Item Capability Exception: No item named blue_skies:dusk_wood/greataxe
[02Sep2026 19:43:35.824] [main/WARN] [epicfight/]: Item Capability Exception: No item named basicweapons:iron_hammer
[02Sep2026 19:43:35.824] [main/WARN] [epicfight/]: Item Capability Exception: No item named simple_weapons:corinthium_greatsword
[02Sep2026 19:43:35.824] [main/WARN] [epicfight/]: Item Capability Exception: No item named forbidden_arcanus:golden_blacksmith_gavel
[02Sep2026 19:43:35.824] [main/WARN] [epicfight/]: Item Capability Exception: No item named aquamirae:coral_lance
[02Sep2026 19:43:35.824] [main/WARN] [epicfight/]: Item Capability Exception: No item named dungeonsweaponry:gauntlet_soul_fists
[02Sep2026 19:43:35.824] [main/WARN] [epicfight/]: Item Capability Exception: No item named knavesneeds:undergarden/forgotten/scythe
[02Sep2026 19:43:35.825] [main/WARN] [epicfight/]: Error while deserializing datapack for vampirism:hunter_axe_ultimate: Can't find weapon type: wom:torment
[02Sep2026 19:43:35.825] [main/WARN] [epicfight/]: Item Capability Exception: No item named aether:zanite_sword
[02Sep2026 19:43:35.825] [main/WARN] [epicfight/]: Item Capability Exception: No item named simple_weapons:steeleaf_sickle
[02Sep2026 19:43:35.825] [main/WARN] [epicfight/]: Item Capability Exception: No item named knavesneeds:forbidden_arcanus/reinforced_deorum/greathammer
[02Sep2026 19:43:35.825] [main/WARN] [epicfight/]: Item Capability Exception: No item named blue_skies:starlit_wood/warglaive
[02Sep2026 19:43:35.825] [main/WARN] [epicfight/]: Item Capability Exception: No item named blue_skies:aquite/rapier
[02Sep2026 19:43:35.825] [main/WARN] [epicfight/]: Item Capability Exception: No item named blue_skies:charoite/rapier
[02Sep2026 19:43:35.825] [main/WARN] [epicfight/]: Item Capability Exception: No item named l2weaponry:utherium_throwing_axe
[02Sep2026 19:43:35.826] [main/WARN] [epicfight/]: Item Capability Exception: No item named mcdw:hammer_bone_cudgel
[02Sep2026 19:43:35.826] [main/WARN] [epicfight/]: Item Capability Exception: No item named blue_skies:aquite/sai
[02Sep2026 19:43:35.826] [main/WARN] [epicfight/]: Item Capability Exception: No item named magistuarmoryaddon:steel_war_axe
[02Sep2026 19:43:35.826] [main/WARN] [epicfight/]: Item Capability Exception: No item named fabledweaponry:waraxe_iron
[02Sep2026 19:43:35.826] [main/WARN] [epicfight/]: Item Capability Exception: No item named twilightforest:ice_sword
[02Sep2026 19:43:35.827] [main/WARN] [epicfight/]: Item Capability Exception: No item named knavesneeds:undergarden/forgotten/sai
[02Sep2026 19:43:35.827] [main/WARN] [epicfight/]: Item Capability Exception: No item named davespotioneering:netherite_gauntlet
[02Sep2026 19:43:35.827] [main/WARN] [epicfight/]: Item Capability Exception: No item named knavesneeds:undergarden/utherium/greataxe
[02Sep2026 19:43:35.827] [main/WARN] [epicfight/]: Item Capability Exception: No item named knavesneeds:undergarden/utherium/longsword
[02Sep2026 19:43:35.827] [main/WARN] [epicfight/]: Item Capability Exception: No item named dungeonsweaponry:glaive_venom_glaive
[02Sep2026 19:43:35.827] [main/WARN] [epicfight/]: Item Capability Exception: No item named l2weaponry:fiery_battle_axe
[02Sep2026 19:43:35.827] [main/WARN] [epicfight/]: Error while deserializing datapack for simplyswords:diamond_glaive: Can't find weapon type: falchionmoveset:falchion
[02Sep2026 19:43:35.827] [main/WARN] [epicfight/]: Item Capability Exception: No item named l2weaponry:eternium_dagger
[02Sep2026 19:43:35.827] [main/WARN] [epicfight/]: Item Capability Exception: No item named knavesneeds:twilight_forest/steeleaf/greataxe
[02Sep2026 19:43:35.827] [main/WARN] [epicfight/]: Item Capability Exception: No item named blue_skies:maple_wood/spear
[02Sep2026 19:43:35.827] [main/WARN] [epicfight/]: Item Capability Exception: No item named rpgsmw:nephris_wand
[02Sep2026 19:43:35.828] [main/WARN] [epicfight/]: Error while deserializing datapack for simplyswords:wickpiercer: Can't find weapon type: falchionmoveset:falchion
[02Sep2026 19:43:35.828] [main/WARN] [epicfight/]: Item Capability Exception: No item named rogcontinued:wastergreatsword
[02Sep2026 19:43:35.828] [main/WARN] [epicfight/]: Item Capability Exception: No item named simple_weapons:pendorite_spear
[02Sep2026 19:43:35.828] [main/WARN] [epicfight/]: Item Capability Exception: No item named blue_skies:aquite/twinblade
[02Sep2026 19:43:35.828] [main/WARN] [epicfight/]: Item Capability Exception: No item named blue_skies:turquoise_stone/sai
[02Sep2026 19:43:35.828] [main/WARN] [epicfight/]: Item Capability Exception: No item named mcdw:axe_anchor
[02Sep2026 19:43:35.828] [main/WARN] [epicfight/]: Item Capability Exception: No item named rogcontinued:bonelance
[02Sep2026 19:43:35.828] [main/WARN] [epicfight/]: Item Capability Exception: No item named eeeabsmobs:immortal_sword
[02Sep2026 19:43:35.828] [main/WARN] [epicfight/]: Item Capability Exception: No item named knavesneeds:twilight_forest/ironwood/katana
[02Sep2026 19:43:35.828] [main/WARN] [epicfight/]: Item Capability Exception: No item named blue_skies:horizonite/katana
[02Sep2026 19:43:35.828] [main/WARN] [epicfight/]: Item Capability Exception: No item named dungeonsweaponry:sword_the_starless_night
[02Sep2026 19:43:35.828] [main/WARN] [epicfight/]: Item Capability Exception: No item named knavesneeds:undergarden/froststeel/halberd
[02Sep2026 19:43:35.829] [main/WARN] [epicfight/]: epicfight:cut is not a hit particle type in magistuarmory:pike
[02Sep2026 19:43:35.829] [main/WARN] [epicfight/]: Item Capability Exception: No item named l2weaponry:utherium_hammer
[02Sep2026 19:43:35.829] [main/WARN] [epicfight/]: Item Capability Exception: No item named rpgsmw:iron_rifle
[02Sep2026 19:43:35.829] [main/WARN] [epicfight/]: Item Capability Exception: No item named knavesneeds:forbidden_arcanus/reinforced_deorum/scythe
[02Sep2026 19:43:35.829] [main/WARN] [epicfight/]: Item Capability Exception: No item named magistuarmoryaddon:steel_welsh_guisarme
[02Sep2026 19:43:35.830] [main/WARN] [epicfight/]: Item Capability Exception: No item named rogcontinued:harbingerofdawn
[02Sep2026 19:43:35.830] [main/WARN] [epicfight/]: epicfight:cut is not a hit particle type in magistuarmory:pike
[02Sep2026 19:43:35.830] [main/WARN] [epicfight/]: Item Capability Exception: No item named l2weaponry:fiery_machete
[02Sep2026 19:43:35.830] [main/WARN] [epicfight/]: Item Capability Exception: No item named blue_skies:lunar_wood/scythe
[02Sep2026 19:43:35.830] [main/WARN] [epicfight/]: epicfight:cut is not a hit particle type in magistuarmory:pike
[02Sep2026 19:43:35.830] [main/WARN] [epicfight/]: Item Capability Exception: No item named aether:vampire_blade
[02Sep2026 19:43:35.830] [main/WARN] [epicfight/]: Item Capability Exception: No item named basicweapons:golden_hammer
[02Sep2026 19:43:35.830] [main/WARN] [epicfight/]: Item Capability Exception: No item named undergarden:utherium_axe
[02Sep2026 19:43:35.831] [main/WARN] [epicfight/]: Item Capability Exception: No item named blue_skies:starlit_wood/halberd
[02Sep2026 19:43:35.831] [main/WARN] [epicfight/]: Item Capability Exception: No item named blue_skies:charoite/spear
[02Sep2026 19:43:35.831] [main/WARN] [epicfight/]: Item Capability Exception: No item named l2weaponry:fire_dragonsteel_battle_axe
[02Sep2026 19:43:35.831] [main/WARN] [epicfight/]: Item Capability Exception: No item named magistuarmoryaddon:steel_arming_sword_type_xiii
[02Sep2026 19:43:35.831] [main/WARN] [epicfight/]: Item Capability Exception: No item named blue_skies:frostbright_wood/cutlass
[02Sep2026 19:43:35.831] [main/WARN] [epicfight/]: Item Capability Exception: No item named rpgsmw:netherite_one_handed_crossbow
[02Sep2026 19:43:35.831] [main/WARN] [epicfight/]: Item Capability Exception: No item named blue_skies:aquite/glaive
[02Sep2026 19:43:35.831] [main/WARN] [epicfight/]: Item Capability Exception: No item named knavesneeds:deeperdarker/warden/katana
[02Sep2026 19:43:35.831] [main/WARN] [epicfight/]: Item Capability Exception: No item named dungeonsweaponry:soul_dagger_soul_knife
[02Sep2026 19:43:35.831] [main/WARN] [epicfight/]: Item Capability Exception: No item named knavesneeds:twilight_forest/knightmetal/cutlass
[02Sep2026 19:43:35.831] [main/WARN] [epicfight/]: Item Capability Exception: No item named eeeabsmobs:guardian_core
[02Sep2026 19:43:35.831] [main/WARN] [epicfight/]: Item Capability Exception: No item named rogcontinued:whitetassel
[02Sep2026 19:43:35.831] [main/WARN] [epicfight/]: Item Capability Exception: No item named blue_skies:frostbright_wood/greataxe
[02Sep2026 19:43:35.831] [main/WARN] [epicfight/]: epicfight:cut is not a hit particle type in magistuarmory:pike
[02Sep2026 19:43:35.832] [main/WARN] [epicfight/]: Item Capability Exception: No item named knavesneeds:twilight_forest/fiery/warglaive
[02Sep2026 19:43:35.832] [main/WARN] [epicfight/]: Item Capability Exception: No item named l2weaponry:sculkium_nunchaku
[02Sep2026 19:43:35.832] [main/WARN] [epicfight/]: Item Capability Exception: No item named fabledweaponry:greatsword_diamond
[02Sep2026 19:43:35.832] [main/WARN] [epicfight/]: Item Capability Exception: No item named minecraftdungeonsv1:broad_sword
[02Sep2026 19:43:35.832] [main/WARN] [epicfight/]: Item Capability Exception: No item named l2weaponry:diamond_battle_axe
[02Sep2026 19:43:35.832] [main/WARN] [epicfight/]: Item Capability Exception: No item named blue_skies:dusk_wood/spear
[02Sep2026 19:43:35.832] [main/WARN] [epicfight/]: Item Capability Exception: No item named l2weaponry:fire_dragonsteel_hammer
[02Sep2026 19:43:35.832] [main/WARN] [epicfight/]: Item Capability Exception: No item named l2weaponry:forgotten_hammer
[02Sep2026 19:43:35.832] [main/WARN] [epicfight/]: Item Capability Exception: No item named l2weaponry:utherium_nunchaku
[02Sep2026 19:43:35.832] [main/WARN] [epicfight/]: Item Capability Exception: No item named knavesneeds:undergarden/cloggrum/sai
[02Sep2026 19:43:35.832] [main/WARN] [epicfight/]: Item Capability Exception: No item named elementus_arcane:arcane_axe
[02Sep2026 19:43:35.832] [main/WARN] [epicfight/]: Item Capability Exception: No item named simple_weapons:corinthium_sickle
[02Sep2026 19:43:35.833] [main/WARN] [epicfight/]: Error while deserializing datapack for simplyswords:runic_chakram: Can't find weapon type: epic_fight_battle_styles:chakram
[02Sep2026 19:43:35.837] [main/WARN] [epicfight/]: Item Capability Exception: No item named simple_weapons:electrum_dagger
[02Sep2026 19:43:35.838] [main/WARN] [epicfight/]: Item Capability Exception: No item named basicweapons:iron_quarterstaff
[02Sep2026 19:43:35.838] [main/WARN] [epicfight/]: Item Capability Exception: No item named blue_skies:aquite/longsword
[02Sep2026 19:43:35.838] [main/WARN] [epicfight/]: Item Capability Exception: No item named blue_skies:diopside/scythe
[02Sep2026 19:43:35.838] [main/WARN] [epicfight/]: Item Capability Exception: No item named fabledweaponry:greatsword_wood
[02Sep2026 19:43:35.839] [main/WARN] [epicfight/]: epicfight:cut is not a hit particle type in magistuarmory:pike
[02Sep2026 19:43:35.839] [main/WARN] [epicfight/]: Item Capability Exception: No item named knavesneeds:forbidden_arcanus/draco_arcanus/twinblade
[02Sep2026 19:43:35.840] [main/WARN] [epicfight/]: Item Capability Exception: No item named blue_skies:bluebright_wood/glaive
[02Sep2026 19:43:35.840] [main/WARN] [epicfight/]: Item Capability Exception: No item named rogcontinued:lanceoflonginus
[02Sep2026 19:43:35.840] [main/WARN] [epicfight/]: Item Capability Exception: No item named simple_weapons:knightmetal_dagger
[02Sep2026 19:43:35.840] [main/WARN] [epicfight/]: Item Capability Exception: No item named davespotioneering:potioneer_gauntlet
[02Sep2026 19:43:35.840] [main/WARN] [epicfight/]: Item Capability Exception: No item named aquamirae:poisoned_blade
[02Sep2026 19:43:35.841] [main/WARN] [epicfight/]: Item Capability Exception: No item named blue_skies:pyrope/sai
[02Sep2026 19:43:35.841] [main/WARN] [epicfight/]: Item Capability Exception: No item named blue_skies:lunar_wood/halberd
[02Sep2026 19:43:35.841] [main/WARN] [epicfight/]: Item Capability Exception: No item named blue_skies:horizonite/greathammer
[02Sep2026 19:43:35.841] [main/WARN] [epicfight/]: Item Capability Exception: No item named rogcontinued:theblacksword
[02Sep2026 19:43:35.841] [main/WARN] [epicfight/]: Item Capability Exception: No item named forbidden_arcanus:diamond_blacksmith_gavel
[02Sep2026 19:43:35.841] [main/WARN] [epicfight/]: Item Capability Exception: No item named fabledweaponry:scimitar_iron
[02Sep2026 19:43:35.841] [main/WARN] [epicfight/]: Item Capability Exception: No item named knavesneeds:forbidden_arcanus/reinforced_deorum/longsword
[02Sep2026 19:43:35.841] [main/WARN] [epicfight/]: Item Capability Exception: No item named simple_weapons:iron_fist
[02Sep2026 19:43:35.841] [main/WARN] [epicfight/]: Item Capability Exception: No item named rpgsmw:diamond_battle_axe
[02Sep2026 19:43:35.841] [main/WARN] [epicfight/]: Item Capability Exception: No item named elementus:anthektite_axe
[02Sep2026 19:43:35.841] [main/WARN] [epicfight/]: Item Capability Exception: No item named simple_weapons:iron_spear
[02Sep2026 19:43:35.842] [main/WARN] [epicfight/]: Item Capability Exception: No item named blue_skies:cherry_wood/katana
[02Sep2026 19:43:35.842] [main/WARN] [epicfight/]: Item Capability Exception: No item named rpgsmw:copper_greatsword
[02Sep2026 19:43:35.842] [main/WARN] [epicfight/]: Item Capability Exception: No item named aether:skyroot_axe
[02Sep2026 19:43:35.842] [main/WARN] [epicfight/]: Item Capability Exception: No item named magistuarmoryaddon:steel_executioners_sword
[02Sep2026 19:43:35.842] [main/WARN] [epicfight/]: Item Capability Exception: No item named knavesneeds:undergarden/cloggrum/greathammer
[02Sep2026 19:43:35.842] [main/WARN] [epicfight/]: Item Capability Exception: No item named born_in_chaos_v1:pumpkin_staff
[02Sep2026 19:43:35.842] [main/WARN] [epicfight/]: Item Capability Exception: No item named farmersdelight:skillet
[02Sep2026 19:43:35.842] [main/WARN] [epicfight/]: Item Capability Exception: No item named dungeonsweaponry:sword_masters_katana
[02Sep2026 19:43:35.842] [main/WARN] [epicfight/]: Item Capability Exception: No item named mcdw:staff_battlestaff
[02Sep2026 19:43:35.842] [main/WARN] [epicfight/]: Item Capability Exception: No item named l2weaponry:utherium_javelin
[02Sep2026 19:43:35.842] [main/WARN] [epicfight/]: epicfight:cut is not a hit particle type in magistuarmory:pike
[02Sep2026 19:43:35.843] [main/WARN] [epicfight/]: Item Capability Exception: No item named blue_skies:starlit_wood/greathammer
[02Sep2026 19:43:35.843] [main/WARN] [epicfight/]: Item Capability Exception: No item named dungeonsweaponry:spear_fortune
[02Sep2026 19:43:35.843] [main/WARN] [epicfight/]: Item Capability Exception: No item named born_in_chaos_v1:pumpkin_pistol
[02Sep2026 19:43:35.843] [main/WARN] [epicfight/]: Item Capability Exception: No item named fabledweaponry:scythe_iron
[02Sep2026 19:43:35.843] [main/WARN] [epicfight/]: Item Capability Exception: No item named duneons:dagger_shear_dagger
[02Sep2026 19:43:35.843] [main/WARN] [epicfight/]: Item Capability Exception: No item named knavesneeds:undergarden/utherium/katana
[02Sep2026 19:43:35.843] [main/WARN] [epicfight/]: Item Capability Exception: No item named epicsamurai:kamayari_netherite
[02Sep2026 19:43:35.843] [main/WARN] [epicfight/]: Item Capability Exception: No item named blue_skies:cherry_wood/twinblade
[02Sep2026 19:43:35.843] [main/WARN] [epicfight/]: Item Capability Exception: No item named blue_skies:frostbright_wood/twinblade
[02Sep2026 19:43:35.843] [main/WARN] [epicfight/]: Item Capability Exception: No item named l2weaponry:gold_hammer
[02Sep2026 19:43:35.843] [main/WARN] [epicfight/]: Item Capability Exception: No item named l2weaponry:ice_dragonsteel_dagger
[02Sep2026 19:43:35.843] [main/WARN] [epicfight/]: Item Capability Exception: No item named magistuarmoryaddon:steel_german_greatsword
[02Sep2026 19:43:35.843] [main/WARN] [epicfight/]: Item Capability Exception: No item named simple_weapons:iron_katana
[02Sep2026 19:43:35.844] [main/WARN] [epicfight/]: Item Capability Exception: No item named magistuarmoryaddon:steel_broadaxe
[02Sep2026 19:43:35.844] [main/WARN] [epicfight/]: Item Capability Exception: No item named rpgsmw:nephris_battle_glove
[02Sep2026 19:43:35.844] [main/WARN] [epicfight/]: Item Capability Exception: No item named knavesneeds:undergarden/utherium/twinblade
[02Sep2026 19:43:35.844] [main/WARN] [epicfight/]: Item Capability Exception: No item named knavesneeds:forbidden_arcanus/draco_arcanus/rapier
[02Sep2026 19:43:35.844] [main/WARN] [epicfight/]: Item Capability Exception: No item named knavesneeds:twilight_forest/steeleaf/cutlass
[02Sep2026 19:43:35.844] [main/WARN] [epicfight/]: Item Capability Exception: No item named simple_weapons:warden_dagger
[02Sep2026 19:43:35.844] [main/WARN] [epicfight/]: Item Capability Exception: No item named rogcontinued:bonebludgeon
[02Sep2026 19:43:35.844] [main/WARN] [epicfight/]: Item Capability Exception: No item named l2weaponry:fiery_javelin
[02Sep2026 19:43:35.844] [main/WARN] [epicfight/]: Item Capability Exception: No item named blue_skies:charoite/longsword
[02Sep2026 19:43:35.844] [main/WARN] [epicfight/]: Item Capability Exception: No item named basicweapons:diamond_club
[02Sep2026 19:43:35.844] [main/WARN] [epicfight/]: Item Capability Exception: No item named simple_weapons:corinthium_scythe
[02Sep2026 19:43:35.844] [main/WARN] [epicfight/]: Item Capability Exception: No item named knavesneeds:undergarden/froststeel/sai
[02Sep2026 19:43:35.844] [main/WARN] [epicfight/]: Item Capability Exception: No item named l2weaponry:abyss_terror
[02Sep2026 19:43:35.844] [main/WARN] [epicfight/]: Item Capability Exception: No item named undergarden:froststeel_sword
[02Sep2026 19:43:35.844] [main/WARN] [epicfight/]: Item Capability Exception: No item named fabledweaponry:waraxe_diamond
[02Sep2026 19:43:35.845] [main/WARN] [epicfight/]: Item Capability Exception: No item named aether:candy_cane_sword
[02Sep2026 19:43:35.845] [main/WARN] [epicfight/]: Item Capability Exception: No item named rogcontinued:skywardharp
[02Sep2026 19:43:35.845] [main/WARN] [epicfight/]: Item Capability Exception: No item named knavesneeds:deeperdarker/warden/twinblade
[02Sep2026 19:43:35.845] [main/WARN] [epicfight/]: Item Capability Exception: No item named rogcontinued:snowtombedstarsilver
[02Sep2026 19:43:35.846] [main/WARN] [epicfight/]: Item Capability Exception: No item named mcdw:sickle_sickle
[02Sep2026 19:43:35.846] [main/WARN] [epicfight/]: Item Capability Exception: No item named blue_skies:charoite/claymore
[02Sep2026 19:43:35.846] [main/WARN] [epicfight/]: Item Capability Exception: No item named l2weaponry:iron_machete
[02Sep2026 19:43:35.846] [main/WARN] [epicfight/]: Item Capability Exception: No item named blue_skies:charoite/sai
[02Sep2026 19:43:35.846] [main/WARN] [epicfight/]: Item Capability Exception: No item named knavesneeds:forbidden_arcanus/reinforced_deorum/katana
[02Sep2026 19:43:35.848] [main/WARN] [epicfight/]: Item Capability Exception: No item named knavesneeds:forbidden_arcanus/draco_arcanus/greataxe
[02Sep2026 19:43:35.848] [main/WARN] [epicfight/]: Item Capability Exception: No item named twilightforest:knightmetal_axe
[02Sep2026 19:43:35.849] [main/WARN] [epicfight/]: Item Capability Exception: No item named blue_skies:charoite/glaive
[02Sep2026 19:43:35.849] [main/WARN] [epicfight/]: Error while deserializing datapack for simplyswords:diamond_twinblade: Can't find weapon type: wom:staff
[02Sep2026 19:43:35.849] [main/WARN] [epicfight/]: Item Capability Exception: No item named rpgsmw:copper_battle_axe
[02Sep2026 19:43:35.849] [main/WARN] [epicfight/]: Item Capability Exception: No item named dungeonsweaponry:dagger_moon
[02Sep2026 19:43:35.849] [main/WARN] [epicfight/]: epicfight:cut is not a hit particle type in magistuarmory:pike
[02Sep2026 19:43:35.850] [main/WARN] [epicfight/]: Item Capability Exception: No item named blue_skies:dusk_wood/katana
[02Sep2026 19:43:35.850] [main/WARN] [epicfight/]: Item Capability Exception: No item named rpgsmw:miphril_greatsword
[02Sep2026 19:43:35.850] [main/WARN] [epicfight/]: Item Capability Exception: No item named magistuarmoryaddon:steel_long_seax
[02Sep2026 19:43:35.850] [main/WARN] [epicfight/]: Item Capability Exception: No item named twilightforest:giant_pickaxe
[02Sep2026 19:43:35.850] [main/WARN] [epicfight/]: Item Capability Exception: No item named dungeonsweaponry:sword_broadsword
[02Sep2026 19:43:35.851] [main/WARN] [epicfight/]: Item Capability Exception: No item named knavesneeds:twilight_forest/fiery/glaive
[02Sep2026 19:43:35.851] [main/WARN] [epicfight/]: Item Capability Exception: No item named fabledweaponry:maul_stone
[02Sep2026 19:43:35.851] [main/WARN] [epicfight/]: Item Capability Exception: No item named blue_skies:lunar_stone/glaive
[02Sep2026 19:43:35.851] [main/WARN] [epicfight/]: Item Capability Exception: No item named l2weaponry:ice_dragonsteel_claw
[02Sep2026 19:43:35.851] [main/WARN] [epicfight/]: Item Capability Exception: No item named l2weaponry:sculkium_dagger
[02Sep2026 19:43:35.851] [main/WARN] [epicfight/]: Item Capability Exception: No item named duneons:dagger
[02Sep2026 19:43:35.852] [main/WARN] [epicfight/]: Error while deserializing datapack for simplyswords:runic_glaive: Can't find weapon type: falchionmoveset:falchion
[02Sep2026 19:43:35.852] [main/WARN] [epicfight/]: Item Capability Exception: No item named l2weaponry:steeleaf_spear
[02Sep2026 19:43:35.852] [main/WARN] [epicfight/]: Item Capability Exception: No item named knavesneeds:twilight_forest/knightmetal/twinblade
[02Sep2026 19:43:35.852] [main/WARN] [epicfight/]: Item Capability Exception: No item named duneons:backstabber
[02Sep2026 19:43:35.852] [main/WARN] [epicfight/]: Item Capability Exception: No item named mcdw:scythe_skull_scythe
[02Sep2026 19:43:35.852] [main/WARN] [epicfight/]: Item Capability Exception: No item named blue_skies:cherry_wood/spear
[02Sep2026 19:43:35.852] [main/WARN] [epicfight/]: Item Capability Exception: No item named knavesneeds:twilight_forest/ironwood/scythe
[02Sep2026 19:43:35.853] [main/WARN] [epicfight/]: epicfight:cut is not a hit particle type in magistuarmory:pike
[02Sep2026 19:43:35.853] [main/WARN] [epicfight/]: Item Capability Exception: No item named epicsamurai:tetsubo
[02Sep2026 19:43:35.854] [main/WARN] [epicfight/]: Item Capability Exception: No item named rogcontinued:ferrousshadow
[02Sep2026 19:43:35.854] [main/WARN] [epicfight/]: Item Capability Exception: No item named simple_weapons:ironwood_fist
[02Sep2026 19:43:35.854] [main/WARN] [epicfight/]: Item Capability Exception: No item named mekaweapons:mekatana
[02Sep2026 19:43:35.854] [main/WARN] [epicfight/]: Item Capability Exception: No item named knavesneeds:forbidden_arcanus/reinforced_deorum/halberd
[02Sep2026 19:43:35.855] [main/WARN] [epicfight/]: Item Capability Exception: No item named mcdw:whip_whip
[02Sep2026 19:43:35.855] [main/WARN] [epicfight/]: Item Capability Exception: No item named minecraftdungeonsv1:nightmares_bite
[02Sep2026 19:43:35.855] [main/WARN] [epicfight/]: Item Capability Exception: No item named twilightforest:ironwood_axe
[02Sep2026 19:43:35.855] [main/WARN] [epicfight/]: Item Capability Exception: No item named blue_skies:pyrope/rapier
[02Sep2026 19:43:35.855] [main/WARN] [epicfight/]: Item Capability Exception: No item named rpgsmw:copper_knife
[02Sep2026 19:43:35.856] [main/WARN] [epicfight/]: Item Capability Exception: No item named l2weaponry:eternium_javelin
[02Sep2026 19:43:35.856] [main/WARN] [epicfight/]: Item Capability Exception: No item named l2weaponry:iron_dagger
[02Sep2026 19:43:35.856] [main/WARN] [epicfight/]: Item Capability Exception: No item named mcdw:sickle_last_laugh_gold
[02Sep2026 19:43:35.856] [main/WARN] [epicfight/]: Item Capability Exception: No item named simple_weapons:corinthium_fist
[02Sep2026 19:43:35.856] [main/WARN] [epicfight/]: Item Capability Exception: No item named dungeonsweaponry:staff_battlestaff_of_terror
[02Sep2026 19:43:35.856] [main/WARN] [epicfight/]: Item Capability Exception: No item named epicsamurai:kama
[02Sep2026 19:43:35.856] [main/WARN] [epicfight/]: Item Capability Exception: No item named knavesneeds:twilight_forest/steeleaf/greathammer
[02Sep2026 19:43:35.856] [main/WARN] [epicfight/]: Item Capability Exception: No item named blue_skies:horizonite/warglaive
[02Sep2026 19:43:35.856] [main/WARN] [epicfight/]: Item Capability Exception: No item named knavesneeds:forbidden_arcanus/draco_arcanus/greathammer
[02Sep2026 19:43:35.856] [main/WARN] [epicfight/]: Item Capability Exception: No item named knavesneeds:twilight_forest/ironwood/cutlass
[02Sep2026 19:43:35.856] [main/WARN] [epicfight/]: Item Capability Exception: No item named l2weaponry:froststeel_nunchaku
[02Sep2026 19:43:35.858] [main/WARN] [epicfight/]: Item Capability Exception: No item named knavesneeds:twilight_forest/steeleaf/twinblade
[02Sep2026 19:43:35.859] [main/WARN] [epicfight/]: Item Capability Exception: No item named blue_skies:lunar_wood/spear
[02Sep2026 19:43:35.859] [main/WARN] [epicfight/]: Item Capability Exception: No item named simple_weapons:adamantite_sickle
[02Sep2026 19:43:35.859] [main/WARN] [epicfight/]: epicfight:cut is not a hit particle type in magistuarmory:pike
[02Sep2026 19:43:35.859] [main/WARN] [epicfight/]: Item Capability Exception: No item named duneons:soul_dagger_eternal_knife
[02Sep2026 19:43:35.859] [main/WARN] [epicfight/]: Item Capability Exception: No item named dungeonsweaponry:dagger_swift_striker
[02Sep2026 19:43:35.860] [main/WARN] [epicfight/]: Item Capability Exception: No item named l2weaponry:diamond_machete
[02Sep2026 19:43:35.860] [main/WARN] [epicfight/]: Item Capability Exception: No item named rogcontinued:freedomsworn
[02Sep2026 19:43:35.860] [main/WARN] [epicfight/]: Item Capability Exception: No item named simple_weapons:stone_katana
[02Sep2026 19:43:35.860] [main/WARN] [epicfight/]: Item Capability Exception: No item named duneons:dagger_resolute_tempest_knife
[02Sep2026 19:43:35.860] [main/WARN] [epicfight/]: Item Capability Exception: No item named l2weaponry:shulkerate_spear
[02Sep2026 19:43:35.860] [main/WARN] [epicfight/]: Item Capability Exception: No item named knavesneeds:twilight_forest/knightmetal/chakram
[02Sep2026 19:43:35.860] [main/WARN] [epicfight/]: Item Capability Exception: No item named dungeonsweaponry:sword_great_axeblade
[02Sep2026 19:43:35.860] [main/WARN] [epicfight/]: Item Capability Exception: No item named l2weaponry:abyss_shock
[02Sep2026 19:43:35.860] [main/WARN] [epicfight/]: Item Capability Exception: No item named l2weaponry:ironwood_nunchaku
[02Sep2026 19:43:35.860] [main/WARN] [epicfight/]: Item Capability Exception: No item named duneons:rapier
[02Sep2026 19:43:35.861] [main/WARN] [epicfight/]: Item Capability Exception: No item named rpgsmw:netherite_knife
[02Sep2026 19:43:35.861] [main/WARN] [epicfight/]: Item Capability Exception: No item named l2weaponry:froststeel_dagger
[02Sep2026 19:43:35.861] [main/WARN] [epicfight/]: Item Capability Exception: No item named rpgsmw:miphril_battle_axe
[02Sep2026 19:43:35.862] [main/WARN] [epicfight/]: Item Capability Exception: No item named fabledweaponry:mace_netherite
[02Sep2026 19:43:35.862] [main/WARN] [epicfight/]: Item Capability Exception: No item named fabledweaponry:greatsword_iron
[02Sep2026 19:43:35.862] [main/WARN] [epicfight/]: Item Capability Exception: No item named blue_skies:bluebright_wood/sai
[02Sep2026 19:43:35.863] [main/WARN] [epicfight/]: Item Capability Exception: No item named knavesneeds:twilight_forest/steeleaf/rapier
[02Sep2026 19:43:35.864] [main/WARN] [epicfight/]: Item Capability Exception: No item named magistuarmoryaddon:steel_sickle
[02Sep2026 19:43:35.864] [main/WARN] [epicfight/]: Item Capability Exception: No item named duneons:battlestaffofterror
[02Sep2026 19:43:35.864] [main/WARN] [epicfight/]: Item Capability Exception: No item named blue_skies:dusk_wood/chakram
[02Sep2026 19:43:35.864] [main/WARN] [epicfight/]: Item Capability Exception: No item named duneons:hammer_stormlander
[02Sep2026 19:43:35.864] [main/WARN] [epicfight/]: Item Capability Exception: No item named l2weaponry:poseidite_hammer
[02Sep2026 19:43:35.864] [main/WARN] [epicfight/]: Item Capability Exception: No item named magistuarmoryaddon:rich_saxon_sword
[02Sep2026 19:43:35.864] [main/WARN] [epicfight/]: Item Capability Exception: No item named undergarden:cloggrum_sword
[02Sep2026 19:43:35.864] [main/WARN] [epicfight/]: Item Capability Exception: No item named l2weaponry:totemic_gold_hammer
[02Sep2026 19:43:35.864] [main/WARN] [epicfight/]: Item Capability Exception: No item named dungeonsweaponry:sickle_nightmares_bite
[02Sep2026 19:43:35.864] [main/WARN] [epicfight/]: Item Capability Exception: No item named blue_skies:horizonite/halberd
[02Sep2026 19:43:35.864] [main/WARN] [epicfight/]: Item Capability Exception: No item named minecraftdungeonsv1:nameless_blade
[02Sep2026 19:43:35.864] [main/WARN] [epicfight/]: Item Capability Exception: No item named knavesneeds:undergarden/forgotten/katana
[02Sep2026 19:43:35.865] [main/WARN] [epicfight/]: Item Capability Exception: No item named knavesneeds:undergarden/cloggrum/spear
[02Sep2026 19:43:35.865] [main/WARN] [epicfight/]: Item Capability Exception: No item named magistuarmoryaddon:steel_french_halberd
[02Sep2026 19:43:35.865] [main/WARN] [epicfight/]: epicfight:cut is not a hit particle type in magistuarmory:pike
[02Sep2026 19:43:35.865] [main/WARN] [epicfight/]: Item Capability Exception: No item named alexcaves:raygun
[02Sep2026 19:43:35.865] [main/WARN] [epicfight/]: Item Capability Exception: No item named knavesneeds:undergarden/cloggrum/scythe
[02Sep2026 19:43:35.866] [main/WARN] [epicfight/]: Item Capability Exception: No item named basicweapons:diamond_dagger
[02Sep2026 19:43:35.866] [main/WARN] [epicfight/]: Item Capability Exception: No item named rogcontinued:hfblade
[02Sep2026 19:43:35.866] [main/WARN] [epicfight/]: Item Capability Exception: No item named fabledweaponry:greatsword_stone
[02Sep2026 19:43:35.869] [main/WARN] [epicfight/]: Can't find a particle type epicfight:entity.hit.blunt in invincible:custom_combo_demo
[02Sep2026 19:43:35.869] [main/WARN] [epicfight/]: Item Capability Exception: No item named blue_skies:frostbright_wood/claymore
[02Sep2026 19:43:35.869] [main/WARN] [epicfight/]: Item Capability Exception: No item named rogcontinued:aquilafavonia
[02Sep2026 19:43:35.869] [main/WARN] [epicfight/]: Item Capability Exception: No item named blue_skies:starlit_wood/scythe
[02Sep2026 19:43:35.869] [main/WARN] [epicfight/]: Item Capability Exception: No item named epicsamurai:tanegashima
[02Sep2026 19:43:35.869] [main/WARN] [epicfight/]: Item Capability Exception: No item named biomancy:ravenous_claws
[02Sep2026 19:43:35.869] [main/WARN] [epicfight/]: Item Capability Exception: No item named blue_skies:turquoise_stone/glaive
[02Sep2026 19:43:35.870] [main/WARN] [epicfight/]: epicfight:cut is not a hit particle type in magistuarmory:pike
[02Sep2026 19:43:35.870] [main/WARN] [epicfight/]: Item Capability Exception: No item named rpgsmw:diamond_knife
[02Sep2026 19:43:35.870] [main/WARN] [epicfight/]: Item Capability Exception: No item named rpgsmw:miphril_battle_hammer
[02Sep2026 19:43:35.870] [main/WARN] [epicfight/]: Item Capability Exception: No item named aether:lightning_sword
[02Sep2026 19:43:35.870] [main/WARN] [epicfight/]: Item Capability Exception: No item named l2weaponry:barbaric_hallow
[02Sep2026 19:43:35.871] [main/WARN] [epicfight/]: Item Capability Exception: No item named dungeonsweaponry:sword_dancers_sword
[02Sep2026 19:43:35.871] [main/WARN] [epicfight/]: Item Capability Exception: No item named rpgsmw:diamond_greatsword
[02Sep2026 19:43:35.871] [main/WARN] [epicfight/]: Item Capability Exception: No item named knavesneeds:undergarden/forgotten/halberd
[02Sep2026 19:43:35.871] [main/WARN] [epicfight/]: Item Capability Exception: No item named epicsamurai:katana_oni
[02Sep2026 19:43:35.871] [main/WARN] [epicfight/]: epicfight:cut is not a hit particle type in magistuarmory:pike
[02Sep2026 19:43:35.873] [main/WARN] [epicfight/]: Item Capability Exception: No item named blue_skies:starlit_spear
[02Sep2026 19:43:35.873] [main/WARN] [epicfight/]: Item Capability Exception: No item named basicweapons:stone_spear
[02Sep2026 19:43:35.873] [main/WARN] [epicfight/]: Item Capability Exception: No item named rpgsmw:steel_wand
[02Sep2026 19:43:35.873] [main/WARN] [epicfight/]: Item Capability Exception: No item named blue_skies:charoite/greathammer
[02Sep2026 19:43:35.873] [main/WARN] [epicfight/]: Item Capability Exception: No item named undergarden:cloggrum_axe
[02Sep2026 19:43:35.873] [main/WARN] [epicfight/]: Item Capability Exception: No item named basicweapons:wooden_dagger
[02Sep2026 19:43:35.875] [main/WARN] [epicfight/]: Item Capability Exception: No item named rogcontinued:favoniuslance
[02Sep2026 19:43:35.875] [main/WARN] [epicfight/]: Item Capability Exception: No item named blue_skies:pyrope/cutlass
[02Sep2026 19:43:35.875] [main/WARN] [epicfight/]: Item Capability Exception: No item named duneons:hammer_gravity
[02Sep2026 19:43:35.875] [main/WARN] [epicfight/]: Item Capability Exception: No item named knavesneeds:twilight_forest/ironwood/spear
[02Sep2026 19:43:35.875] [main/WARN] [epicfight/]: Item Capability Exception: No item named simple_weapons:netherite_katana
[02Sep2026 19:43:35.875] [main/WARN] [epicfight/]: Item Capability Exception: No item named elementus:steel_knife
[02Sep2026 19:43:35.875] [main/WARN] [epicfight/]: Item Capability Exception: No item named simple_weapons:iron_greatsword
[02Sep2026 19:43:35.875] [main/WARN] [epicfight/]: Item Capability Exception: No item named knavesneeds:undergarden/cloggrum/chakram
[02Sep2026 19:43:35.875] [main/WARN] [epicfight/]: Item Capability Exception: No item named l2weaponry:lightning_dragonsteel_javelin
[02Sep2026 19:43:35.875] [main/WARN] [epicfight/]: Item Capability Exception: No item named minecraftdungeonsv1:sickles
[02Sep2026 19:43:35.876] [main/WARN] [epicfight/]: Item Capability Exception: No item named l2weaponry:ironwood_machete
[02Sep2026 19:43:35.876] [main/WARN] [epicfight/]: Item Capability Exception: No item named rogcontinued:engulfinglightning
[02Sep2026 19:43:35.876] [main/WARN] [epicfight/]: Item Capability Exception: No item named dungeonsweaponry:dagger_void_touched_blade
[02Sep2026 19:43:35.876] [main/WARN] [epicfight/]: Item Capability Exception: No item named rpgsmw:nephris_healer_wand
[02Sep2026 19:43:35.876] [main/WARN] [epicfight/]: Item Capability Exception: No item named simple_weapons:iron_scythe
[02Sep2026 19:43:35.876] [main/WARN] [epicfight/]: Item Capability Exception: No item named rogcontinued:sgguitar
[02Sep2026 19:43:35.876] [main/WARN] [epicfight/]: Item Capability Exception: No item named l2weaponry:fiery_hammer
[02Sep2026 19:43:35.876] [main/WARN] [epicfight/]: Item Capability Exception: No item named magistuarmory:rusted_ahlspiess
[02Sep2026 19:43:35.876] [main/WARN] [epicfight/]: Item Capability Exception: No item named mcdw:dagger_the_end
[02Sep2026 19:43:35.877] [main/WARN] [epicfight/]: Item Capability Exception: No item named rogcontinued:bonehatchets
[02Sep2026 19:43:35.877] [main/WARN] [epicfight/]: Item Capability Exception: No item named blue_skies:maple_wood/katana
[02Sep2026 19:43:35.877] [main/WARN] [epicfight/]: Item Capability Exception: No item named l2weaponry:fire_dragonsteel_nunchaku
[02Sep2026 19:43:35.877] [main/WARN] [epicfight/]: Item Capability Exception: No item named magistuarmoryaddon:steel_english_poleaxe
[02Sep2026 19:43:35.877] [main/WARN] [epicfight/]: Item Capability Exception: No item named fabledweaponry:scythe_wood
[02Sep2026 19:43:35.877] [main/WARN] [epicfight/]: Item Capability Exception: No item named minecraftdungeonsv1:encrusted_anchor
[02Sep2026 19:43:35.877] [main/WARN] [epicfight/]: Item Capability Exception: No item named dungeonsweaponry:sword_beestinger
[02Sep2026 19:43:35.878] [main/WARN] [epicfight/]: Item Capability Exception: No item named knavesneeds:deeperdarker/warden/sai
[02Sep2026 19:43:35.878] [main/WARN] [epicfight/]: Item Capability Exception: No item named rogcontinued:halberd
[02Sep2026 19:43:35.878] [main/WARN] [epicfight/]: Item Capability Exception: No item named duneons:dancers_sword
[02Sep2026 19:43:35.878] [main/WARN] [epicfight/]: Item Capability Exception: No item named blue_skies:frostbright_wood/warglaive
[02Sep2026 19:43:35.878] [main/WARN] [epicfight/]: Item Capability Exception: No item named l2weaponry:knightmetal_dagger
[02Sep2026 19:43:35.879] [main/WARN] [epicfight/]: Item Capability Exception: No item named twilightforest:fiery_sword
[02Sep2026 19:43:35.879] [main/WARN] [epicfight/]: Item Capability Exception: No item named basicweapons:golden_dagger
[02Sep2026 19:43:35.879] [main/WARN] [epicfight/]: Item Capability Exception: No item named l2weaponry:steeleaf_battle_axe
[02Sep2026 19:43:35.879] [main/WARN] [epicfight/]: Item Capability Exception: No item named blue_skies:horizonite/claymore
[02Sep2026 19:43:35.881] [main/WARN] [epicfight/]: Item Capability Exception: No item named l2weaponry:shulkerate_claw
[02Sep2026 19:43:35.881] [main/WARN] [epicfight/]: Item Capability Exception: No item named l2weaponry:ironwood_javelin
[02Sep2026 19:43:35.881] [main/WARN] [epicfight/]: Item Capability Exception: No item named minecraftdungeonsv1:claymore
[02Sep2026 19:43:35.881] [main/WARN] [epicfight/]: Item Capability Exception: No item named blue_skies:starlit_wood/greataxe
[02Sep2026 19:43:35.881] [main/WARN] [epicfight/]: Item Capability Exception: No item named fabledweaponry:dagger_wood
[02Sep2026 19:43:35.882] [main/WARN] [epicfight/]: Item Capability Exception: No item named simple_weapons:electrum_fist
[02Sep2026 19:43:35.882] [main/WARN] [epicfight/]: Item Capability Exception: No item named rogcontinued:skyridergreatsword
[02Sep2026 19:43:35.882] [main/WARN] [epicfight/]: Item Capability Exception: No item named blue_skies:starlit_wood/spear
[02Sep2026 19:43:35.882] [main/WARN] [epicfight/]: Item Capability Exception: No item named blue_skies:frostbright_wood/katana
[02Sep2026 19:43:35.882] [main/WARN] [epicfight/]: Item Capability Exception: No item named simple_weapons:fiery_sickle
[02Sep2026 19:43:35.882] [main/WARN] [epicfight/]: Item Capability Exception: No item named reliquary:stray_hat
[02Sep2026 19:43:35.882] [main/WARN] [epicfight/]: Item Capability Exception: No item named simple_weapons:electrum_spear
[02Sep2026 19:43:35.882] [main/WARN] [epicfight/]: Item Capability Exception: No item named blue_skies:maple_spear
[02Sep2026 19:43:35.882] [main/WARN] [epicfight/]: Item Capability Exception: No item named rogcontinued:akuoumaru
[02Sep2026 19:43:35.882] [main/WARN] [epicfight/]: Item Capability Exception: No item named rogcontinued:katana
[02Sep2026 19:43:35.883] [main/WARN] [epicfight/]: Item Capability Exception: No item named l2weaponry:shadow_shredder
[02Sep2026 19:43:35.883] [main/WARN] [epicfight/]: Item Capability Exception: No item named rogcontinued:dullblade
[02Sep2026 19:43:35.883] [main/WARN] [epicfight/]: Item Capability Exception: No item named l2weaponry:fiery_nunchaku
[02Sep2026 19:43:35.883] [main/WARN] [epicfight/]: Item Capability Exception: No item named magistuarmoryaddon:steel_longsword
[02Sep2026 19:43:35.883] [main/WARN] [epicfight/]: Item Capability Exception: No item named blue_skies:maple_wood/twinblade
[02Sep2026 19:43:35.884] [main/WARN] [epicfight/]: Item Capability Exception: No item named minecraftdungeonsv1:battlestaff
[02Sep2026 19:43:35.884] [main/WARN] [epicfight/]: Item Capability Exception: No item named dungeonsweaponry:glaive_glaive
[02Sep2026 19:43:35.885] [main/WARN] [epicfight/]: Item Capability Exception: No item named dungeonsweaponry:scythe_jailors_scythe
[02Sep2026 19:43:35.885] [main/WARN] [epicfight/]: Item Capability Exception: No item named blue_skies:charoite/katana
[02Sep2026 19:43:35.885] [main/WARN] [epicfight/]: Item Capability Exception: No item named blue_skies:lunar_stone/rapier
[02Sep2026 19:43:35.885] [main/WARN] [epicfight/]: Item Capability Exception: No item named mcdw:sword_freezing_foil
[02Sep2026 19:43:35.886] [main/WARN] [epicfight/]: Item Capability Exception: No item named l2weaponry:lightning_dragonsteel_throwing_axe
[02Sep2026 19:43:35.886] [main/WARN] [epicfight/]: Error while deserializing datapack for simplyswords:diamond_halberd: Can't find weapon type: falchionmoveset:falchion
[02Sep2026 19:43:35.887] [main/WARN] [epicfight/]: Item Capability Exception: No item named rpgsmw:diamond_one_handed_crossbow
[02Sep2026 19:43:35.887] [main/WARN] [epicfight/]: Item Capability Exception: No item named simple_weapons:ironwood_dagger
[02Sep2026 19:43:35.887] [main/WARN] [epicfight/]: Item Capability Exception: No item named l2weaponry:steeleaf_dagger
[02Sep2026 19:43:35.887] [main/WARN] [epicfight/]: Item Capability Exception: No item named l2weaponry:knightmetal_claw
[02Sep2026 19:43:35.887] [main/WARN] [epicfight/]: epicfight:cut is not a hit particle type in magistuarmory:pike
[02Sep2026 19:43:35.888] [main/WARN] [epicfight/]: Item Capability Exception: No item named blue_skies:frostbright_wood/longsword
[02Sep2026 19:43:35.888] [main/WARN] [epicfight/]: Item Capability Exception: No item named simple_weapons:stone_scythe
[02Sep2026 19:43:35.888] [main/WARN] [epicfight/]: Item Capability Exception: No item named epicsamurai:naginata
[02Sep2026 19:43:35.888] [main/WARN] [epicfight/]: Item Capability Exception: No item named knavesneeds:undergarden/cloggrum/claymore
[02Sep2026 19:43:35.889] [main/WARN] [epicfight/]: Item Capability Exception: No item named rogcontinued:primordialjadecutter
[02Sep2026 19:43:35.889] [main/WARN] [epicfight/]: Item Capability Exception: No item named blue_skies:cherry_wood/halberd
[02Sep2026 19:43:35.889] [main/WARN] [epicfight/]: Item Capability Exception: No item named magistuarmoryaddon:steel_messer_sword
[02Sep2026 19:43:35.889] [main/WARN] [epicfight/]: Item Capability Exception: No item named dungeonsweaponry:dagger_backstabber
[02Sep2026 19:43:35.889] [main/WARN] [epicfight/]: Item Capability Exception: No item named epicsamurai:nagamaki
[02Sep2026 19:43:35.890] [main/WARN] [epicfight/]: Item Capability Exception: No item named blue_skies:turquoise_stone/cutlass
[02Sep2026 19:43:35.890] [main/WARN] [epicfight/]: Item Capability Exception: No item named minecraftdungeonsv1:fighters_binding
[02Sep2026 19:43:35.890] [main/WARN] [epicfight/]: Item Capability Exception: No item named dungeonsweaponry:hammer_boneclub
[02Sep2026 19:43:35.890] [main/WARN] [epicfight/]: Item Capability Exception: No item named simple_weapons:corinthium_spear
[02Sep2026 19:43:35.890] [main/WARN] [epicfight/]: Item Capability Exception: No item named blue_skies:lunar_wood/greataxe
[02Sep2026 19:43:35.890] [main/WARN] [epicfight/]: Item Capability Exception: No item named rpgsmw:nephrisspear
[02Sep2026 19:43:35.891] [main/WARN] [epicfight/]: Item Capability Exception: No item named l2weaponry:totemic_gold_dagger
[02Sep2026 19:43:35.891] [main/WARN] [epicfight/]: Item Capability Exception: No item named rpgsmw:diamond_spear
[02Sep2026 19:43:35.891] [main/WARN] [epicfight/]: Item Capability Exception: No item named l2weaponry:ironwood_claw
[02Sep2026 19:43:35.891] [main/WARN] [epicfight/]: Item Capability Exception: No item named fabledweaponry:mace_wood
[02Sep2026 19:43:35.891] [main/WARN] [epicfight/]: Item Capability Exception: No item named dungeonsweaponry:spear_spear
[02Sep2026 19:43:35.891] [main/WARN] [epicfight/]: Item Capability Exception: No item named simple_weapons:adamantite_katana
[02Sep2026 19:43:35.891] [main/WARN] [epicfight/]: Item Capability Exception: No item named blue_skies:pyrope/warglaive
[02Sep2026 19:43:35.891] [main/WARN] [epicfight/]: Item Capability Exception: No item named simple_weapons:diamond_spear
[02Sep2026 19:43:35.891] [main/WARN] [epicfight/]: Item Capability Exception: No item named duneons:dagger_tempest_knife
[02Sep2026 19:43:35.892] [main/WARN] [epicfight/]: Item Capability Exception: No item named rogcontinued:prototypearchaic
[02Sep2026 19:43:35.892] [main/WARN] [epicfight/]: Item Capability Exception: No item named blue_skies:pyrope/halberd
[02Sep2026 19:43:35.892] [main/WARN] [epicfight/]: Item Capability Exception: No item named rpgsmw:nephris_scythe
[02Sep2026 19:43:35.892] [main/WARN] [epicfight/]: Item Capability Exception: No item named knavesneeds:twilight_forest/steeleaf/katana
[02Sep2026 19:43:35.892] [main/WARN] [epicfight/]: Item Capability Exception: No item named knavesneeds:forbidden_arcanus/reinforced_deorum/twinblade
[02Sep2026 19:43:35.892] [main/WARN] [epicfight/]: Item Capability Exception: No item named fabledweaponry:waraxe_stone
[02Sep2026 19:43:35.892] [main/WARN] [epicfight/]: Item Capability Exception: No item named mcdw:dagger_tempest_knife
[02Sep2026 19:43:35.893] [main/WARN] [epicfight/]: Item Capability Exception: No item named basicweapons:wooden_spear
[02Sep2026 19:43:35.893] [main/WARN] [epicfight/]: Item Capability Exception: No item named simple_weapons:steeleaf_fist
[02Sep2026 19:43:35.893] [main/WARN] [epicfight/]: Item Capability Exception: No item named rogcontinued:stonesword
[02Sep2026 19:43:35.893] [main/WARN] [epicfight/]: Item Capability Exception: No item named fromtheshadows:devil_splitter
[02Sep2026 19:43:35.893] [main/WARN] [epicfight/]: Item Capability Exception: No item named l2weaponry:sculkium_claw
[02Sep2026 19:43:35.893] [main/WARN] [epicfight/]: Item Capability Exception: No item named epicempires:spartan_spear
[02Sep2026 19:43:35.894] [main/WARN] [epicfight/]: Item Capability Exception: No item named aether:hammer_of_kingbdogz
[02Sep2026 19:43:35.894] [main/WARN] [epicfight/]: epicfight:cut is not a hit particle type in magistuarmory:pike
[02Sep2026 19:43:35.894] [main/WARN] [epicfight/]: Item Capability Exception: No item named knavesneeds:deeperdarker/warden/halberd
[02Sep2026 19:43:35.894] [main/WARN] [epicfight/]: Item Capability Exception: No item named fabledweaponry:mace_iron
[02Sep2026 19:43:35.894] [main/WARN] [epicfight/]: Item Capability Exception: No item named simple_weapons:netherite_scythe
[02Sep2026 19:43:35.895] [main/WARN] [epicfight/]: Item Capability Exception: No item named blue_skies:charoite/cutlass
[02Sep2026 19:43:35.895] [main/WARN] [epicfight/]: Item Capability Exception: No item named blue_skies:turquoise_stone/chakram
[02Sep2026 19:43:35.895] [main/WARN] [epicfight/]: Item Capability Exception: No item named knavesneeds:twilight_forest/steeleaf/sai
[02Sep2026 19:43:35.895] [main/WARN] [epicfight/]: Item Capability Exception: No item named fabledweaponry:dagger_diamond
[02Sep2026 19:43:35.895] [main/WARN] [epicfight/]: Error while deserializing datapack for simplyswords:stars_edge: Can't find weapon type: wom:staff
[02Sep2026 19:43:35.896] [main/WARN] [epicfight/]: Item Capability Exception: No item named blue_skies:pyrope/longsword
[02Sep2026 19:43:35.896] [main/WARN] [epicfight/]: Error while deserializing datapack for cataclysm:meat_shredder: Can't find weapon type: falchionmoveset:falchion
[02Sep2026 19:43:35.896] [main/WARN] [epicfight/]: Item Capability Exception: No item named simple_weapons:pendorite_sickle
[02Sep2026 19:43:35.896] [main/WARN] [epicfight/]: Item Capability Exception: No item named simple_weapons:ironwood_sickle
[02Sep2026 19:43:35.896] [main/WARN] [epicfight/]: Item Capability Exception: No item named l2weaponry:fire_dragonsteel_claw
[02Sep2026 19:43:35.897] [main/WARN] [epicfight/]: Item Capability Exception: No item named blue_skies:dusk_wood/warglaive
[02Sep2026 19:43:35.897] [main/WARN] [epicfight/]: Item Capability Exception: No item named duneons:glaive_grave_bane
[02Sep2026 19:43:35.897] [main/WARN] [epicfight/]: Item Capability Exception: No item named duneons:dark_katana
[02Sep2026 19:43:35.897] [main/WARN] [epicfight/]: Item Capability Exception: No item named basicweapons:diamond_spear
[02Sep2026 19:43:35.897] [main/WARN] [epicfight/]: Item Capability Exception: No item named simple_weapons:iron_dagger
[02Sep2026 19:43:35.897] [main/WARN] [epicfight/]: Item Capability Exception: No item named l2weaponry:ironwood_throwing_axe
[02Sep2026 19:43:35.897] [main/WARN] [epicfight/]: Item Capability Exception: No item named rogcontinued:wolfsgravestone
[02Sep2026 19:43:35.897] [main/WARN] [epicfight/]: Item Capability Exception: No item named blue_skies:maple_wood/scythe
[02Sep2026 19:43:35.898] [main/WARN] [epicfight/]: Item Capability Exception: No item named blue_skies:horizonite/rapier
[02Sep2026 19:43:35.898] [main/WARN] [epicfight/]: Item Capability Exception: No item named l2weaponry:steeleaf_machete
[02Sep2026 19:43:35.898] [main/WARN] [epicfight/]: Item Capability Exception: No item named l2weaponry:gold_machete
[02Sep2026 19:43:35.898] [main/WARN] [epicfight/]: Item Capability Exception: No item named fabledweaponry:scythe_gold
[02Sep2026 19:43:35.898] [main/WARN] [epicfight/]: Item Capability Exception: No item named magistuarmory:rusted_pike
[02Sep2026 19:43:35.899] [main/WARN] [epicfight/]: Item Capability Exception: No item named dungeonsweaponry:sword_frost_slayer
[02Sep2026 19:43:35.899] [main/WARN] [epicfight/]: Item Capability Exception: No item named l2weaponry:totemic_gold_nunchaku
[02Sep2026 19:43:35.899] [main/WARN] [epicfight/]: Item Capability Exception: No item named knavesneeds:twilight_forest/steeleaf/chakram
[02Sep2026 19:43:35.899] [main/WARN] [epicfight/]: Item Capability Exception: No item named simple_weapons:adamantite_greatsword
[02Sep2026 19:43:35.899] [main/WARN] [epicfight/]: Item Capability Exception: No item named duneons:freezing_foil
[02Sep2026 19:43:35.899] [main/WARN] [epicfight/]: Item Capability Exception: No item named epicsamurai:kama_netherite
[02Sep2026 19:43:35.899] [main/WARN] [epicfight/]: Item Capability Exception: No item named knavesneeds:undergarden/forgotten/greathammer
[02Sep2026 19:43:35.899] [main/WARN] [epicfight/]: Item Capability Exception: No item named blue_skies:bluebright_wood/warglaive
[02Sep2026 19:43:35.899] [main/WARN] [epicfight/]: Item Capability Exception: No item named reliquary:stray_pants
[02Sep2026 19:43:35.900] [main/WARN] [epicfight/]: Item Capability Exception: No item named knavesneeds:deeperdarker/warden/rapier
[02Sep2026 19:43:35.900] [main/WARN] [epicfight/]: Item Capability Exception: No item named rpgsmw:steel_greatsword
[02Sep2026 19:43:35.900] [main/WARN] [epicfight/]: Item Capability Exception: No item named duneons:blastsword
[02Sep2026 19:43:35.900] [main/WARN] [epicfight/]: Item Capability Exception: No item named davespotioneering:rudimentary_gauntlet
[02Sep2026 19:43:35.900] [main/WARN] [epicfight/]: Item Capability Exception: No item named forbidden_arcanus:mystical_dagger
[02Sep2026 19:43:35.901] [main/WARN] [epicfight/]: Item Capability Exception: No item named magistuarmoryaddon:steel_sabre
[02Sep2026 19:43:35.901] [main/WARN] [epicfight/]: Item Capability Exception: No item named elementus:steel_axe
[02Sep2026 19:43:35.901] [main/WARN] [epicfight/]: Item Capability Exception: No item named l2weaponry:poseidite_battle_axe
[02Sep2026 19:43:35.901] [main/WARN] [epicfight/]: Item Capability Exception: No item named l2weaponry:shulkerate_javelin
[02Sep2026 19:43:35.901] [main/WARN] [epicfight/]: Item Capability Exception: No item named blue_skies:turquoise_stone/greataxe
[02Sep2026 19:43:35.901] [main/WARN] [epicfight/]: Item Capability Exception: No item named soul_like_armors_reworked:monkeyhammer
[02Sep2026 19:43:35.902] [main/WARN] [epicfight/]: epicfight:cut is not a hit particle type in magistuarmory:pike
[02Sep2026 19:43:35.902] [main/WARN] [epicfight/]: Item Capability Exception: No item named l2weaponry:diamond_hammer
[02Sep2026 19:43:35.902] [main/WARN] [epicfight/]: Item Capability Exception: No item named blue_skies:maple_wood/glaive
[02Sep2026 19:43:35.902] [main/WARN] [epicfight/]: Item Capability Exception: No item named rogcontinued:boneshotel
[02Sep2026 19:43:35.903] [main/WARN] [epicfight/]: Item Capability Exception: No item named duneons:frostdagger
[02Sep2026 19:43:35.903] [main/WARN] [epicfight/]: Item Capability Exception: No item named magistuarmory:rusted_chivalrylance
[02Sep2026 19:43:35.903] [main/WARN] [epicfight/]: Item Capability Exception: No item named blue_skies:turquoise_stone/warglaive
[02Sep2026 19:43:35.903] [main/WARN] [epicfight/]: Item Capability Exception: No item named mcdw:staff_growing_staff
[02Sep2026 19:43:35.903] [main/WARN] [epicfight/]: Item Capability Exception: No item named magistuarmoryaddon:steel_sidesword
[02Sep2026 19:43:35.904] [main/WARN] [epicfight/]: Item Capability Exception: No item named knavesneeds:undergarden/cloggrum/greataxe
[02Sep2026 19:43:35.904] [main/WARN] [epicfight/]: Item Capability Exception: No item named l2weaponry:shulkerate_throwing_axe
[02Sep2026 19:43:35.904] [main/WARN] [epicfight/]: Item Capability Exception: No item named magistuarmoryaddon:steel_billhook
[02Sep2026 19:43:35.904] [main/WARN] [epicfight/]: Item Capability Exception: No item named knavesneeds:forbidden_arcanus/draco_arcanus/katana
[02Sep2026 19:43:35.904] [main/WARN] [epicfight/]: Item Capability Exception: No item named knavesneeds:forbidden_arcanus/reinforced_deorum/chakram
[02Sep2026 19:43:35.904] [main/WARN] [epicfight/]: Item Capability Exception: No item named rogcontinued:filletblade
[02Sep2026 19:43:35.905] [main/WARN] [epicfight/]: Item Capability Exception: No item named knavesneeds:forbidden_arcanus/draco_arcanus/longsword
[02Sep2026 19:43:35.905] [main/WARN] [epicfight/]: Item Capability Exception: No item named fabledweaponry:maul_diamond
[02Sep2026 19:43:35.905] [main/WARN] [epicfight/]: Item Capability Exception: No item named twilightforest:gold_minotaur_axe
[02Sep2026 19:43:35.905] [main/WARN] [epicfight/]: Item Capability Exception: No item named blue_skies:cherry_wood/rapier
[02Sep2026 19:43:35.905] [main/WARN] [epicfight/]: Item Capability Exception: No item named duneons:great_axeblade
[02Sep2026 19:43:35.905] [main/WARN] [epicfight/]: Item Capability Exception: No item named knavesneeds:twilight_forest/knightmetal/scythe
[02Sep2026 19:43:35.906] [main/WARN] [epicfight/]: Item Capability Exception: No item named blue_skies:turquoise_stone/greathammer
[02Sep2026 19:43:35.906] [main/WARN] [epicfight/]: Item Capability Exception: No item named duneons:soul_dagger_soul_knife
[02Sep2026 19:43:35.906] [main/WARN] [epicfight/]: Item Capability Exception: No item named dungeonsweaponry:soul_dagger_eternal_knife
[02Sep2026 19:43:35.906] [main/WARN] [epicfight/]: Item Capability Exception: No item named mcdw:sword_dancers_sword
[02Sep2026 19:43:35.906] [main/WARN] [epicfight/]: Item Capability Exception: No item named rogcontinued:beginnersprotector
[02Sep2026 19:43:35.907] [main/WARN] [epicfight/]: Item Capability Exception: No item named l2weaponry:poseidite_machete
[02Sep2026 19:43:35.907] [main/WARN] [epicfight/]: Item Capability Exception: No item named epicsamurai:odachi_netherite
[02Sep2026 19:43:35.907] [main/WARN] [epicfight/]: Item Capability Exception: No item named knavesneeds:undergarden/cloggrum/katana
[02Sep2026 19:43:35.907] [main/WARN] [epicfight/]: Item Capability Exception: No item named simple_weapons:ironwood_spear
[02Sep2026 19:43:35.907] [main/WARN] [epicfight/]: Item Capability Exception: No item named blue_skies:maple_wood/halberd
[02Sep2026 19:43:35.907] [main/WARN] [epicfight/]: Item Capability Exception: No item named twilightforest:steeleaf_sword
[02Sep2026 19:43:35.908] [main/WARN] [epicfight/]: Item Capability Exception: No item named fabledweaponry:mace_diamond
[02Sep2026 19:43:35.908] [main/WARN] [epicfight/]: Item Capability Exception: No item named l2weaponry:eternium_spear
[02Sep2026 19:43:35.908] [main/WARN] [epicfight/]: Item Capability Exception: No item named knavesneeds:undergarden/utherium/rapier
[02Sep2026 19:43:35.908] [main/WARN] [epicfight/]: Item Capability Exception: No item named l2weaponry:steeleaf_throwing_axe
[02Sep2026 19:43:35.908] [main/WARN] [epicfight/]: Item Capability Exception: No item named blue_skies:diopside/halberd
[02Sep2026 19:43:35.909] [main/WARN] [epicfight/]: Item Capability Exception: No item named knavesneeds:undergarden/froststeel/cutlass
[02Sep2026 19:43:35.909] [main/WARN] [epicfight/]: Item Capability Exception: No item named l2weaponry:lightning_dragonsteel_hammer
[02Sep2026 19:43:35.909] [main/WARN] [epicfight/]: Item Capability Exception: No item named simple_weapons:adamantite_scythe
[02Sep2026 19:43:35.909] [main/WARN] [epicfight/]: Item Capability Exception: No item named rpgsmw:miphril_spear
[02Sep2026 19:43:35.909] [main/WARN] [epicfight/]: Item Capability Exception: No item named l2weaponry:fire_dragonsteel_spear
[02Sep2026 19:43:35.909] [main/WARN] [epicfight/]: Item Capability Exception: No item named rpgsmw:steel_gauntlet
[02Sep2026 19:43:35.909] [main/WARN] [epicfight/]: Item Capability Exception: No item named blue_skies:horizonite/sai
[02Sep2026 19:43:35.909] [main/WARN] [epicfight/]: Item Capability Exception: No item named duneons:katana
[02Sep2026 19:43:35.909] [main/WARN] [epicfight/]: Item Capability Exception: No item named blue_skies:lunar_wood/sai
[02Sep2026 19:43:35.910] [main/WARN] [epicfight/]: Item Capability Exception: No item named blue_skies:turquoise_stone/longsword
[02Sep2026 19:43:35.910] [main/WARN] [epicfight/]: Item Capability Exception: No item named dungeonsweaponry:dagger_the_end
[02Sep2026 19:43:35.910] [main/WARN] [epicfight/]: Item Capability Exception: No item named duneons:gauntlet_gauntlet
[02Sep2026 19:43:35.910] [main/WARN] [epicfight/]: Item Capability Exception: No item named blue_skies:dusk_wood/rapier
[02Sep2026 19:43:35.910] [main/WARN] [epicfight/]: Item Capability Exception: No item named rpgsmw:steel_spear
[02Sep2026 19:43:35.910] [main/WARN] [epicfight/]: Item Capability Exception: No item named elementus:steel_sword
[02Sep2026 19:43:35.910] [main/WARN] [epicfight/]: Item Capability Exception: No item named minecraftdungeonsv1:stormlander
[02Sep2026 19:43:35.910] [main/WARN] [epicfight/]: Item Capability Exception: No item named simple_weapons:stone_spear
[02Sep2026 19:43:35.910] [main/WARN] [epicfight/]: Item Capability Exception: No item named blue_skies:aquite/greataxe
[02Sep2026 19:43:35.911] [main/WARN] [epicfight/]: Item Capability Exception: No item named forbidden_arcanus:reinforced_deorum_blacksmith_gavel
[02Sep2026 19:43:35.911] [main/WARN] [epicfight/]: Item Capability Exception: No item named rpgsmw:steel_battle_axe
[02Sep2026 19:43:35.911] [main/WARN] [epicfight/]: Item Capability Exception: No item named duneons:encrustedanchor
[02Sep2026 19:43:35.911] [main/WARN] [epicfight/]: Item Capability Exception: No item named blue_skies:horizonite/chakram
[02Sep2026 19:43:35.911] [main/WARN] [epicfight/]: Item Capability Exception: No item named knavesneeds:twilight_forest/steeleaf/scythe
[02Sep2026 19:43:35.911] [main/WARN] [epicfight/]: Item Capability Exception: No item named mcdw:glaive_cackling_broom
[02Sep2026 19:43:35.911] [main/WARN] [epicfight/]: Item Capability Exception: No item named dungeonsweaponry:axe_anchor
[02Sep2026 19:43:35.911] [main/WARN] [epicfight/]: Item Capability Exception: No item named mekanism:atomic_disassembler
[02Sep2026 19:43:35.911] [main/WARN] [epicfight/]: Item Capability Exception: No item named fabledweaponry:dagger_iron
[02Sep2026 19:43:35.912] [main/WARN] [epicfight/]: Item Capability Exception: No item named mcdw:hammer_stormlander
[02Sep2026 19:43:35.912] [main/WARN] [epicfight/]: Item Capability Exception: No item named knavesneeds:undergarden/cloggrum/warglaive
[02Sep2026 19:43:35.912] [main/WARN] [epicfight/]: Item Capability Exception: No item named simple_weapons:warden_greatsword
[02Sep2026 19:43:35.912] [main/WARN] [epicfight/]: Item Capability Exception: No item named knavesneeds:undergarden/utherium/claymore
[02Sep2026 19:43:35.912] [main/WARN] [epicfight/]: Item Capability Exception: No item named l2weaponry:froststeel_javelin
[02Sep2026 19:43:35.912] [main/WARN] [epicfight/]: Item Capability Exception: No item named knavesneeds:deeperdarker/warden/cutlass
[02Sep2026 19:43:35.913] [main/WARN] [epicfight/]: Item Capability Exception: No item named simple_weapons:fiery_dagger
[02Sep2026 19:43:35.913] [main/WARN] [epicfight/]: Item Capability Exception: No item named simple_weapons:fiery_fist
[02Sep2026 19:43:35.913] [main/WARN] [epicfight/]: epicfight:cut is not a hit particle type in magistuarmory:pike
[02Sep2026 19:43:35.913] [main/WARN] [epicfight/]: Item Capability Exception: No item named blue_skies:lunar_stone/spear
[02Sep2026 19:43:35.913] [main/WARN] [epicfight/]: Item Capability Exception: No item named duneons:glaive_venom_glaive
[02Sep2026 19:43:35.913] [main/WARN] [epicfight/]: Item Capability Exception: No item named rpgsmw:diamond_gauntlet
[02Sep2026 19:43:35.913] [main/WARN] [epicfight/]: Item Capability Exception: No item named blue_skies:diopside/twinblade
[02Sep2026 19:43:35.913] [main/WARN] [epicfight/]: Item Capability Exception: No item named blue_skies:pyrope/greathammer
[02Sep2026 19:43:35.913] [main/WARN] [epicfight/]: Item Capability Exception: No item named blue_skies:dusk_wood/longsword
[02Sep2026 19:43:35.913] [main/WARN] [epicfight/]: Item Capability Exception: No item named l2weaponry:dogmatic_standoff
[02Sep2026 19:43:35.914] [main/WARN] [epicfight/]: Item Capability Exception: No item named magistuarmory:rusted_lochaberaxe
[02Sep2026 19:43:35.914] [main/WARN] [epicfight/]: Item Capability Exception: No item named l2weaponry:lightning_dragonsteel_machete
[02Sep2026 19:43:35.914] [main/WARN] [epicfight/]: Item Capability Exception: No item named basicweapons:netherite_quarterstaff
[02Sep2026 19:43:35.914] [main/WARN] [epicfight/]: Item Capability Exception: No item named fabledweaponry:waraxe_wood
[02Sep2026 19:43:35.914] [main/WARN] [epicfight/]: Item Capability Exception: No item named blue_skies:frostbright_wood/scythe
[02Sep2026 19:43:35.914] [main/WARN] [epicfight/]: Item Capability Exception: No item named l2weaponry:diamond_throwing_axe
[02Sep2026 19:43:35.914] [main/WARN] [epicfight/]: Item Capability Exception: No item named rpgsmw:copper_battle_hammer
[02Sep2026 19:43:35.914] [main/WARN] [epicfight/]: Item Capability Exception: No item named knavesneeds:undergarden/froststeel/chakram
[02Sep2026 19:43:35.915] [main/WARN] [epicfight/]: Item Capability Exception: No item named simple_weapons:pendorite_dagger
[02Sep2026 19:43:35.915] [main/WARN] [epicfight/]: Item Capability Exception: No item named knavesneeds:undergarden/forgotten/longsword
[02Sep2026 19:43:35.915] [main/WARN] [epicfight/]: Error while deserializing datapack for simplyswords:runic_twinblade: Can't find weapon type: wom:staff
[02Sep2026 19:43:35.915] [main/WARN] [epicfight/]: Item Capability Exception: No item named knavesneeds:twilight_forest/steeleaf/glaive
[02Sep2026 19:43:35.915] [main/WARN] [epicfight/]: Item Capability Exception: No item named epicempires:roman_gladius
[02Sep2026 19:43:35.915] [main/WARN] [epicfight/]: epicfight:cut is not a hit particle type in magistuarmory:pike
[02Sep2026 19:43:35.916] [main/WARN] [epicfight/]: Item Capability Exception: No item named simple_weapons:steeleaf_greatsword
[02Sep2026 19:43:35.916] [main/WARN] [epicfight/]: Item Capability Exception: No item named fabledweaponry:dagger_stone
[02Sep2026 19:43:35.916] [main/WARN] [epicfight/]: Item Capability Exception: No item named duneons:sickle_last_laugh_gold
[02Sep2026 19:43:35.916] [main/WARN] [epicfight/]: Item Capability Exception: No item named l2weaponry:diamond_nunchaku
[02Sep2026 19:43:35.916] [main/WARN] [epicfight/]: Item Capability Exception: No item named l2weaponry:lightning_dragonsteel_nunchaku
[02Sep2026 19:43:35.916] [main/WARN] [epicfight/]: Item Capability Exception: No item named knavesneeds:forbidden_arcanus/reinforced_deorum/claymore
[02Sep2026 19:43:35.917] [main/WARN] [epicfight/]: Item Capability Exception: No item named fabledweaponry:waraxe_netherite
[02Sep2026 19:43:35.917] [main/WARN] [epicfight/]: Item Capability Exception: No item named blue_skies:lunar_stone/greataxe
[02Sep2026 19:43:35.917] [main/WARN] [epicfight/]: Item Capability Exception: No item named knavesneeds:twilight_forest/fiery/chakram
[02Sep2026 19:43:35.917] [main/WARN] [epicfight/]: Error while deserializing datapack for simplyswords:storms_edge: Can't find weapon type: wom:staff
[02Sep2026 19:43:35.917] [main/WARN] [epicfight/]: Item Capability Exception: No item named blue_skies:turquoise_stone/spear
[02Sep2026 19:43:35.917] [main/WARN] [epicfight/]: Item Capability Exception: No item named l2weaponry:fiery_spear
[02Sep2026 19:43:35.917] [main/WARN] [epicfight/]: Item Capability Exception: No item named blue_skies:maple_wood/cutlass
[02Sep2026 19:43:35.917] [main/WARN] [epicfight/]: Item Capability Exception: No item named dungeonsweaponry:sickle_last_laugh_silver
[02Sep2026 19:43:35.917] [main/WARN] [epicfight/]: Item Capability Exception: No item named forbidden_arcanus:reinforced_deorum_sword
[02Sep2026 19:43:35.918] [main/WARN] [epicfight/]: Item Capability Exception: No item named l2weaponry:poseidite_nunchaku
[02Sep2026 19:43:35.918] [main/WARN] [epicfight/]: Item Capability Exception: No item named blue_skies:bluebright_wood/chakram
[02Sep2026 19:43:35.918] [main/WARN] [epicfight/]: Item Capability Exception: No item named l2weaponry:shadow_hunter
[02Sep2026 19:43:35.918] [main/WARN] [epicfight/]: Item Capability Exception: No item named dungeonsweaponry:staff_battlestaff
[02Sep2026 19:43:35.918] [main/WARN] [epicfight/]: Error while deserializing datapack for simplyswords:gold_halberd: Can't find weapon type: falchionmoveset:falchion
[02Sep2026 19:43:35.918] [main/WARN] [epicfight/]: Error while deserializing datapack for simplyswords:netherite_warglaive: Can't find weapon type: wom:staff
[02Sep2026 19:43:35.918] [main/WARN] [epicfight/]: Item Capability Exception: No item named l2weaponry:froststeel_hammer
[02Sep2026 19:43:35.919] [main/WARN] [epicfight/]: Item Capability Exception: No item named l2weaponry:utherium_battle_axe
[02Sep2026 19:43:35.919] [main/WARN] [epicfight/]: epicfight:cut is not a hit particle type in magistuarmory:pike
[02Sep2026 19:43:35.919] [main/WARN] [epicfight/]: Item Capability Exception: No item named l2weaponry:haunting_demon_of_the_end
[02Sep2026 19:43:35.919] [main/WARN] [epicfight/]: Item Capability Exception: No item named l2weaponry:hammer_of_incarceration
[02Sep2026 19:43:35.919] [main/WARN] [epicfight/]: Item Capability Exception: No item named blue_skies:frostbright_wood/glaive
[02Sep2026 19:43:35.920] [main/WARN] [epicfight/]: Item Capability Exception: No item named simple_weapons:steeleaf_dagger
[02Sep2026 19:43:35.920] [main/WARN] [epicfight/]: Item Capability Exception: No item named dungeonsweaponry:spear_whispering_spear
[02Sep2026 19:43:35.920] [main/WARN] [epicfight/]: Item Capability Exception: No item named rpgsmw:copper_one_handed_crossbow
[02Sep2026 19:43:35.920] [main/WARN] [epicfight/]: Item Capability Exception: No item named l2weaponry:lightning_dragonsteel_claw
[02Sep2026 19:43:35.920] [main/WARN] [epicfight/]: Item Capability Exception: No item named blue_skies:crushing_hammer
[02Sep2026 19:43:35.920] [main/WARN] [epicfight/]: Item Capability Exception: No item named magistuarmoryaddon:steel_short_spear
[02Sep2026 19:43:35.920] [main/WARN] [epicfight/]: Item Capability Exception: No item named reliquary:stray_robe
[02Sep2026 19:43:35.920] [main/WARN] [epicfight/]: Item Capability Exception: No item named mcdw:soul_dagger_soul_knife
[02Sep2026 19:43:35.920] [main/WARN] [epicfight/]: Item Capability Exception: No item named twilightforest:giant_sword
[02Sep2026 19:43:35.920] [main/WARN] [epicfight/]: Item Capability Exception: No item named blue_skies:lunar_stone/greathammer
[02Sep2026 19:43:35.920] [main/WARN] [epicfight/]: Item Capability Exception: No item named knavesneeds:twilight_forest/fiery/twinblade
[02Sep2026 19:43:35.920] [main/WARN] [epicfight/]: Item Capability Exception: No item named elementus_arcane:arcane_steel_claymore
[02Sep2026 19:43:35.920] [main/WARN] [epicfight/]: Item Capability Exception: No item named rpgsmw:steel_rifle
[02Sep2026 19:43:35.921] [main/WARN] [epicfight/]: Item Capability Exception: No item named rpgsmw:iron_spear
[02Sep2026 19:43:35.921] [main/WARN] [epicfight/]: Item Capability Exception: No item named rpgsmw:diamond_healer_wand
[02Sep2026 19:43:35.921] [main/WARN] [epicfight/]: Item Capability Exception: No item named epicsamurai:stray_robe
[02Sep2026 19:43:35.921] [main/WARN] [epicfight/]: Item Capability Exception: No item named soul_like_armors_reworked:farronsword
[02Sep2026 19:43:35.921] [main/WARN] [epicfight/]: Item Capability Exception: No item named rogcontinued:summitshaper
[02Sep2026 19:43:35.921] [main/WARN] [epicfight/]: Item Capability Exception: No item named knavesneeds:forbidden_arcanus/draco_arcanus/spear
[02Sep2026 19:43:35.921] [main/WARN] [epicfight/]: Item Capability Exception: No item named epicsamurai:sai
[02Sep2026 19:43:35.921] [main/WARN] [epicfight/]: Item Capability Exception: No item named simple_weapons:ironwood_katana
[02Sep2026 19:43:35.921] [main/WARN] [epicfight/]: Item Capability Exception: No item named soul_like_armors_reworked:farrondagger
[02Sep2026 19:43:35.921] [main/WARN] [epicfight/]: Item Capability Exception: No item named mcdw:dagger_fangs_of_frost
[02Sep2026 19:43:35.921] [main/WARN] [epicfight/]: Item Capability Exception: No item named l2weaponry:utherium_spear
[02Sep2026 19:43:35.921] [main/WARN] [epicfight/]: Item Capability Exception: No item named blue_skies:maple_wood/sai
[02Sep2026 19:43:35.921] [main/WARN] [epicfight/]: Item Capability Exception: No item named l2weaponry:forgotten_javelin
[02Sep2026 19:43:35.921] [main/WARN] [epicfight/]: Item Capability Exception: No item named aquamirae:divider
[02Sep2026 19:43:35.921] [main/WARN] [epicfight/]: Item Capability Exception: No item named simple_weapons:pendorite_fist
[02Sep2026 19:43:35.921] [main/WARN] [epicfight/]: Item Capability Exception: No item named l2weaponry:shulkerate_nunchaku
[02Sep2026 19:43:35.921] [main/WARN] [epicfight/]: Item Capability Exception: No item named magistuarmoryaddon:steel_goedendag
[02Sep2026 19:43:35.921] [main/WARN] [epicfight/]: Item Capability Exception: No item named l2weaponry:gold_battle_axe
[02Sep2026 19:43:35.921] [main/WARN] [epicfight/]: Item Capability Exception: No item named knavesneeds:twilight_forest/fiery/rapier
[02Sep2026 19:43:35.921] [main/WARN] [epicfight/]: Item Capability Exception: No item named blue_skies:charoite/chakram
[02Sep2026 19:43:35.921] [main/WARN] [epicfight/]: Item Capability Exception: No item named simple_weapons:corinthium_katana
[02Sep2026 19:43:35.921] [main/WARN] [epicfight/]: Item Capability Exception: No item named knavesneeds:deeperdarker/warden/greataxe
[02Sep2026 19:43:35.922] [main/WARN] [epicfight/]: Item Capability Exception: No item named magistuarmoryaddon:steel_gallowglass_axe
[02Sep2026 19:43:35.922] [main/WARN] [epicfight/]: Item Capability Exception: No item named l2weaponry:void_escape
[02Sep2026 19:43:35.922] [main/WARN] [epicfight/]: Item Capability Exception: No item named l2weaponry:netherite_machete
[02Sep2026 19:43:35.922] [main/WARN] [epicfight/]: Item Capability Exception: No item named l2weaponry:knightmetal_machete
[02Sep2026 19:43:35.922] [main/WARN] [epicfight/]: Item Capability Exception: No item named knavesneeds:forbidden_arcanus/draco_arcanus/scythe
[02Sep2026 19:43:35.922] [main/WARN] [epicfight/]: Item Capability Exception: No item named farmersdelight:iron_knife
[02Sep2026 19:43:35.922] [main/WARN] [epicfight/]: epicfight:cut is not a hit particle type in magistuarmory:pike
[02Sep2026 19:43:35.922] [main/WARN] [epicfight/]: Item Capability Exception: No item named duneons:hammer_great_hammer
[02Sep2026 19:43:35.922] [main/WARN] [epicfight/]: Item Capability Exception: No item named l2weaponry:vampire_desire
[02Sep2026 19:43:35.922] [main/WARN] [epicfight/]: Item Capability Exception: No item named undergarden:froststeel_axe
[02Sep2026 19:43:35.922] [main/WARN] [epicfight/]: Item Capability Exception: No item named duneons:glaive_cackling_broom
[02Sep2026 19:43:35.922] [main/WARN] [epicfight/]: Item Capability Exception: No item named mcdw:glaive_venom_glaive
[02Sep2026 19:43:35.922] [main/WARN] [epicfight/]: Item Capability Exception: No item named dungeonsweaponry:dagger_dagger
[02Sep2026 19:43:35.922] [main/WARN] [epicfight/]: Item Capability Exception: No item named basicweapons:iron_dagger
[02Sep2026 19:43:35.922] [main/WARN] [epicfight/]: Item Capability Exception: No item named dungeonsweaponry:scythe_frost_scythe
[02Sep2026 19:43:35.922] [main/WARN] [epicfight/]: Item Capability Exception: No item named magistuarmory:rusted_estoc
[02Sep2026 19:43:35.923] [main/WARN] [epicfight/]: Item Capability Exception: No item named simple_weapons:diamond_scythe
[02Sep2026 19:43:35.923] [main/WARN] [epicfight/]: Item Capability Exception: No item named aether:gravitite_axe
[02Sep2026 19:43:35.924] [main/WARN] [epicfight/]: epicfight:cut is not a hit particle type in magistuarmory:pike
[02Sep2026 19:43:35.924] [main/WARN] [epicfight/]: Item Capability Exception: No item named rpgsmw:netherite_scythe
[02Sep2026 19:43:35.925] [main/WARN] [epicfight/]: Item Capability Exception: No item named l2weaponry:gold_spear
[02Sep2026 19:43:35.925] [main/WARN] [epicfight/]: Item Capability Exception: No item named dungeonsweaponry:whip_vine_whip
[02Sep2026 19:43:35.925] [main/WARN] [epicfight/]: Item Capability Exception: No item named basicweapons:golden_spear
[02Sep2026 19:43:35.926] [main/WARN] [epicfight/]: Item Capability Exception: No item named fabledweaponry:maul_gold
[02Sep2026 19:43:35.926] [main/WARN] [epicfight/]: Error while deserializing datapack for simplyswords:gold_twinblade: Can't find weapon type: wom:staff
[02Sep2026 19:43:35.926] [main/WARN] [epicfight/]: Item Capability Exception: No item named fabledweaponry:scimitar_wood
[02Sep2026 19:43:35.927] [main/WARN] [epicfight/]: Item Capability Exception: No item named blue_skies:diopside/greathammer
[02Sep2026 19:43:35.927] [main/WARN] [epicfight/]: Item Capability Exception: No item named aether:gravitite_sword
[02Sep2026 19:43:35.927] [main/WARN] [epicfight/]: Item Capability Exception: No item named rogcontinued:bustersword
[02Sep2026 19:43:35.927] [main/WARN] [epicfight/]: Item Capability Exception: No item named l2weaponry:knightmetal_throwing_axe
[02Sep2026 19:43:35.928] [main/WARN] [epicfight/]: Item Capability Exception: No item named magistuarmory:rusted_stylet
[02Sep2026 19:43:35.928] [main/WARN] [epicfight/]: Item Capability Exception: No item named knavesneeds:undergarden/forgotten/warglaive
[02Sep2026 19:43:35.928] [main/WARN] [epicfight/]: Item Capability Exception: No item named l2weaponry:ice_dragonsteel_hammer
[02Sep2026 19:43:35.929] [main/WARN] [epicfight/]: Item Capability Exception: No item named simple_weapons:diamond_fist
[02Sep2026 19:43:35.929] [main/WARN] [epicfight/]: Item Capability Exception: No item named blue_skies:turquoise_stone/halberd
[02Sep2026 19:43:35.929] [main/WARN] [epicfight/]: Item Capability Exception: No item named duneons:sickle_nightmares_bite
[02Sep2026 19:43:35.929] [main/WARN] [epicfight/]: Item Capability Exception: No item named l2weaponry:fiery_throwing_axe
[02Sep2026 19:43:35.930] [main/WARN] [epicfight/]: Item Capability Exception: No item named dungeonsweaponry:sword_hawkbrand
[02Sep2026 19:43:35.930] [main/WARN] [epicfight/]: Item Capability Exception: No item named forbidden_arcanus:netherite_blacksmith_gavel
[02Sep2026 19:43:35.930] [main/WARN] [epicfight/]: Item Capability Exception: No item named knavesneeds:forbidden_arcanus/draco_arcanus/glaive
[02Sep2026 19:43:35.930] [main/WARN] [epicfight/]: Error while deserializing datapack for simplyswords:iron_warglaive: Can't find weapon type: wom:staff
[02Sep2026 19:43:35.930] [main/WARN] [epicfight/]: Item Capability Exception: No item named minecraftdungeonsv1:boneclub
[02Sep2026 19:43:35.930] [main/WARN] [epicfight/]: Item Capability Exception: No item named fabledweaponry:scimitar_stone
[02Sep2026 19:43:35.931] [main/WARN] [epicfight/]: Item Capability Exception: No item named l2weaponry:forgotten_battle_axe
[02Sep2026 19:43:35.931] [main/WARN] [epicfight/]: Item Capability Exception: No item named rpgsmw:miphril_rifle
[02Sep2026 19:43:35.931] [main/WARN] [epicfight/]: Item Capability Exception: No item named l2weaponry:totemic_gold_claw
[02Sep2026 19:43:35.931] [main/WARN] [epicfight/]: Item Capability Exception: No item named duneons:hawkbrand
[02Sep2026 19:43:35.931] [main/WARN] [epicfight/]: Item Capability Exception: No item named undergarden:forgotten_axe
[02Sep2026 19:43:35.931] [main/WARN] [epicfight/]: Item Capability Exception: No item named rpgsmw:diamond_rifle
[02Sep2026 19:43:35.932] [main/WARN] [epicfight/]: Item Capability Exception: No item named rogcontinued:mistsplitterreforged
[02Sep2026 19:43:35.932] [main/WARN] [epicfight/]: Item Capability Exception: No item named simple_weapons:iron_sickle
[02Sep2026 19:43:35.932] [main/WARN] [epicfight/]: Item Capability Exception: No item named soul_like_armors_reworked:greathammer
[02Sep2026 19:43:35.932] [main/WARN] [epicfight/]: Item Capability Exception: No item named l2weaponry:ironwood_spear
[02Sep2026 19:43:35.932] [main/WARN] [epicfight/]: Item Capability Exception: No item named blue_skies:lunar_stone/claymore
[02Sep2026 19:43:35.932] [main/WARN] [epicfight/]: Error while deserializing datapack for simplyswords:soulrender: Can't find weapon type: falchionmoveset:falchion
[02Sep2026 19:43:35.932] [main/WARN] [epicfight/]: Error while deserializing datapack for simplyswords:diamond_warglaive: Can't find weapon type: wom:staff
[02Sep2026 19:43:35.933] [main/WARN] [epicfight/]: Item Capability Exception: No item named rpgsmw:nephris_battle_hammer
[02Sep2026 19:43:35.933] [main/WARN] [epicfight/]: Item Capability Exception: No item named dungeonsweaponry:gauntlet_maulers
[02Sep2026 19:43:35.933] [main/WARN] [epicfight/]: Item Capability Exception: No item named aether:flaming_sword
[02Sep2026 19:43:35.933] [main/WARN] [epicfight/]: Item Capability Exception: No item named l2weaponry:diamond_javelin
[02Sep2026 19:43:35.933] [main/WARN] [epicfight/]: Error while deserializing datapack for simplyswords:arcanethyst: Can't find weapon type: falchionmoveset:falchion
[02Sep2026 19:43:35.933] [main/WARN] [epicfight/]: Item Capability Exception: No item named blue_skies:lunar_stone/katana
[02Sep2026 19:43:35.933] [main/WARN] [epicfight/]: Item Capability Exception: No item named l2weaponry:claw_of_determination
[02Sep2026 19:43:35.934] [main/WARN] [epicfight/]: Item Capability Exception: No item named knavesneeds:twilight_forest/fiery/spear
[02Sep2026 19:43:35.934] [main/WARN] [epicfight/]: Item Capability Exception: No item named knavesneeds:undergarden/froststeel/scythe
[02Sep2026 19:43:35.934] [main/WARN] [epicfight/]: Item Capability Exception: No item named farmersdelight:diamond_knife
[02Sep2026 19:43:35.934] [main/WARN] [epicfight/]: Item Capability Exception: No item named minecraftdungeonsv1:anchor
[02Sep2026 19:43:35.934] [main/WARN] [epicfight/]: Item Capability Exception: No item named rogcontinued:virtuouscontract
[02Sep2026 19:43:35.935] [main/WARN] [epicfight/]: Item Capability Exception: No item named l2weaponry:ice_dragonsteel_javelin
[02Sep2026 19:43:35.935] [main/WARN] [epicfight/]: Item Capability Exception: No item named forbidden_arcanus:draco_arcanus_axe
[02Sep2026 19:43:35.935] [main/WARN] [epicfight/]: Item Capability Exception: No item named knavesneeds:undergarden/forgotten/greataxe
[02Sep2026 19:43:35.935] [main/WARN] [epicfight/]: Item Capability Exception: No item named blue_skies:diopside/claymore
[02Sep2026 19:43:35.935] [main/WARN] [epicfight/]: Item Capability Exception: No item named blue_skies:turquoise_stone/claymore
[02Sep2026 19:43:35.935] [main/WARN] [epicfight/]: Item Capability Exception: No item named knavesneeds:twilight_forest/ironwood/claymore
[02Sep2026 19:43:35.935] [main/WARN] [epicfight/]: Item Capability Exception: No item named knavesneeds:twilight_forest/knightmetal/spear
[02Sep2026 19:43:35.935] [main/WARN] [epicfight/]: Item Capability Exception: No item named rogcontinued:katsuragikirinagamasa
[02Sep2026 19:43:35.935] [main/WARN] [epicfight/]: Item Capability Exception: No item named mcdw:sword_truthseeker
[02Sep2026 19:43:35.935] [main/WARN] [epicfight/]: Item Capability Exception: No item named blue_skies:aquite/claymore
[02Sep2026 19:43:35.935] [main/WARN] [epicfight/]: Item Capability Exception: No item named l2weaponry:shulkerate_dagger
[02Sep2026 19:43:35.936] [main/WARN] [epicfight/]: epicfight:cut is not a hit particle type in magistuarmory:pike
[02Sep2026 19:43:35.936] [main/WARN] [epicfight/]: Item Capability Exception: No item named blue_skies:maple_wood/greathammer
[02Sep2026 19:43:35.936] [main/WARN] [epicfight/]: Item Capability Exception: No item named blue_skies:cherry_wood/cutlass
[02Sep2026 19:43:35.936] [main/WARN] [epicfight/]: Item Capability Exception: No item named l2weaponry:netherite_hammer
[02Sep2026 19:43:35.936] [main/WARN] [epicfight/]: Error while deserializing datapack for simplyswords:icewhisper: Can't find weapon type: falchionmoveset:falchion
[02Sep2026 19:43:35.936] [main/WARN] [epicfight/]: Item Capability Exception: No item named knavesneeds:twilight_forest/knightmetal/warglaive
[02Sep2026 19:43:35.937] [main/WARN] [epicfight/]: Item Capability Exception: No item named blue_skies:bluebright_wood/cutlass
[02Sep2026 19:43:35.937] [main/WARN] [epicfight/]: Item Capability Exception: No item named simple_weapons:adamantite_dagger
[02Sep2026 19:43:35.937] [main/WARN] [epicfight/]: Error while deserializing datapack for simplyswords:watching_warglaive: Can't find weapon type: wom:staff
[02Sep2026 19:43:35.937] [main/WARN] [epicfight/]: Item Capability Exception: No item named undergarden:forgotten_sword
[02Sep2026 19:43:35.937] [main/WARN] [epicfight/]: Item Capability Exception: No item named blue_skies:turquoise_stone/twinblade
[02Sep2026 19:43:35.937] [main/WARN] [epicfight/]: Item Capability Exception: No item named knavesneeds:forbidden_arcanus/reinforced_deorum/glaive
[02Sep2026 19:43:35.937] [main/WARN] [epicfight/]: Item Capability Exception: No item named l2weaponry:ironwood_dagger
[02Sep2026 19:43:35.937] [main/WARN] [epicfight/]: Item Capability Exception: No item named simple_weapons:pendorite_scythe
[02Sep2026 19:43:35.937] [main/WARN] [epicfight/]: Item Capability Exception: No item named epicsamurai:katana_kitsune
[02Sep2026 19:43:35.937] [main/WARN] [epicfight/]: Item Capability Exception: No item named l2weaponry:iron_javelin
[02Sep2026 19:43:35.937] [main/WARN] [epicfight/]: Item Capability Exception: No item named blue_skies:lunar_stone/chakram
[02Sep2026 19:43:35.937] [main/WARN] [epicfight/]: Item Capability Exception: No item named blue_skies:pyrope/spear
[02Sep2026 19:43:35.937] [main/WARN] [epicfight/]: Item Capability Exception: No item named magistuarmoryaddon:steel_dagger
[02Sep2026 19:43:35.937] [main/WARN] [epicfight/]: Item Capability Exception: No item named blue_skies:lunar_wood/rapier
[02Sep2026 19:43:35.937] [main/WARN] [epicfight/]: Item Capability Exception: No item named l2weaponry:fire_dragonsteel_machete
[02Sep2026 19:43:35.937] [main/WARN] [epicfight/]: Item Capability Exception: No item named blue_skies:diopside/cutlass
[02Sep2026 19:43:35.937] [main/WARN] [epicfight/]: Item Capability Exception: No item named epicsamurai:naginata_netherite
[02Sep2026 19:43:35.937] [main/WARN] [epicfight/]: Item Capability Exception: No item named l2weaponry:eternium_throwing_axe
[02Sep2026 19:43:35.938] [main/WARN] [epicfight/]: Item Capability Exception: No item named minecraftdungeonsv1:cutlass
[02Sep2026 19:43:35.938] [main/WARN] [epicfight/]: epicfight:cut is not a hit particle type in magistuarmory:pike
[02Sep2026 19:43:35.938] [main/WARN] [epicfight/]: Item Capability Exception: No item named simple_weapons:adamantite_spear
[02Sep2026 19:43:35.938] [main/WARN] [epicfight/]: Item Capability Exception: No item named l2weaponry:totemic_gold_javelin
[02Sep2026 19:43:35.938] [main/WARN] [epicfight/]: Item Capability Exception: No item named rpgsmw:amethist_scythe
[02Sep2026 19:43:35.938] [main/WARN] [epicfight/]: Item Capability Exception: No item named simple_weapons:fiery_spear
[02Sep2026 19:43:35.938] [main/WARN] [epicfight/]: Item Capability Exception: No item named farmersdelight:netherite_knife
[02Sep2026 19:43:35.938] [main/WARN] [epicfight/]: Item Capability Exception: No item named dungeonsweaponry:hammer_stormlander
[02Sep2026 19:43:35.938] [main/WARN] [epicfight/]: Item Capability Exception: No item named l2weaponry:gold_throwing_axe
[02Sep2026 19:43:35.938] [main/WARN] [epicfight/]: Item Capability Exception: No item named blue_skies:frostbright_wood/rapier
[02Sep2026 19:43:35.938] [main/WARN] [epicfight/]: Item Capability Exception: No item named l2weaponry:netherite_nunchaku
[02Sep2026 19:43:35.938] [main/WARN] [epicfight/]: Item Capability Exception: No item named simple_weapons:stone_sickle
[02Sep2026 19:43:35.939] [main/WARN] [epicfight/]: Item Capability Exception: No item named knavesneeds:deeperdarker/warden/chakram
[02Sep2026 19:43:35.939] [main/WARN] [epicfight/]: Item Capability Exception: No item named eeeabsmobs:guardian_axe
[02Sep2026 19:43:35.939] [main/WARN] [epicfight/]: Item Capability Exception: No item named rogcontinued:dragonslayer
[02Sep2026 19:43:35.939] [main/WARN] [epicfight/]: Item Capability Exception: No item named l2weaponry:ice_dragonsteel_spear
[02Sep2026 19:43:35.939] [main/WARN] [epicfight/]: Item Capability Exception: No item named l2weaponry:sculkium_machete
[02Sep2026 19:43:35.939] [main/WARN] [epicfight/]: Item Capability Exception: No item named l2weaponry:spear_of_winter_storm
[02Sep2026 19:43:35.939] [main/WARN] [epicfight/]: Item Capability Exception: No item named fabledweaponry:greatsword_netherite
[02Sep2026 19:43:35.939] [main/WARN] [epicfight/]: Item Capability Exception: No item named l2weaponry:netherite_spear
[02Sep2026 19:43:35.939] [main/WARN] [epicfight/]: Item Capability Exception: No item named dungeonsweaponry:hammer_gravity
[02Sep2026 19:43:35.939] [main/WARN] [epicfight/]: Item Capability Exception: No item named l2weaponry:dogmatic_punishment
[02Sep2026 19:43:35.939] [main/WARN] [epicfight/]: Item Capability Exception: No item named knavesneeds:forbidden_arcanus/reinforced_deorum/warglaive
[02Sep2026 19:43:35.939] [main/WARN] [epicfight/]: Item Capability Exception: No item named blue_skies:turquoise_stone/scythe
[02Sep2026 19:43:35.939] [main/WARN] [epicfight/]: Item Capability Exception: No item named l2weaponry:knightmetal_hammer
[02Sep2026 19:43:35.939] [main/WARN] [epicfight/]: Item Capability Exception: No item named duneons:goldrapier
[02Sep2026 19:43:35.940] [main/WARN] [epicfight/]: Item Capability Exception: No item named minecraftdungeonsv1:guantlet
[02Sep2026 19:43:35.940] [main/WARN] [epicfight/]: Item Capability Exception: No item named blue_skies:lunar_wood/glaive
[02Sep2026 19:43:35.940] [main/WARN] [epicfight/]: Item Capability Exception: No item named epicsamurai:kunai_netherite
[02Sep2026 19:43:35.940] [main/WARN] [epicfight/]: Item Capability Exception: No item named rpgsmw:nephris_knife
[02Sep2026 19:43:35.940] [main/WARN] [epicfight/]: Item Capability Exception: No item named l2weaponry:lightning_dragonsteel_spear
[02Sep2026 19:43:35.940] [main/WARN] [epicfight/]: Item Capability Exception: No item named soul_like_armors_reworked:longhammer
[02Sep2026 19:43:35.940] [main/WARN] [epicfight/]: Item Capability Exception: No item named l2weaponry:eternium_machete
[02Sep2026 19:43:35.940] [main/WARN] [epicfight/]: Item Capability Exception: No item named l2weaponry:fiery_dagger
[02Sep2026 19:43:35.940] [main/WARN] [epicfight/]: Item Capability Exception: No item named l2weaponry:netherite_battle_axe
[02Sep2026 19:43:35.940] [main/WARN] [epicfight/]: Item Capability Exception: No item named dungeonsweaponry:sword_katana
[02Sep2026 19:43:35.940] [main/WARN] [epicfight/]: Item Capability Exception: No item named magistuarmoryaddon:steel_rapier
[02Sep2026 19:43:35.940] [main/WARN] [epicfight/]: Item Capability Exception: No item named elementus:anthektite_knife
[02Sep2026 19:43:35.940] [main/WARN] [epicfight/]: Error while deserializing datapack for simplyswords:netherite_halberd: Can't find weapon type: falchionmoveset:falchion
[02Sep2026 19:43:35.940] [main/WARN] [epicfight/]: Item Capability Exception: No item named aether:skyroot_sword
[02Sep2026 19:43:35.940] [main/WARN] [epicfight/]: Item Capability Exception: No item named epicsamurai:stray_pants
[02Sep2026 19:43:35.940] [main/WARN] [epicfight/]: Item Capability Exception: No item named aquamirae:fin_cutter
[02Sep2026 19:43:35.941] [main/WARN] [epicfight/]: Item Capability Exception: No item named l2weaponry:netherite_claw
[02Sep2026 19:43:35.941] [main/WARN] [epicfight/]: Item Capability Exception: No item named blue_skies:starlit_wood/sai
[02Sep2026 19:43:35.941] [main/WARN] [epicfight/]: Item Capability Exception: No item named mcdw:dagger_the_beginning
[02Sep2026 19:43:35.941] [main/WARN] [epicfight/]: Item Capability Exception: No item named magistuarmory:rusted_guisarme
[02Sep2026 19:43:35.941] [main/WARN] [epicfight/]: Item Capability Exception: No item named l2weaponry:knightmetal_battle_axe
[02Sep2026 19:43:35.941] [main/WARN] [epicfight/]: Item Capability Exception: No item named rpgsmw:nephris_battle_axe
[02Sep2026 19:43:35.941] [main/WARN] [epicfight/]: Item Capability Exception: No item named epicsamurai:katana_akaname
[02Sep2026 19:43:35.941] [main/WARN] [epicfight/]: Item Capability Exception: No item named knavesneeds:undergarden/forgotten/chakram
[02Sep2026 19:43:35.941] [main/WARN] [epicfight/]: Item Capability Exception: No item named duneons:hammer_bone_cudgel
[02Sep2026 19:43:35.941] [main/WARN] [epicfight/]: Item Capability Exception: No item named mcdw:spear_spear
[02Sep2026 19:43:35.941] [main/WARN] [epicfight/]: Item Capability Exception: No item named rpgsmw:iron_hammer
[02Sep2026 19:43:35.941] [main/WARN] [epicfight/]: Item Capability Exception: No item named epicsamurai:shuko_netherite
[02Sep2026 19:43:35.941] [main/WARN] [epicfight/]: Item Capability Exception: No item named knavesneeds:twilight_forest/ironwood/halberd
[02Sep2026 19:43:35.941] [main/WARN] [epicfight/]: Item Capability Exception: No item named knavesneeds:twilight_forest/knightmetal/claymore
[02Sep2026 19:43:35.942] [main/WARN] [epicfight/]: Item Capability Exception: No item named simple_weapons:fiery_scythe
[02Sep2026 19:43:35.942] [main/WARN] [epicfight/]: Item Capability Exception: No item named blue_skies:aquite/greathammer
[02Sep2026 19:43:35.942] [main/WARN] [epicfight/]: Item Capability Exception: No item named epicsamurai:katana_netherite
[02Sep2026 19:43:35.942] [main/WARN] [epicfight/]: Item Capability Exception: No item named l2weaponry:abyss_resonance
[02Sep2026 19:43:35.942] [main/WARN] [epicfight/]: Item Capability Exception: No item named blue_skies:aquite/scythe
[02Sep2026 19:43:35.942] [main/WARN] [epicfight/]: Item Capability Exception: No item named duneons:whip_gear
[02Sep2026 19:43:35.942] [main/WARN] [epicfight/]: Item Capability Exception: No item named knavesneeds:twilight_forest/fiery/cutlass
[02Sep2026 19:43:35.943] [main/WARN] [epicfight/]: epicfight:cut is not a hit particle type in magistuarmory:pike
[02Sep2026 19:43:35.943] [main/WARN] [epicfight/]: Item Capability Exception: No item named knavesneeds:undergarden/forgotten/glaive
[02Sep2026 19:43:35.943] [main/WARN] [epicfight/]: Item Capability Exception: No item named magistuarmory:rusted_claymore
[02Sep2026 19:43:35.943] [main/WARN] [epicfight/]: Error while deserializing datapack for simplyswords:iron_chakram: Can't find weapon type: epic_fight_battle_styles:chakram
[02Sep2026 19:43:35.943] [main/WARN] [epicfight/]: Item Capability Exception: No item named aquamirae:dagger_of_greed
[02Sep2026 19:43:35.943] [main/WARN] [epicfight/]: Item Capability Exception: No item named twilightforest:knightmetal_sword
[02Sep2026 19:43:35.943] [main/WARN] [epicfight/]: Item Capability Exception: No item named dungeonsweaponry:sickle_last_laugh_gold
[02Sep2026 19:43:35.943] [main/WARN] [epicfight/]: Item Capability Exception: No item named l2weaponry:sculkium_battle_axe
[02Sep2026 19:43:35.943] [main/WARN] [epicfight/]: Item Capability Exception: No item named l2weaponry:froststeel_claw
[02Sep2026 19:43:35.943] [main/WARN] [epicfight/]: Item Capability Exception: No item named epicsamurai:tetsubo_netherite
[02Sep2026 19:43:35.944] [main/WARN] [epicfight/]: Item Capability Exception: No item named l2weaponry:diamond_spear
[02Sep2026 19:43:35.944] [main/WARN] [epicfight/]: Item Capability Exception: No item named l2weaponry:froststeel_machete
[02Sep2026 19:43:35.944] [main/WARN] [epicfight/]: Error while deserializing datapack for simplyswords:gold_warglaive: Can't find weapon type: wom:staff
[02Sep2026 19:43:35.944] [main/WARN] [epicfight/]: Item Capability Exception: No item named rogcontinued:redhornstonethresher
[02Sep2026 19:43:35.944] [main/WARN] [epicfight/]: Item Capability Exception: No item named blue_skies:lunar_wood/claymore
[02Sep2026 19:43:35.944] [main/WARN] [epicfight/]: Item Capability Exception: No item named rpgsmw:netherite_wand
[02Sep2026 19:43:35.944] [main/WARN] [epicfight/]: Item Capability Exception: No item named knavesneeds:undergarden/froststeel/longsword
[02Sep2026 19:43:35.944] [main/WARN] [epicfight/]: Item Capability Exception: No item named simple_weapons:diamond_greatsword
[02Sep2026 19:43:35.945] [main/WARN] [epicfight/]: Item Capability Exception: No item named knavesneeds:forbidden_arcanus/reinforced_deorum/cutlass
[02Sep2026 19:43:35.945] [main/WARN] [epicfight/]: Item Capability Exception: No item named knavesneeds:undergarden/cloggrum/halberd
[02Sep2026 19:43:35.945] [main/WARN] [epicfight/]: Item Capability Exception: No item named blue_skies:cherry_wood/chakram
[02Sep2026 19:43:35.945] [main/WARN] [epicfight/]: Item Capability Exception: No item named epicempires:egyptian_khopesh
[02Sep2026 19:43:35.945] [main/WARN] [epicfight/]: Item Capability Exception: No item named knavesneeds:deeperdarker/warden/spear
[02Sep2026 19:43:35.945] [main/WARN] [epicfight/]: Item Capability Exception: No item named knavesneeds:undergarden/froststeel/rapier
[02Sep2026 19:43:35.945] [main/WARN] [epicfight/]: Item Capability Exception: No item named mcdw:hammer_gravity
[02Sep2026 19:43:35.945] [main/WARN] [epicfight/]: Item Capability Exception: No item named blue_skies:bluebright_wood/spear
[02Sep2026 19:43:35.945] [main/WARN] [epicfight/]: Item Capability Exception: No item named rogcontinued:favoniussword
[02Sep2026 19:43:35.945] [main/WARN] [epicfight/]: Item Capability Exception: No item named simple_weapons:adamantite_fist
[02Sep2026 19:43:35.945] [main/WARN] [epicfight/]: Item Capability Exception: No item named fabledweaponry:maul_wood
[02Sep2026 19:43:35.945] [main/WARN] [epicfight/]: Item Capability Exception: No item named l2weaponry:gold_nunchaku
[02Sep2026 19:43:35.946] [main/WARN] [epicfight/]: Item Capability Exception: No item named blue_skies:maple_wood/claymore
[02Sep2026 19:43:35.946] [main/WARN] [epicfight/]: Item Capability Exception: No item named mcdw:dagger_swift_striker
[02Sep2026 19:43:35.946] [main/WARN] [epicfight/]: Item Capability Exception: No item named l2weaponry:forgotten_machete
[02Sep2026 19:43:35.946] [main/WARN] [epicfight/]: Item Capability Exception: No item named blue_skies:starlit_wood/claymore
[02Sep2026 19:43:35.946] [main/WARN] [epicfight/]: Item Capability Exception: No item named blue_skies:frostbright_wood/sai
[02Sep2026 19:43:35.946] [main/WARN] [epicfight/]: Item Capability Exception: No item named knavesneeds:undergarden/froststeel/greataxe
[02Sep2026 19:43:35.946] [main/WARN] [epicfight/]: Item Capability Exception: No item named blue_skies:starlit_wood/longsword
[02Sep2026 19:43:35.946] [main/WARN] [epicfight/]: Item Capability Exception: No item named blue_skies:horizonite/greataxe
[02Sep2026 19:43:35.946] [main/WARN] [epicfight/]: Item Capability Exception: No item named simple_weapons:netherite_sickle
[02Sep2026 19:43:35.946] [main/WARN] [epicfight/]: Item Capability Exception: No item named knavesneeds:undergarden/cloggrum/rapier
[02Sep2026 19:43:35.946] [main/WARN] [epicfight/]: Item Capability Exception: No item named mcdw:dagger_moon
[02Sep2026 19:43:35.947] [main/WARN] [epicfight/]: Item Capability Exception: No item named l2weaponry:ice_dragonsteel_nunchaku
[02Sep2026 19:43:35.947] [main/WARN] [epicfight/]: Item Capability Exception: No item named basicweapons:diamond_hammer
[02Sep2026 19:43:35.947] [main/WARN] [epicfight/]: Item Capability Exception: No item named dungeonsweaponry:sickle_sickle
[02Sep2026 19:43:35.947] [main/WARN] [epicfight/]: Item Capability Exception: No item named rpgsmw:awakened_nephris_battle_hammer
[02Sep2026 19:43:35.947] [main/WARN] [epicfight/]: Item Capability Exception: No item named blue_skies:cherry_wood/sai
[02Sep2026 19:43:35.947] [main/WARN] [epicfight/]: Item Capability Exception: No item named magistuarmoryaddon:steel_arming_sword_type_xv
[02Sep2026 19:43:35.947] [main/WARN] [epicfight/]: Item Capability Exception: No item named rogcontinued:dragonspinespear
[02Sep2026 19:43:35.947] [main/WARN] [epicfight/]: Item Capability Exception: No item named blue_skies:diopside/sai
[02Sep2026 19:43:35.947] [main/WARN] [epicfight/]: Item Capability Exception: No item named blue_skies:lunar_stone/cutlass
[02Sep2026 19:43:35.948] [main/WARN] [epicfight/]: Item Capability Exception: No item named fabledweaponry:scythe_stone
[02Sep2026 19:43:35.948] [main/WARN] [epicfight/]: Item Capability Exception: No item named twilightforest:diamond_minotaur_axe
[02Sep2026 19:43:35.948] [main/WARN] [epicfight/]: Item Capability Exception: No item named duneons:hammer_boneclub
[02Sep2026 19:43:35.948] [main/WARN] [epicfight/]: Item Capability Exception: No item named knavesneeds:deeperdarker/warden/claymore
[02Sep2026 19:43:35.948] [main/WARN] [epicfight/]: epicfight:cut is not a hit particle type in magistuarmory:pike
[02Sep2026 19:43:35.948] [main/WARN] [epicfight/]: Item Capability Exception: No item named mcdw:sickle_nightmares_bite
[02Sep2026 19:43:35.948] [main/WARN] [epicfight/]: Item Capability Exception: No item named blue_skies:bluebright_wood/scythe
[02Sep2026 19:43:35.948] [main/WARN] [epicfight/]: Item Capability Exception: No item named magistuarmory:rusted_lucernhammer
[02Sep2026 19:43:35.949] [main/WARN] [epicfight/]: Item Capability Exception: No item named mcdw:staff_battlestaff_of_terror
[02Sep2026 19:43:35.949] [main/WARN] [epicfight/]: Item Capability Exception: No item named blue_skies:frostbright_wood/halberd
[02Sep2026 19:43:35.949] [main/WARN] [epicfight/]: Item Capability Exception: No item named knavesneeds:undergarden/forgotten/claymore
[02Sep2026 19:43:35.949] [main/WARN] [epicfight/]: Item Capability Exception: No item named magistuarmoryaddon:steel_italian_poleaxe
[02Sep2026 19:43:35.949] [main/WARN] [epicfight/]: Item Capability Exception: No item named rpgsmw:nephrys_greatsword
[02Sep2026 19:43:35.949] [main/WARN] [epicfight/]: Item Capability Exception: No item named rogcontinued:primordialjadewingedspear
[02Sep2026 19:43:35.949] [main/WARN] [epicfight/]: Item Capability Exception: No item named l2weaponry:poseidite_throwing_axe
[02Sep2026 19:43:35.949] [main/WARN] [epicfight/]: Item Capability Exception: No item named blue_skies:charoite/halberd
[02Sep2026 19:43:35.949] [main/WARN] [epicfight/]: Item Capability Exception: No item named blue_skies:starlit_wood/rapier
[02Sep2026 19:43:35.949] [main/WARN] [epicfight/]: Item Capability Exception: No item named simple_weapons:fiery_katana
[02Sep2026 19:43:35.949] [main/WARN] [epicfight/]: Item Capability Exception: No item named simple_weapons:diamond_sickle
[02Sep2026 19:43:35.950] [main/WARN] [epicfight/]: Item Capability Exception: No item named l2weaponry:totemic_gold_battle_axe
[02Sep2026 19:43:35.950] [main/WARN] [epicfight/]: Item Capability Exception: No item named epicsamurai:stray_hat
[02Sep2026 19:43:35.950] [main/WARN] [epicfight/]: Item Capability Exception: No item named knavesneeds:twilight_forest/fiery/scythe
[02Sep2026 19:43:35.950] [main/WARN] [epicfight/]: Item Capability Exception: No item named l2weaponry:forgotten_spear
[02Sep2026 19:43:35.950] [main/WARN] [epicfight/]: Item Capability Exception: No item named mcdw:glaive_grave_bane
[02Sep2026 19:43:35.950] [main/WARN] [epicfight/]: Item Capability Exception: No item named l2weaponry:iron_spear
[02Sep2026 19:43:35.950] [main/WARN] [epicfight/]: Item Capability Exception: No item named knavesneeds:undergarden/froststeel/claymore
[02Sep2026 19:43:35.950] [main/WARN] [epicfight/]: Item Capability Exception: No item named l2weaponry:totemic_gold_machete
[02Sep2026 19:43:35.950] [main/WARN] [epicfight/]: Item Capability Exception: No item named knavesneeds:undergarden/froststeel/greathammer
[02Sep2026 19:43:35.950] [main/WARN] [epicfight/]: Item Capability Exception: No item named fabledweaponry:dagger_gold
[02Sep2026 19:43:35.950] [main/WARN] [epicfight/]: Item Capability Exception: No item named knavesneeds:undergarden/froststeel/twinblade
[02Sep2026 19:43:35.950] [main/WARN] [epicfight/]: Item Capability Exception: No item named mcdw:sword_dark_katana
[02Sep2026 19:43:35.950] [main/WARN] [epicfight/]: Item Capability Exception: No item named basicweapons:golden_quarterstaff
[02Sep2026 19:43:35.951] [main/WARN] [epicfight/]: Item Capability Exception: No item named soul_like_armors_reworked:blackbaronsword
[02Sep2026 19:43:35.951] [main/WARN] [epicfight/]: Item Capability Exception: No item named rogcontinued:luxurioussealord
[02Sep2026 19:43:35.951] [main/WARN] [epicfight/]: Item Capability Exception: No item named duneons:anchor
[02Sep2026 19:43:35.951] [main/WARN] [epicfight/]: Item Capability Exception: No item named blue_skies:horizonite/longsword
[02Sep2026 19:43:35.951] [main/WARN] [epicfight/]: Item Capability Exception: No item named blue_skies:lunar_stone/twinblade
[02Sep2026 19:43:35.951] [main/WARN] [epicfight/]: Item Capability Exception: No item named duneons:rabbid_foot
[02Sep2026 19:43:35.951] [main/WARN] [epicfight/]: Item Capability Exception: No item named mcdw:sword_claymore
[02Sep2026 19:43:35.951] [main/WARN] [epicfight/]: Item Capability Exception: No item named blue_skies:maple_wood/greataxe
[02Sep2026 19:43:35.951] [main/WARN] [epicfight/]: Item Capability Exception: No item named knavesneeds:twilight_forest/knightmetal/glaive
[02Sep2026 19:43:35.951] [main/WARN] [epicfight/]: Item Capability Exception: No item named blue_skies:dusk_spear
[02Sep2026 19:43:35.951] [main/WARN] [epicfight/]: Item Capability Exception: No item named mcdw:hammer_great_hammer
[02Sep2026 19:43:35.952] [main/WARN] [epicfight/]: Item Capability Exception: No item named rpgsmw:ice_scythe
[02Sep2026 19:43:35.952] [main/WARN] [epicfight/]: Error while deserializing datapack for simplyswords:gold_chakram: Can't find weapon type: epic_fight_battle_styles:chakram
[02Sep2026 19:43:35.952] [main/WARN] [epicfight/]: Item Capability Exception: No item named knavesneeds:twilight_forest/knightmetal/halberd
[02Sep2026 19:43:35.952] [main/WARN] [epicfight/]: Item Capability Exception: No item named knavesneeds:undergarden/cloggrum/longsword
[02Sep2026 19:43:35.952] [main/WARN] [epicfight/]: Item Capability Exception: No item named l2weaponry:fire_dragonsteel_throwing_axe
[02Sep2026 19:43:35.952] [main/WARN] [epicfight/]: Item Capability Exception: No item named mcdw:sword_beestinger
[02Sep2026 19:43:35.952] [main/WARN] [epicfight/]: Item Capability Exception: No item named blue_skies:dusk_wood/greathammer
[02Sep2026 19:43:35.952] [main/WARN] [epicfight/]: Item Capability Exception: No item named undergarden:utherium_sword
[02Sep2026 19:43:35.952] [main/WARN] [epicfight/]: Item Capability Exception: No item named knavesneeds:undergarden/froststeel/katana
[02Sep2026 19:43:35.952] [main/WARN] [epicfight/]: Item Capability Exception: No item named knavesneeds:undergarden/forgotten/cutlass
[02Sep2026 19:43:35.952] [main/WARN] [epicfight/]: Item Capability Exception: No item named l2weaponry:iron_battle_axe
[02Sep2026 19:43:35.952] [main/WARN] [epicfight/]: Item Capability Exception: No item named soul_like_armors_reworked:cinderkingblade
[02Sep2026 19:43:35.952] [main/WARN] [epicfight/]: Item Capability Exception: No item named dungeonsweaponry:sword_freezing_foil
[02Sep2026 19:43:35.953] [main/WARN] [epicfight/]: Item Capability Exception: No item named mcdw:sword_obsidian_claymore
[02Sep2026 19:43:35.953] [main/WARN] [epicfight/]: Item Capability Exception: No item named simple_weapons:steeleaf_katana
[02Sep2026 19:43:35.953] [main/WARN] [epicfight/]: Item Capability Exception: No item named mcdw:dagger_resolute_tempest_knife
[02Sep2026 19:43:35.953] [main/WARN] [epicfight/]: Item Capability Exception: No item named l2weaponry:gold_javelin
[02Sep2026 19:43:35.953] [main/WARN] [epicfight/]: Item Capability Exception: No item named blue_skies:bluebright_wood/claymore
[02Sep2026 19:43:35.953] [main/WARN] [epicfight/]: Item Capability Exception: No item named aether:holystone_sword
[02Sep2026 19:43:35.953] [main/WARN] [epicfight/]: Item Capability Exception: No item named fabledweaponry:mace_gold
[02Sep2026 19:43:35.953] [main/WARN] [epicfight/]: Item Capability Exception: No item named blue_skies:aquite/warglaive
[02Sep2026 19:43:35.953] [main/WARN] [epicfight/]: Item Capability Exception: No item named mcdw:sword_frost_slayer
[02Sep2026 19:43:35.953] [main/WARN] [epicfight/]: Item Capability Exception: No item named knavesneeds:twilight_forest/steeleaf/spear
[02Sep2026 19:43:35.954] [main/WARN] [epicfight/]: Item Capability Exception: No item named blue_skies:starlit_wood/twinblade
[02Sep2026 19:43:35.954] [main/WARN] [epicfight/]: Item Capability Exception: No item named blue_skies:cherry_wood/greathammer
[02Sep2026 19:43:35.954] [main/WARN] [epicfight/]: Item Capability Exception: No item named l2weaponry:fire_dragonsteel_dagger
[02Sep2026 19:43:35.954] [main/WARN] [epicfight/]: Item Capability Exception: No item named mcdw:scythe_frost_scythe
[02Sep2026 19:43:35.954] [main/WARN] [epicfight/]: Item Capability Exception: No item named fromtheshadows:thirst_for_blood
[02Sep2026 19:43:35.954] [main/WARN] [epicfight/]: Item Capability Exception: No item named l2weaponry:forgotten_dagger
[02Sep2026 19:43:35.954] [main/WARN] [epicfight/]: Item Capability Exception: No item named simple_weapons:stone_fist
[02Sep2026 19:43:35.954] [main/WARN] [epicfight/]: Item Capability Exception: No item named l2weaponry:shulkerate_battle_axe
[02Sep2026 19:43:35.954] [main/WARN] [epicfight/]: Item Capability Exception: No item named dungeonsweaponry:dagger_shear_dagger
[02Sep2026 19:43:35.954] [main/WARN] [epicfight/]: Item Capability Exception: No item named dungeonsweaponry:scythe_soul_scythe
[02Sep2026 19:43:35.954] [main/WARN] [epicfight/]: Item Capability Exception: No item named duneons:scythe_skull_scythe
[02Sep2026 19:43:35.954] [main/WARN] [epicfight/]: Item Capability Exception: No item named blue_skies:lunar_stone/sai
[02Sep2026 19:43:35.954] [main/WARN] [epicfight/]: Item Capability Exception: No item named l2weaponry:lightning_dragonsteel_dagger
[02Sep2026 19:43:35.954] [main/WARN] [epicfight/]: Item Capability Exception: No item named knavesneeds:twilight_forest/knightmetal/greataxe
[02Sep2026 19:43:35.955] [main/WARN] [epicfight/]: Item Capability Exception: No item named elementus:diarkrite_axe
[02Sep2026 19:43:35.955] [main/WARN] [epicfight/]: Item Capability Exception: No item named blue_skies:dusk_wood/sai
[02Sep2026 19:43:35.955] [main/WARN] [epicfight/]: Item Capability Exception: No item named aether:valkyrie_lance
[02Sep2026 19:43:35.955] [main/WARN] [epicfight/]: Item Capability Exception: No item named knavesneeds:twilight_forest/ironwood/glaive
[02Sep2026 19:43:35.955] [main/WARN] [epicfight/]: Item Capability Exception: No item named rpgsmw:copper_scythe
[02Sep2026 19:43:35.955] [main/WARN] [epicfight/]: Item Capability Exception: No item named knavesneeds:twilight_forest/ironwood/greathammer
[02Sep2026 19:43:35.955] [main/WARN] [epicfight/]: Item Capability Exception: No item named blue_skies:comet_spear
[02Sep2026 19:43:35.955] [main/WARN] [epicfight/]: Item Capability Exception: No item named fabledweaponry:dagger_netherite
[02Sep2026 19:43:35.955] [main/WARN] [epicfight/]: Item Capability Exception: No item named mcdw:dagger_dagger
[02Sep2026 19:43:35.955] [main/WARN] [epicfight/]: Error while deserializing datapack for simplyswords:iron_glaive: Can't find weapon type: falchionmoveset:falchion
[02Sep2026 19:43:35.955] [main/WARN] [epicfight/]: Item Capability Exception: No item named mcdw:sword_rapier
[02Sep2026 19:43:35.955] [main/WARN] [epicfight/]: Item Capability Exception: No item named elementus:diarkrite_sword
[02Sep2026 19:43:35.955] [main/WARN] [epicfight/]: Item Capability Exception: No item named duneons:frost_slayer
[02Sep2026 19:43:35.955] [main/WARN] [epicfight/]: Item Capability Exception: No item named knavesneeds:forbidden_arcanus/draco_arcanus/warglaive
[02Sep2026 19:43:35.955] [main/WARN] [epicfight/]: Item Capability Exception: No item named knavesneeds:undergarden/utherium/warglaive
[02Sep2026 19:43:35.955] [main/WARN] [epicfight/]: Item Capability Exception: No item named epicempires:spartan_sword
[02Sep2026 19:43:35.955] [main/WARN] [epicfight/]: Item Capability Exception: No item named knavesneeds:twilight_forest/steeleaf/warglaive
[02Sep2026 19:43:35.956] [main/WARN] [epicfight/]: Item Capability Exception: No item named minecraftdungeonsv1:growing_staff
[02Sep2026 19:43:35.956] [main/WARN] [epicfight/]: Item Capability Exception: No item named rogcontinued:kitaincrossspear
[02Sep2026 19:43:35.956] [main/WARN] [epicfight/]: Item Capability Exception: No item named l2weaponry:totemic_gold_spear
[02Sep2026 19:43:35.956] [main/WARN] [epicfight/]: Item Capability Exception: No item named rpgsmw:steel_knife
[02Sep2026 19:43:35.956] [main/WARN] [epicfight/]: Item Capability Exception: No item named l2weaponry:eternium_hammer
[02Sep2026 19:43:35.956] [main/WARN] [epicfight/]: Item Capability Exception: No item named mcdw:sword_heartstealer
[02Sep2026 19:43:35.956] [main/WARN] [epicfight/]: Item Capability Exception: No item named simple_weapons:warden_sickle
[02Sep2026 19:43:35.956] [main/WARN] [epicfight/]: Item Capability Exception: No item named knavesneeds:twilight_forest/ironwood/longsword
[02Sep2026 19:43:35.956] [main/WARN] [epicfight/]: Item Capability Exception: No item named simple_weapons:knightmetal_sickle
[02Sep2026 19:43:35.956] [main/WARN] [epicfight/]: Item Capability Exception: No item named simple_weapons:electrum_sickle
[02Sep2026 19:43:35.956] [main/WARN] [epicfight/]: Item Capability Exception: No item named simple_weapons:pendorite_katana
[02Sep2026 19:43:36.052] [main/WARN] [epicfight/]: Item Capability Exception: No item named mcdw:gauntlet_gauntlet
[02Sep2026 19:43:36.052] [main/WARN] [epicfight/]: Item Capability Exception: No item named duneons:heartstealer
[02Sep2026 19:43:36.052] [main/WARN] [epicfight/]: Item Capability Exception: No item named aether:pig_slayer
[02Sep2026 19:43:36.052] [main/WARN] [epicfight/]: Item Capability Exception: No item named l2weaponry:sculkium_spear
[02Sep2026 19:43:36.052] [main/WARN] [epicfight/]: Item Capability Exception: No item named knavesneeds:undergarden/utherium/chakram
[02Sep2026 19:43:36.052] [main/WARN] [epicfight/]: Item Capability Exception: No item named knavesneeds:forbidden_arcanus/draco_arcanus/chakram
[02Sep2026 19:43:36.052] [main/WARN] [epicfight/]: Item Capability Exception: No item named blue_skies:cherry_wood/claymore
[02Sep2026 19:43:36.052] [main/WARN] [epicfight/]: Item Capability Exception: No item named duneons:scythe_jailors_scythe
[02Sep2026 19:43:36.053] [main/WARN] [epicfight/]: Item Capability Exception: No item named blue_skies:horizonite/spear
[02Sep2026 19:43:36.053] [main/WARN] [epicfight/]: Item Capability Exception: No item named blue_skies:charoite/warglaive
[02Sep2026 19:43:36.053] [main/WARN] [epicfight/]: Item Capability Exception: No item named blue_skies:pyrope/greataxe
[02Sep2026 19:43:36.053] [main/WARN] [epicfight/]: Item Capability Exception: No item named rogcontinued:staffofhoma
[02Sep2026 19:43:36.053] [main/WARN] [epicfight/]: Item Capability Exception: No item named twilightforest:steeleaf_axe
[02Sep2026 19:43:36.053] [main/WARN] [epicfight/]: Item Capability Exception: No item named blue_skies:lunar_wood/chakram
[02Sep2026 19:43:36.053] [main/WARN] [epicfight/]: Item Capability Exception: No item named epicsamurai:odachi
[02Sep2026 19:43:36.053] [main/WARN] [epicfight/]: Item Capability Exception: No item named epicsamurai:kunai
[02Sep2026 19:43:36.053] [main/WARN] [epicfight/]: Item Capability Exception: No item named l2weaponry:knightmetal_javelin
[02Sep2026 19:43:36.053] [main/WARN] [epicfight/]: Item Capability Exception: No item named rpgsmw:miphril_healer_wand
[02Sep2026 19:43:36.053] [main/WARN] [epicfight/]: Item Capability Exception: No item named epicsamurai:katana_jorogumo
[02Sep2026 19:43:36.053] [main/WARN] [epicfight/]: Item Capability Exception: No item named forbidden_arcanus:iron_blacksmith_gavel
[02Sep2026 19:43:36.054] [main/WARN] [epicfight/]: Item Capability Exception: No item named knavesneeds:undergarden/froststeel/spear
[02Sep2026 19:43:36.054] [main/WARN] [epicfight/]: Item Capability Exception: No item named l2weaponry:sculkium_hammer
[02Sep2026 19:43:36.054] [main/WARN] [epicfight/]: Item Capability Exception: No item named blue_skies:bluebright_wood/twinblade
[02Sep2026 19:43:36.054] [main/WARN] [epicfight/]: Item Capability Exception: No item named dungeonsweaponry:axe_encrusted_anchor
[02Sep2026 19:43:36.054] [main/WARN] [epicfight/]: Item Capability Exception: No item named knavesneeds:twilight_forest/ironwood/twinblade
[02Sep2026 19:43:36.054] [main/WARN] [epicfight/]: Item Capability Exception: No item named aquamirae:remnants_saber
[02Sep2026 19:43:36.054] [main/WARN] [epicfight/]: Item Capability Exception: No item named knavesneeds:forbidden_arcanus/reinforced_deorum/greataxe
[02Sep2026 19:43:36.054] [main/WARN] [epicfight/]: Can't find a particle type epicfight:entity.hit.blade in epicfight:spgreatsword
[02Sep2026 19:43:36.054] [main/WARN] [epicfight/]: Can't find an animation named wom:biped/combat/torment_auto_3 in epicfight:spgreatsword
[02Sep2026 19:43:36.054] [main/WARN] [epicfight/]: Can't find an animation named wom:biped/combat/torment_auto_4 in epicfight:spgreatsword
[02Sep2026 19:43:36.054] [main/WARN] [epicfight/]: Item Capability Exception: No item named l2weaponry:lightning_dragonsteel_battle_axe
[02Sep2026 19:43:36.054] [main/WARN] [epicfight/]: Item Capability Exception: No item named rpgsmw:iron_one_handed_crossbow
[02Sep2026 19:43:36.054] [main/WARN] [epicfight/]: Item Capability Exception: No item named rpgsmw:netherite_healer_wand
[02Sep2026 19:43:36.055] [main/WARN] [epicfight/]: Item Capability Exception: No item named magistuarmory:rusted_chainmorgenstern
[02Sep2026 19:43:36.055] [main/WARN] [epicfight/]: Item Capability Exception: No item named basicweapons:golden_club
[02Sep2026 19:43:36.055] [main/WARN] [epicfight/]: Item Capability Exception: No item named farmersdelight:flint_knife
[02Sep2026 19:43:36.055] [main/WARN] [epicfight/]: Item Capability Exception: No item named knavesneeds:forbidden_arcanus/reinforced_deorum/spear
[02Sep2026 19:43:36.055] [main/WARN] [epicfight/]: Item Capability Exception: No item named basicweapons:diamond_quarterstaff
[02Sep2026 19:43:36.055] [main/WARN] [epicfight/]: Item Capability Exception: No item named epicsamurai:shuko
[02Sep2026 19:43:36.055] [main/WARN] [epicfight/]: Item Capability Exception: No item named blue_skies:bluebright_wood/longsword
[02Sep2026 19:43:36.055] [main/WARN] [epicfight/]: Item Capability Exception: No item named rpgsmw:iron_gauntlet
[02Sep2026 19:43:36.055] [main/WARN] [epicfight/]: Item Capability Exception: No item named l2weaponry:steeleaf_nunchaku
[02Sep2026 19:43:36.055] [main/WARN] [epicfight/]: Item Capability Exception: No item named rogcontinued:boken
[02Sep2026 19:43:36.056] [main/WARN] [epicfight/]: Item Capability Exception: No item named magistuarmoryaddon:steel_arming_sword_type_xiv
[02Sep2026 19:43:36.056] [main/WARN] [epicfight/]: Item Capability Exception: No item named blue_skies:lunar_stone/longsword
[02Sep2026 19:43:36.056] [main/WARN] [epicfight/]: Item Capability Exception: No item named l2weaponry:utherium_claw
[02Sep2026 19:43:36.056] [main/WARN] [epicfight/]: Item Capability Exception: No item named blue_skies:charoite/scythe
[02Sep2026 19:43:36.056] [main/WARN] [epicfight/]: Item Capability Exception: No item named knavesneeds:undergarden/cloggrum/glaive
[02Sep2026 19:43:36.056] [main/WARN] [epicfight/]: Item Capability Exception: No item named rogcontinued:vortexvanquisher
[02Sep2026 19:43:36.056] [main/WARN] [epicfight/]: Item Capability Exception: No item named duneons:gauntlet_soul_fists
[02Sep2026 19:43:36.056] [main/WARN] [epicfight/]: Item Capability Exception: No item named knavesneeds:deeperdarker/warden/warglaive
[02Sep2026 19:43:36.056] [main/WARN] [epicfight/]: Item Capability Exception: No item named simple_weapons:corinthium_dagger
[02Sep2026 19:43:36.056] [main/WARN] [epicfight/]: Item Capability Exception: No item named mcdw:sickle_last_laugh_silver
[02Sep2026 19:43:36.056] [main/WARN] [epicfight/]: epicfight:cut is not a hit particle type in magistuarmory:pike
[02Sep2026 19:43:36.056] [main/WARN] [epicfight/]: Item Capability Exception: No item named blue_skies:aquite/spear
[02Sep2026 19:43:36.057] [main/WARN] [epicfight/]: Item Capability Exception: No item named rpgsmw:stone_spear
[02Sep2026 19:43:36.057] [main/WARN] [epicfight/]: Item Capability Exception: No item named magistuarmoryaddon:steel_daneaxe
[02Sep2026 19:43:36.057] [main/WARN] [epicfight/]: Item Capability Exception: No item named mcdw:sword_the_starless_night
[02Sep2026 19:43:36.057] [main/WARN] [epicfight/]: Item Capability Exception: No item named blue_skies:starlit_wood/glaive
[02Sep2026 19:43:36.057] [main/WARN] [epicfight/]: Item Capability Exception: No item named rogcontinued:theunforged
[02Sep2026 19:43:36.057] [main/WARN] [epicfight/]: Item Capability Exception: No item named fabledweaponry:maul_iron
[02Sep2026 19:43:36.057] [main/WARN] [epicfight/]: Item Capability Exception: No item named epicsamurai:kamayari
[02Sep2026 19:43:36.057] [main/WARN] [epicfight/]: Item Capability Exception: No item named l2weaponry:gold_dagger
[02Sep2026 19:43:36.057] [main/WARN] [epicfight/]: epicfight:cut is not a hit particle type in magistuarmory:pike
[02Sep2026 19:43:36.057] [main/WARN] [epicfight/]: Item Capability Exception: No item named duneons:glaive_glaive
[02Sep2026 19:43:36.057] [main/WARN] [epicfight/]: Item Capability Exception: No item named l2weaponry:iron_claw
[02Sep2026 19:43:36.057] [main/WARN] [epicfight/]: Item Capability Exception: No item named dungeonsweaponry:glaive_cackling_broom
[02Sep2026 19:43:36.057] [main/WARN] [epicfight/]: Item Capability Exception: No item named l2weaponry:poseidon_madness
[02Sep2026 19:43:36.058] [main/WARN] [epicfight/]: Item Capability Exception: No item named l2weaponry:iron_nunchaku
[02Sep2026 19:43:36.058] [main/WARN] [epicfight/]: Item Capability Exception: No item named blue_skies:horizonite/cutlass
[02Sep2026 19:43:36.058] [main/WARN] [epicfight/]: Error while deserializing datapack for magistuarmory:silver_morgenstern: Can't find weapon type: minecraft:axe
[02Sep2026 19:43:36.058] [main/WARN] [epicfight/]: Item Capability Exception: No item named rpgsmw:netherite_greatsword
[02Sep2026 19:43:36.058] [main/WARN] [epicfight/]: Error while deserializing datapack for simplyswords:diamond_chakram: Can't find weapon type: epic_fight_battle_styles:chakram
[02Sep2026 19:43:36.059] [main/WARN] [epicfight/]: Item Capability Exception: No item named born_in_chaos_v1:staffof_magic_arrows
[02Sep2026 19:43:36.059] [main/WARN] [epicfight/]: Item Capability Exception: No item named rpgsmw:copper_healer_wand
[02Sep2026 19:43:36.059] [main/WARN] [epicfight/]: Item Capability Exception: No item named duneons:battlestaff
[02Sep2026 19:43:36.059] [main/WARN] [epicfight/]: Item Capability Exception: No item named l2weaponry:knightmetal_spear
[02Sep2026 19:43:36.059] [main/WARN] [epicfight/]: Item Capability Exception: No item named rpgsmw:diamond_battle_hammer
[02Sep2026 19:43:36.059] [main/WARN] [epicfight/]: Item Capability Exception: No item named l2weaponry:froststeel_throwing_axe
[02Sep2026 19:43:36.171] [main/WARN] [epicfight/]: Can't deserialize mob capability: vampirism:vampire: Enum name ranged does not exist in weapon_category
[02Sep2026 19:43:36.179] [main/WARN] [epicfight/]: Can't deserialize mob capability: vampirism:advanced_vampire: Enum name ranged does not exist in weapon_category
[02Sep2026 19:43:36.179] [main/WARN] [epicfight/]: Mob Patch Exception: No Entity named recruits:crossbowman
[02Sep2026 19:43:36.179] [main/WARN] [epicfight/]: Mob Patch Exception: No Entity named recruits:recruit
[02Sep2026 19:43:36.179] [main/WARN] [epicfight/]: Mob Patch Exception: No Entity named vampirism:hunter_trainer_imob
[02Sep2026 19:43:36.179] [main/WARN] [epicfight/]: Mob Patch Exception: No Entity named recruits:bowman
[02Sep2026 19:43:36.185] [main/WARN] [epicfight/]: Can't deserialize mob capability: vampirism:vampire_baron: Enum name ranged does not exist in weapon_category
[02Sep2026 19:43:36.186] [main/WARN] [epicfight/]: Mob Patch Exception: No Entity named vampirism:vampire_baron_imob
[02Sep2026 19:43:36.186] [main/WARN] [epicfight/]: Mob Patch Exception: No Entity named recruits:recruit_shieldman
[02Sep2026 19:43:36.191] [main/WARN] [epicfight/]: Can't deserialize mob capability: vampirism:hunter_imob: Enum name ranged does not exist in weapon_category
[02Sep2026 19:43:36.197] [main/WARN] [epicfight/]: Can't deserialize mob capability: vampirism:vampire_imob: Enum name ranged does not exist in weapon_category
[02Sep2026 19:43:36.203] [main/WARN] [epicfight/]: Can't deserialize mob capability: vampirism:advanced_hunter_imob: Enum name ranged does not exist in weapon_category
[02Sep2026 19:43:36.208] [main/WARN] [epicfight/]: Can't deserialize mob capability: vampirism:hunter_trainer: Enum name ranged does not exist in weapon_category
[02Sep2026 19:43:36.208] [main/WARN] [epicfight/]: Mob Patch Exception: No Entity named recruits:horseman
[02Sep2026 19:43:36.215] [main/WARN] [epicfight/]: Can't deserialize mob capability: vampirism:hunter: Enum name ranged does not exist in weapon_category
[02Sep2026 19:43:36.221] [main/WARN] [epicfight/]: Can't deserialize mob capability: vampirism:advanced_vampire_imob: Enum name ranged does not exist in weapon_category
[02Sep2026 19:43:36.227] [main/WARN] [epicfight/]: Can't deserialize mob capability: vampirism:advanced_hunter: Enum name ranged does not exist in weapon_category
[02Sep2026 19:43:36.227] [main/WARN] [epicfight/]: Mob Patch Exception: No Entity named recruits:nomad
[02Sep2026 19:43:36.237] [main/INFO] [de.teamlapen.vampirism.entity.player.skills.SkillTree/]: Loaded 82 skill nodes
[02Sep2026 19:43:36.240] [main/INFO] [de.teamlapen.vampirism.entity.converted.VampirismEntityRegistry/]: Registered 16 convertibles
[02Sep2026 19:43:36.243] [main/INFO] [com.cupboard.Cupboard/]: Loaded config for: lootintegrations.json
[02Sep2026 19:43:36.245] [main/INFO] [saintsdragons/]: Loaded 9 dragon attribute configuration(s) from Forge config
[02Sep2026 19:43:36.246] [main/INFO] [saintsdragons/]: Loaded 7 dragon variant definition(s)
[02Sep2026 19:43:36.253] [main/ERROR] [saintsdragons/]: Failed to parse dialogue file mca:adopt
com.google.gson.JsonSyntaxException: Missing nodes, expected to find a JsonObject
	at net.minecraft.util.GsonHelper.m_13930_(GsonHelper.java:421) ~[server-1.20.1-20230612.114412-srg.jar%23413!/:?]
	at com.leon.saintsdragons.server.entity.npc.dialogue.DialogueReloadListener.parseFile(DialogueReloadListener.java:52) ~[saintsdragons-0.9.5+forge-1.20.1.jar%23368!/:?]
	at com.leon.saintsdragons.server.entity.npc.dialogue.DialogueReloadListener.lambda$apply$1(DialogueReloadListener.java:42) ~[saintsdragons-0.9.5+forge-1.20.1.jar%23368!/:?]
	at java.util.stream.ForEachOps$ForEachOp$OfRef.accept(ForEachOps.java:183) ~[?:?]
	at java.util.stream.SortedOps$SizedRefSortingSink.end(SortedOps.java:357) ~[?:?]
	at java.util.stream.AbstractPipeline.copyInto(AbstractPipeline.java:510) ~[?:?]
	at java.util.stream.AbstractPipeline.wrapAndCopyInto(AbstractPipeline.java:499) ~[?:?]
	at java.util.stream.ForEachOps$ForEachOp.evaluateSequential(ForEachOps.java:150) ~[?:?]
	at java.util.stream.ForEachOps$ForEachOp$OfRef.evaluateSequential(ForEachOps.java:173) ~[?:?]
	at java.util.stream.AbstractPipeline.evaluate(AbstractPipeline.java:234) ~[?:?]
	at java.util.stream.ReferencePipeline.forEach(ReferencePipeline.java:596) ~[?:?]
	at com.leon.saintsdragons.server.entity.npc.dialogue.DialogueReloadListener.apply(DialogueReloadListener.java:42) ~[saintsdragons-0.9.5+forge-1.20.1.jar%23368!/:?]
	at com.leon.saintsdragons.server.entity.npc.dialogue.DialogueReloadListener.m_5787_(DialogueReloadListener.java:23) ~[saintsdragons-0.9.5+forge-1.20.1.jar%23368!/:?]
	at net.minecraft.server.packs.resources.SimplePreparableReloadListener.m_10789_(SimplePreparableReloadListener.java:13) ~[server-1.20.1-20230612.114412-srg.jar%23413!/:?]
	at java.util.concurrent.CompletableFuture$UniAccept.tryFire(CompletableFuture.java:718) ~[?:?]
	at java.util.concurrent.CompletableFuture$Completion.run(CompletableFuture.java:482) ~[?:?]
	at net.minecraft.server.packs.resources.SimpleReloadInstance.m_143940_(SimpleReloadInstance.java:69) ~[server-1.20.1-20230612.114412-srg.jar%23413!/:?]
	at net.minecraft.Util.m_214652_(Util.java:783) ~[server-1.20.1-20230612.114412-srg.jar%23413!/:?]
	at net.minecraft.Util.m_214679_(Util.java:772) ~[server-1.20.1-20230612.114412-srg.jar%23413!/:?]
	at net.minecraft.server.Main.main(Main.java:166) ~[server-1.20.1-20230612.114412-srg.jar%23413!/:?]
	at jdk.internal.reflect.NativeMethodAccessorImpl.invoke0(Native Method) ~[?:?]
	at jdk.internal.reflect.NativeMethodAccessorImpl.invoke(NativeMethodAccessorImpl.java:77) ~[?:?]
	at jdk.internal.reflect.DelegatingMethodAccessorImpl.invoke(DelegatingMethodAccessorImpl.java:43) ~[?:?]
	at java.lang.reflect.Method.invoke(Method.java:569) ~[?:?]
	at net.minecraftforge.fml.loading.targets.CommonLaunchHandler.runTarget(CommonLaunchHandler.java:111) ~[fmlloader-1.20.1-47.4.20.jar%2369!/:?]
	at net.minecraftforge.fml.loading.targets.CommonLaunchHandler.serverService(CommonLaunchHandler.java:103) ~[fmlloader-1.20.1-47.4.20.jar%2369!/:?]
	at net.minecraftforge.fml.loading.targets.CommonServerLaunchHandler.lambda$makeService$0(CommonServerLaunchHandler.java:27) ~[fmlloader-1.20.1-47.4.20.jar%2369!/:?]
	at cpw.mods.modlauncher.LaunchServiceHandlerDecorator.launch(LaunchServiceHandlerDecorator.java:30) ~[modlauncher-10.0.9.jar%2355!/:?]
	at cpw.mods.modlauncher.LaunchServiceHandler.launch(LaunchServiceHandler.java:53) ~[modlauncher-10.0.9.jar%2355!/:?]
	at cpw.mods.modlauncher.LaunchServiceHandler.launch(LaunchServiceHandler.java:71) ~[modlauncher-10.0.9.jar%2355!/:?]
	at cpw.mods.modlauncher.Launcher.run(Launcher.java:108) ~[modlauncher-10.0.9.jar%2355!/:?]
	at cpw.mods.modlauncher.Launcher.main(Launcher.java:78) ~[modlauncher-10.0.9.jar%2355!/:?]
	at cpw.mods.modlauncher.BootstrapLaunchConsumer.accept(BootstrapLaunchConsumer.java:26) ~[modlauncher-10.0.9.jar%2355!/:?]
	at cpw.mods.modlauncher.BootstrapLaunchConsumer.accept(BootstrapLaunchConsumer.java:23) ~[modlauncher-10.0.9.jar%2355!/:?]
	at cpw.mods.bootstraplauncher.BootstrapLauncher.main(BootstrapLauncher.java:141) ~[bootstraplauncher-1.1.2.jar:?]
[02Sep2026 19:43:36.255] [main/ERROR] [saintsdragons/]: Failed to parse dialogue file mca:apologize
com.google.gson.JsonSyntaxException: Missing nodes, expected to find a JsonObject
	at net.minecraft.util.GsonHelper.m_13930_(GsonHelper.java:421) ~[server-1.20.1-20230612.114412-srg.jar%23413!/:?]
	at com.leon.saintsdragons.server.entity.npc.dialogue.DialogueReloadListener.parseFile(DialogueReloadListener.java:52) ~[saintsdragons-0.9.5+forge-1.20.1.jar%23368!/:?]
	at com.leon.saintsdragons.server.entity.npc.dialogue.DialogueReloadListener.lambda$apply$1(DialogueReloadListener.java:42) ~[saintsdragons-0.9.5+forge-1.20.1.jar%23368!/:?]
	at java.util.stream.ForEachOps$ForEachOp$OfRef.accept(ForEachOps.java:183) ~[?:?]
	at java.util.stream.SortedOps$SizedRefSortingSink.end(SortedOps.java:357) ~[?:?]
	at java.util.stream.AbstractPipeline.copyInto(AbstractPipeline.java:510) ~[?:?]
	at java.util.stream.AbstractPipeline.wrapAndCopyInto(AbstractPipeline.java:499) ~[?:?]
	at java.util.stream.ForEachOps$ForEachOp.evaluateSequential(ForEachOps.java:150) ~[?:?]
	at java.util.stream.ForEachOps$ForEachOp$OfRef.evaluateSequential(ForEachOps.java:173) ~[?:?]
	at java.util.stream.AbstractPipeline.evaluate(AbstractPipeline.java:234) ~[?:?]
	at java.util.stream.ReferencePipeline.forEach(ReferencePipeline.java:596) ~[?:?]
	at com.leon.saintsdragons.server.entity.npc.dialogue.DialogueReloadListener.apply(DialogueReloadListener.java:42) ~[saintsdragons-0.9.5+forge-1.20.1.jar%23368!/:?]
	at com.leon.saintsdragons.server.entity.npc.dialogue.DialogueReloadListener.m_5787_(DialogueReloadListener.java:23) ~[saintsdragons-0.9.5+forge-1.20.1.jar%23368!/:?]
	at net.minecraft.server.packs.resources.SimplePreparableReloadListener.m_10789_(SimplePreparableReloadListener.java:13) ~[server-1.20.1-20230612.114412-srg.jar%23413!/:?]
	at java.util.concurrent.CompletableFuture$UniAccept.tryFire(CompletableFuture.java:718) ~[?:?]
	at java.util.concurrent.CompletableFuture$Completion.run(CompletableFuture.java:482) ~[?:?]
	at net.minecraft.server.packs.resources.SimpleReloadInstance.m_143940_(SimpleReloadInstance.java:69) ~[server-1.20.1-20230612.114412-srg.jar%23413!/:?]
	at net.minecraft.Util.m_214652_(Util.java:783) ~[server-1.20.1-20230612.114412-srg.jar%23413!/:?]
	at net.minecraft.Util.m_214679_(Util.java:772) ~[server-1.20.1-20230612.114412-srg.jar%23413!/:?]
	at net.minecraft.server.Main.main(Main.java:166) ~[server-1.20.1-20230612.114412-srg.jar%23413!/:?]
	at jdk.internal.reflect.NativeMethodAccessorImpl.invoke0(Native Method) ~[?:?]
	at jdk.internal.reflect.NativeMethodAccessorImpl.invoke(NativeMethodAccessorImpl.java:77) ~[?:?]
	at jdk.internal.reflect.DelegatingMethodAccessorImpl.invoke(DelegatingMethodAccessorImpl.java:43) ~[?:?]
	at java.lang.reflect.Method.invoke(Method.java:569) ~[?:?]
	at net.minecraftforge.fml.loading.targets.CommonLaunchHandler.runTarget(CommonLaunchHandler.java:111) ~[fmlloader-1.20.1-47.4.20.jar%2369!/:?]
	at net.minecraftforge.fml.loading.targets.CommonLaunchHandler.serverService(CommonLaunchHandler.java:103) ~[fmlloader-1.20.1-47.4.20.jar%2369!/:?]
	at net.minecraftforge.fml.loading.targets.CommonServerLaunchHandler.lambda$makeService$0(CommonServerLaunchHandler.java:27) ~[fmlloader-1.20.1-47.4.20.jar%2369!/:?]
	at cpw.mods.modlauncher.LaunchServiceHandlerDecorator.launch(LaunchServiceHandlerDecorator.java:30) ~[modlauncher-10.0.9.jar%2355!/:?]
	at cpw.mods.modlauncher.LaunchServiceHandler.launch(LaunchServiceHandler.java:53) ~[modlauncher-10.0.9.jar%2355!/:?]
	at cpw.mods.modlauncher.LaunchServiceHandler.launch(LaunchServiceHandler.java:71) ~[modlauncher-10.0.9.jar%2355!/:?]
	at cpw.mods.modlauncher.Launcher.run(Launcher.java:108) ~[modlauncher-10.0.9.jar%2355!/:?]
	at cpw.mods.modlauncher.Launcher.main(Launcher.java:78) ~[modlauncher-10.0.9.jar%2355!/:?]
	at cpw.mods.modlauncher.BootstrapLaunchConsumer.accept(BootstrapLaunchConsumer.java:26) ~[modlauncher-10.0.9.jar%2355!/:?]
	at cpw.mods.modlauncher.BootstrapLaunchConsumer.accept(BootstrapLaunchConsumer.java:23) ~[modlauncher-10.0.9.jar%2355!/:?]
	at cpw.mods.bootstraplauncher.BootstrapLauncher.main(BootstrapLauncher.java:141) ~[bootstraplauncher-1.1.2.jar:?]
[02Sep2026 19:43:36.255] [main/ERROR] [saintsdragons/]: Failed to parse dialogue file mca:chat
com.google.gson.JsonSyntaxException: Missing nodes, expected to find a JsonObject
	at net.minecraft.util.GsonHelper.m_13930_(GsonHelper.java:421) ~[server-1.20.1-20230612.114412-srg.jar%23413!/:?]
	at com.leon.saintsdragons.server.entity.npc.dialogue.DialogueReloadListener.parseFile(DialogueReloadListener.java:52) ~[saintsdragons-0.9.5+forge-1.20.1.jar%23368!/:?]
	at com.leon.saintsdragons.server.entity.npc.dialogue.DialogueReloadListener.lambda$apply$1(DialogueReloadListener.java:42) ~[saintsdragons-0.9.5+forge-1.20.1.jar%23368!/:?]
	at java.util.stream.ForEachOps$ForEachOp$OfRef.accept(ForEachOps.java:183) ~[?:?]
	at java.util.stream.SortedOps$SizedRefSortingSink.end(SortedOps.java:357) ~[?:?]
	at java.util.stream.AbstractPipeline.copyInto(AbstractPipeline.java:510) ~[?:?]
	at java.util.stream.AbstractPipeline.wrapAndCopyInto(AbstractPipeline.java:499) ~[?:?]
	at java.util.stream.ForEachOps$ForEachOp.evaluateSequential(ForEachOps.java:150) ~[?:?]
	at java.util.stream.ForEachOps$ForEachOp$OfRef.evaluateSequential(ForEachOps.java:173) ~[?:?]
	at java.util.stream.AbstractPipeline.evaluate(AbstractPipeline.java:234) ~[?:?]
	at java.util.stream.ReferencePipeline.forEach(ReferencePipeline.java:596) ~[?:?]
	at com.leon.saintsdragons.server.entity.npc.dialogue.DialogueReloadListener.apply(DialogueReloadListener.java:42) ~[saintsdragons-0.9.5+forge-1.20.1.jar%23368!/:?]
	at com.leon.saintsdragons.server.entity.npc.dialogue.DialogueReloadListener.m_5787_(DialogueReloadListener.java:23) ~[saintsdragons-0.9.5+forge-1.20.1.jar%23368!/:?]
	at net.minecraft.server.packs.resources.SimplePreparableReloadListener.m_10789_(SimplePreparableReloadListener.java:13) ~[server-1.20.1-20230612.114412-srg.jar%23413!/:?]
	at java.util.concurrent.CompletableFuture$UniAccept.tryFire(CompletableFuture.java:718) ~[?:?]
	at java.util.concurrent.CompletableFuture$Completion.run(CompletableFuture.java:482) ~[?:?]
	at net.minecraft.server.packs.resources.SimpleReloadInstance.m_143940_(SimpleReloadInstance.java:69) ~[server-1.20.1-20230612.114412-srg.jar%23413!/:?]
	at net.minecraft.Util.m_214652_(Util.java:783) ~[server-1.20.1-20230612.114412-srg.jar%23413!/:?]
	at net.minecraft.Util.m_214679_(Util.java:772) ~[server-1.20.1-20230612.114412-srg.jar%23413!/:?]
	at net.minecraft.server.Main.main(Main.java:166) ~[server-1.20.1-20230612.114412-srg.jar%23413!/:?]
	at jdk.internal.reflect.NativeMethodAccessorImpl.invoke0(Native Method) ~[?:?]
	at jdk.internal.reflect.NativeMethodAccessorImpl.invoke(NativeMethodAccessorImpl.java:77) ~[?:?]
	at jdk.internal.reflect.DelegatingMethodAccessorImpl.invoke(DelegatingMethodAccessorImpl.java:43) ~[?:?]
	at java.lang.reflect.Method.invoke(Method.java:569) ~[?:?]
	at net.minecraftforge.fml.loading.targets.CommonLaunchHandler.runTarget(CommonLaunchHandler.java:111) ~[fmlloader-1.20.1-47.4.20.jar%2369!/:?]
	at net.minecraftforge.fml.loading.targets.CommonLaunchHandler.serverService(CommonLaunchHandler.java:103) ~[fmlloader-1.20.1-47.4.20.jar%2369!/:?]
	at net.minecraftforge.fml.loading.targets.CommonServerLaunchHandler.lambda$makeService$0(CommonServerLaunchHandler.java:27) ~[fmlloader-1.20.1-47.4.20.jar%2369!/:?]
	at cpw.mods.modlauncher.LaunchServiceHandlerDecorator.launch(LaunchServiceHandlerDecorator.java:30) ~[modlauncher-10.0.9.jar%2355!/:?]
	at cpw.mods.modlauncher.LaunchServiceHandler.launch(LaunchServiceHandler.java:53) ~[modlauncher-10.0.9.jar%2355!/:?]
	at cpw.mods.modlauncher.LaunchServiceHandler.launch(LaunchServiceHandler.java:71) ~[modlauncher-10.0.9.jar%2355!/:?]
	at cpw.mods.modlauncher.Launcher.run(Launcher.java:108) ~[modlauncher-10.0.9.jar%2355!/:?]
	at cpw.mods.modlauncher.Launcher.main(Launcher.java:78) ~[modlauncher-10.0.9.jar%2355!/:?]
	at cpw.mods.modlauncher.BootstrapLaunchConsumer.accept(BootstrapLaunchConsumer.java:26) ~[modlauncher-10.0.9.jar%2355!/:?]
	at cpw.mods.modlauncher.BootstrapLaunchConsumer.accept(BootstrapLaunchConsumer.java:23) ~[modlauncher-10.0.9.jar%2355!/:?]
	at cpw.mods.bootstraplauncher.BootstrapLauncher.main(BootstrapLauncher.java:141) ~[bootstraplauncher-1.1.2.jar:?]
[02Sep2026 19:43:36.256] [main/ERROR] [saintsdragons/]: Failed to parse dialogue file mca:chat.topic
com.google.gson.JsonSyntaxException: Missing nodes, expected to find a JsonObject
	at net.minecraft.util.GsonHelper.m_13930_(GsonHelper.java:421) ~[server-1.20.1-20230612.114412-srg.jar%23413!/:?]
	at com.leon.saintsdragons.server.entity.npc.dialogue.DialogueReloadListener.parseFile(DialogueReloadListener.java:52) ~[saintsdragons-0.9.5+forge-1.20.1.jar%23368!/:?]
	at com.leon.saintsdragons.server.entity.npc.dialogue.DialogueReloadListener.lambda$apply$1(DialogueReloadListener.java:42) ~[saintsdragons-0.9.5+forge-1.20.1.jar%23368!/:?]
	at java.util.stream.ForEachOps$ForEachOp$OfRef.accept(ForEachOps.java:183) ~[?:?]
	at java.util.stream.SortedOps$SizedRefSortingSink.end(SortedOps.java:357) ~[?:?]
	at java.util.stream.AbstractPipeline.copyInto(AbstractPipeline.java:510) ~[?:?]
	at java.util.stream.AbstractPipeline.wrapAndCopyInto(AbstractPipeline.java:499) ~[?:?]
	at java.util.stream.ForEachOps$ForEachOp.evaluateSequential(ForEachOps.java:150) ~[?:?]
	at java.util.stream.ForEachOps$ForEachOp$OfRef.evaluateSequential(ForEachOps.java:173) ~[?:?]
	at java.util.stream.AbstractPipeline.evaluate(AbstractPipeline.java:234) ~[?:?]
	at java.util.stream.ReferencePipeline.forEach(ReferencePipeline.java:596) ~[?:?]
	at com.leon.saintsdragons.server.entity.npc.dialogue.DialogueReloadListener.apply(DialogueReloadListener.java:42) ~[saintsdragons-0.9.5+forge-1.20.1.jar%23368!/:?]
	at com.leon.saintsdragons.server.entity.npc.dialogue.DialogueReloadListener.m_5787_(DialogueReloadListener.java:23) ~[saintsdragons-0.9.5+forge-1.20.1.jar%23368!/:?]
	at net.minecraft.server.packs.resources.SimplePreparableReloadListener.m_10789_(SimplePreparableReloadListener.java:13) ~[server-1.20.1-20230612.114412-srg.jar%23413!/:?]
	at java.util.concurrent.CompletableFuture$UniAccept.tryFire(CompletableFuture.java:718) ~[?:?]
	at java.util.concurrent.CompletableFuture$Completion.run(CompletableFuture.java:482) ~[?:?]
	at net.minecraft.server.packs.resources.SimpleReloadInstance.m_143940_(SimpleReloadInstance.java:69) ~[server-1.20.1-20230612.114412-srg.jar%23413!/:?]
	at net.minecraft.Util.m_214652_(Util.java:783) ~[server-1.20.1-20230612.114412-srg.jar%23413!/:?]
	at net.minecraft.Util.m_214679_(Util.java:772) ~[server-1.20.1-20230612.114412-srg.jar%23413!/:?]
	at net.minecraft.server.Main.main(Main.java:166) ~[server-1.20.1-20230612.114412-srg.jar%23413!/:?]
	at jdk.internal.reflect.NativeMethodAccessorImpl.invoke0(Native Method) ~[?:?]
	at jdk.internal.reflect.NativeMethodAccessorImpl.invoke(NativeMethodAccessorImpl.java:77) ~[?:?]
	at jdk.internal.reflect.DelegatingMethodAccessorImpl.invoke(DelegatingMethodAccessorImpl.java:43) ~[?:?]
	at java.lang.reflect.Method.invoke(Method.java:569) ~[?:?]
	at net.minecraftforge.fml.loading.targets.CommonLaunchHandler.runTarget(CommonLaunchHandler.java:111) ~[fmlloader-1.20.1-47.4.20.jar%2369!/:?]
	at net.minecraftforge.fml.loading.targets.CommonLaunchHandler.serverService(CommonLaunchHandler.java:103) ~[fmlloader-1.20.1-47.4.20.jar%2369!/:?]
	at net.minecraftforge.fml.loading.targets.CommonServerLaunchHandler.lambda$makeService$0(CommonServerLaunchHandler.java:27) ~[fmlloader-1.20.1-47.4.20.jar%2369!/:?]
	at cpw.mods.modlauncher.LaunchServiceHandlerDecorator.launch(LaunchServiceHandlerDecorator.java:30) ~[modlauncher-10.0.9.jar%2355!/:?]
	at cpw.mods.modlauncher.LaunchServiceHandler.launch(LaunchServiceHandler.java:53) ~[modlauncher-10.0.9.jar%2355!/:?]
	at cpw.mods.modlauncher.LaunchServiceHandler.launch(LaunchServiceHandler.java:71) ~[modlauncher-10.0.9.jar%2355!/:?]
	at cpw.mods.modlauncher.Launcher.run(Launcher.java:108) ~[modlauncher-10.0.9.jar%2355!/:?]
	at cpw.mods.modlauncher.Launcher.main(Launcher.java:78) ~[modlauncher-10.0.9.jar%2355!/:?]
	at cpw.mods.modlauncher.BootstrapLaunchConsumer.accept(BootstrapLaunchConsumer.java:26) ~[modlauncher-10.0.9.jar%2355!/:?]
	at cpw.mods.modlauncher.BootstrapLaunchConsumer.accept(BootstrapLaunchConsumer.java:23) ~[modlauncher-10.0.9.jar%2355!/:?]
	at cpw.mods.bootstraplauncher.BootstrapLauncher.main(BootstrapLauncher.java:141) ~[bootstraplauncher-1.1.2.jar:?]
[02Sep2026 19:43:36.256] [main/ERROR] [saintsdragons/]: Failed to parse dialogue file mca:chat.village_life
com.google.gson.JsonSyntaxException: Missing nodes, expected to find a JsonObject
	at net.minecraft.util.GsonHelper.m_13930_(GsonHelper.java:421) ~[server-1.20.1-20230612.114412-srg.jar%23413!/:?]
	at com.leon.saintsdragons.server.entity.npc.dialogue.DialogueReloadListener.parseFile(DialogueReloadListener.java:52) ~[saintsdragons-0.9.5+forge-1.20.1.jar%23368!/:?]
	at com.leon.saintsdragons.server.entity.npc.dialogue.DialogueReloadListener.lambda$apply$1(DialogueReloadListener.java:42) ~[saintsdragons-0.9.5+forge-1.20.1.jar%23368!/:?]
	at java.util.stream.ForEachOps$ForEachOp$OfRef.accept(ForEachOps.java:183) ~[?:?]
	at java.util.stream.SortedOps$SizedRefSortingSink.end(SortedOps.java:357) ~[?:?]
	at java.util.stream.AbstractPipeline.copyInto(AbstractPipeline.java:510) ~[?:?]
	at java.util.stream.AbstractPipeline.wrapAndCopyInto(AbstractPipeline.java:499) ~[?:?]
	at java.util.stream.ForEachOps$ForEachOp.evaluateSequential(ForEachOps.java:150) ~[?:?]
	at java.util.stream.ForEachOps$ForEachOp$OfRef.evaluateSequential(ForEachOps.java:173) ~[?:?]
	at java.util.stream.AbstractPipeline.evaluate(AbstractPipeline.java:234) ~[?:?]
	at java.util.stream.ReferencePipeline.forEach(ReferencePipeline.java:596) ~[?:?]
	at com.leon.saintsdragons.server.entity.npc.dialogue.DialogueReloadListener.apply(DialogueReloadListener.java:42) ~[saintsdragons-0.9.5+forge-1.20.1.jar%23368!/:?]
	at com.leon.saintsdragons.server.entity.npc.dialogue.DialogueReloadListener.m_5787_(DialogueReloadListener.java:23) ~[saintsdragons-0.9.5+forge-1.20.1.jar%23368!/:?]
	at net.minecraft.server.packs.resources.SimplePreparableReloadListener.m_10789_(SimplePreparableReloadListener.java:13) ~[server-1.20.1-20230612.114412-srg.jar%23413!/:?]
	at java.util.concurrent.CompletableFuture$UniAccept.tryFire(CompletableFuture.java:718) ~[?:?]
	at java.util.concurrent.CompletableFuture$Completion.run(CompletableFuture.java:482) ~[?:?]
	at net.minecraft.server.packs.resources.SimpleReloadInstance.m_143940_(SimpleReloadInstance.java:69) ~[server-1.20.1-20230612.114412-srg.jar%23413!/:?]
	at net.minecraft.Util.m_214652_(Util.java:783) ~[server-1.20.1-20230612.114412-srg.jar%23413!/:?]
	at net.minecraft.Util.m_214679_(Util.java:772) ~[server-1.20.1-20230612.114412-srg.jar%23413!/:?]
	at net.minecraft.server.Main.main(Main.java:166) ~[server-1.20.1-20230612.114412-srg.jar%23413!/:?]
	at jdk.internal.reflect.NativeMethodAccessorImpl.invoke0(Native Method) ~[?:?]
	at jdk.internal.reflect.NativeMethodAccessorImpl.invoke(NativeMethodAccessorImpl.java:77) ~[?:?]
	at jdk.internal.reflect.DelegatingMethodAccessorImpl.invoke(DelegatingMethodAccessorImpl.java:43) ~[?:?]
	at java.lang.reflect.Method.invoke(Method.java:569) ~[?:?]
	at net.minecraftforge.fml.loading.targets.CommonLaunchHandler.runTarget(CommonLaunchHandler.java:111) ~[fmlloader-1.20.1-47.4.20.jar%2369!/:?]
	at net.minecraftforge.fml.loading.targets.CommonLaunchHandler.serverService(CommonLaunchHandler.java:103) ~[fmlloader-1.20.1-47.4.20.jar%2369!/:?]
	at net.minecraftforge.fml.loading.targets.CommonServerLaunchHandler.lambda$makeService$0(CommonServerLaunchHandler.java:27) ~[fmlloader-1.20.1-47.4.20.jar%2369!/:?]
	at cpw.mods.modlauncher.LaunchServiceHandlerDecorator.launch(LaunchServiceHandlerDecorator.java:30) ~[modlauncher-10.0.9.jar%2355!/:?]
	at cpw.mods.modlauncher.LaunchServiceHandler.launch(LaunchServiceHandler.java:53) ~[modlauncher-10.0.9.jar%2355!/:?]
	at cpw.mods.modlauncher.LaunchServiceHandler.launch(LaunchServiceHandler.java:71) ~[modlauncher-10.0.9.jar%2355!/:?]
	at cpw.mods.modlauncher.Launcher.run(Launcher.java:108) ~[modlauncher-10.0.9.jar%2355!/:?]
	at cpw.mods.modlauncher.Launcher.main(Launcher.java:78) ~[modlauncher-10.0.9.jar%2355!/:?]
	at cpw.mods.modlauncher.BootstrapLaunchConsumer.accept(BootstrapLaunchConsumer.java:26) ~[modlauncher-10.0.9.jar%2355!/:?]
	at cpw.mods.modlauncher.BootstrapLaunchConsumer.accept(BootstrapLaunchConsumer.java:23) ~[modlauncher-10.0.9.jar%2355!/:?]
	at cpw.mods.bootstraplauncher.BootstrapLauncher.main(BootstrapLauncher.java:141) ~[bootstraplauncher-1.1.2.jar:?]
[02Sep2026 19:43:36.257] [main/ERROR] [saintsdragons/]: Failed to parse dialogue file mca:divorce
com.google.gson.JsonSyntaxException: Missing nodes, expected to find a JsonObject
	at net.minecraft.util.GsonHelper.m_13930_(GsonHelper.java:421) ~[server-1.20.1-20230612.114412-srg.jar%23413!/:?]
	at com.leon.saintsdragons.server.entity.npc.dialogue.DialogueReloadListener.parseFile(DialogueReloadListener.java:52) ~[saintsdragons-0.9.5+forge-1.20.1.jar%23368!/:?]
	at com.leon.saintsdragons.server.entity.npc.dialogue.DialogueReloadListener.lambda$apply$1(DialogueReloadListener.java:42) ~[saintsdragons-0.9.5+forge-1.20.1.jar%23368!/:?]
	at java.util.stream.ForEachOps$ForEachOp$OfRef.accept(ForEachOps.java:183) ~[?:?]
	at java.util.stream.SortedOps$SizedRefSortingSink.end(SortedOps.java:357) ~[?:?]
	at java.util.stream.AbstractPipeline.copyInto(AbstractPipeline.java:510) ~[?:?]
	at java.util.stream.AbstractPipeline.wrapAndCopyInto(AbstractPipeline.java:499) ~[?:?]
	at java.util.stream.ForEachOps$ForEachOp.evaluateSequential(ForEachOps.java:150) ~[?:?]
	at java.util.stream.ForEachOps$ForEachOp$OfRef.evaluateSequential(ForEachOps.java:173) ~[?:?]
	at java.util.stream.AbstractPipeline.evaluate(AbstractPipeline.java:234) ~[?:?]
	at java.util.stream.ReferencePipeline.forEach(ReferencePipeline.java:596) ~[?:?]
	at com.leon.saintsdragons.server.entity.npc.dialogue.DialogueReloadListener.apply(DialogueReloadListener.java:42) ~[saintsdragons-0.9.5+forge-1.20.1.jar%23368!/:?]
	at com.leon.saintsdragons.server.entity.npc.dialogue.DialogueReloadListener.m_5787_(DialogueReloadListener.java:23) ~[saintsdragons-0.9.5+forge-1.20.1.jar%23368!/:?]
	at net.minecraft.server.packs.resources.SimplePreparableReloadListener.m_10789_(SimplePreparableReloadListener.java:13) ~[server-1.20.1-20230612.114412-srg.jar%23413!/:?]
	at java.util.concurrent.CompletableFuture$UniAccept.tryFire(CompletableFuture.java:718) ~[?:?]
	at java.util.concurrent.CompletableFuture$Completion.run(CompletableFuture.java:482) ~[?:?]
	at net.minecraft.server.packs.resources.SimpleReloadInstance.m_143940_(SimpleReloadInstance.java:69) ~[server-1.20.1-20230612.114412-srg.jar%23413!/:?]
	at net.minecraft.Util.m_214652_(Util.java:783) ~[server-1.20.1-20230612.114412-srg.jar%23413!/:?]
	at net.minecraft.Util.m_214679_(Util.java:772) ~[server-1.20.1-20230612.114412-srg.jar%23413!/:?]
	at net.minecraft.server.Main.main(Main.java:166) ~[server-1.20.1-20230612.114412-srg.jar%23413!/:?]
	at jdk.internal.reflect.NativeMethodAccessorImpl.invoke0(Native Method) ~[?:?]
	at jdk.internal.reflect.NativeMethodAccessorImpl.invoke(NativeMethodAccessorImpl.java:77) ~[?:?]
	at jdk.internal.reflect.DelegatingMethodAccessorImpl.invoke(DelegatingMethodAccessorImpl.java:43) ~[?:?]
	at java.lang.reflect.Method.invoke(Method.java:569) ~[?:?]
	at net.minecraftforge.fml.loading.targets.CommonLaunchHandler.runTarget(CommonLaunchHandler.java:111) ~[fmlloader-1.20.1-47.4.20.jar%2369!/:?]
	at net.minecraftforge.fml.loading.targets.CommonLaunchHandler.serverService(CommonLaunchHandler.java:103) ~[fmlloader-1.20.1-47.4.20.jar%2369!/:?]
	at net.minecraftforge.fml.loading.targets.CommonServerLaunchHandler.lambda$makeService$0(CommonServerLaunchHandler.java:27) ~[fmlloader-1.20.1-47.4.20.jar%2369!/:?]
	at cpw.mods.modlauncher.LaunchServiceHandlerDecorator.launch(LaunchServiceHandlerDecorator.java:30) ~[modlauncher-10.0.9.jar%2355!/:?]
	at cpw.mods.modlauncher.LaunchServiceHandler.launch(LaunchServiceHandler.java:53) ~[modlauncher-10.0.9.jar%2355!/:?]
	at cpw.mods.modlauncher.LaunchServiceHandler.launch(LaunchServiceHandler.java:71) ~[modlauncher-10.0.9.jar%2355!/:?]
	at cpw.mods.modlauncher.Launcher.run(Launcher.java:108) ~[modlauncher-10.0.9.jar%2355!/:?]
	at cpw.mods.modlauncher.Launcher.main(Launcher.java:78) ~[modlauncher-10.0.9.jar%2355!/:?]
	at cpw.mods.modlauncher.BootstrapLaunchConsumer.accept(BootstrapLaunchConsumer.java:26) ~[modlauncher-10.0.9.jar%2355!/:?]
	at cpw.mods.modlauncher.BootstrapLaunchConsumer.accept(BootstrapLaunchConsumer.java:23) ~[modlauncher-10.0.9.jar%2355!/:?]
	at cpw.mods.bootstraplauncher.BootstrapLauncher.main(BootstrapLauncher.java:141) ~[bootstraplauncher-1.1.2.jar:?]
[02Sep2026 19:43:36.258] [main/ERROR] [saintsdragons/]: Failed to parse dialogue file mca:first
com.google.gson.JsonSyntaxException: Missing nodes, expected to find a JsonObject
	at net.minecraft.util.GsonHelper.m_13930_(GsonHelper.java:421) ~[server-1.20.1-20230612.114412-srg.jar%23413!/:?]
	at com.leon.saintsdragons.server.entity.npc.dialogue.DialogueReloadListener.parseFile(DialogueReloadListener.java:52) ~[saintsdragons-0.9.5+forge-1.20.1.jar%23368!/:?]
	at com.leon.saintsdragons.server.entity.npc.dialogue.DialogueReloadListener.lambda$apply$1(DialogueReloadListener.java:42) ~[saintsdragons-0.9.5+forge-1.20.1.jar%23368!/:?]
	at java.util.stream.ForEachOps$ForEachOp$OfRef.accept(ForEachOps.java:183) ~[?:?]
	at java.util.stream.SortedOps$SizedRefSortingSink.end(SortedOps.java:357) ~[?:?]
	at java.util.stream.AbstractPipeline.copyInto(AbstractPipeline.java:510) ~[?:?]
	at java.util.stream.AbstractPipeline.wrapAndCopyInto(AbstractPipeline.java:499) ~[?:?]
	at java.util.stream.ForEachOps$ForEachOp.evaluateSequential(ForEachOps.java:150) ~[?:?]
	at java.util.stream.ForEachOps$ForEachOp$OfRef.evaluateSequential(ForEachOps.java:173) ~[?:?]
	at java.util.stream.AbstractPipeline.evaluate(AbstractPipeline.java:234) ~[?:?]
	at java.util.stream.ReferencePipeline.forEach(ReferencePipeline.java:596) ~[?:?]
	at com.leon.saintsdragons.server.entity.npc.dialogue.DialogueReloadListener.apply(DialogueReloadListener.java:42) ~[saintsdragons-0.9.5+forge-1.20.1.jar%23368!/:?]
	at com.leon.saintsdragons.server.entity.npc.dialogue.DialogueReloadListener.m_5787_(DialogueReloadListener.java:23) ~[saintsdragons-0.9.5+forge-1.20.1.jar%23368!/:?]
	at net.minecraft.server.packs.resources.SimplePreparableReloadListener.m_10789_(SimplePreparableReloadListener.java:13) ~[server-1.20.1-20230612.114412-srg.jar%23413!/:?]
	at java.util.concurrent.CompletableFuture$UniAccept.tryFire(CompletableFuture.java:718) ~[?:?]
	at java.util.concurrent.CompletableFuture$Completion.run(CompletableFuture.java:482) ~[?:?]
	at net.minecraft.server.packs.resources.SimpleReloadInstance.m_143940_(SimpleReloadInstance.java:69) ~[server-1.20.1-20230612.114412-srg.jar%23413!/:?]
	at net.minecraft.Util.m_214652_(Util.java:783) ~[server-1.20.1-20230612.114412-srg.jar%23413!/:?]
	at net.minecraft.Util.m_214679_(Util.java:772) ~[server-1.20.1-20230612.114412-srg.jar%23413!/:?]
	at net.minecraft.server.Main.main(Main.java:166) ~[server-1.20.1-20230612.114412-srg.jar%23413!/:?]
	at jdk.internal.reflect.NativeMethodAccessorImpl.invoke0(Native Method) ~[?:?]
	at jdk.internal.reflect.NativeMethodAccessorImpl.invoke(NativeMethodAccessorImpl.java:77) ~[?:?]
	at jdk.internal.reflect.DelegatingMethodAccessorImpl.invoke(DelegatingMethodAccessorImpl.java:43) ~[?:?]
	at java.lang.reflect.Method.invoke(Method.java:569) ~[?:?]
	at net.minecraftforge.fml.loading.targets.CommonLaunchHandler.runTarget(CommonLaunchHandler.java:111) ~[fmlloader-1.20.1-47.4.20.jar%2369!/:?]
	at net.minecraftforge.fml.loading.targets.CommonLaunchHandler.serverService(CommonLaunchHandler.java:103) ~[fmlloader-1.20.1-47.4.20.jar%2369!/:?]
	at net.minecraftforge.fml.loading.targets.CommonServerLaunchHandler.lambda$makeService$0(CommonServerLaunchHandler.java:27) ~[fmlloader-1.20.1-47.4.20.jar%2369!/:?]
	at cpw.mods.modlauncher.LaunchServiceHandlerDecorator.launch(LaunchServiceHandlerDecorator.java:30) ~[modlauncher-10.0.9.jar%2355!/:?]
	at cpw.mods.modlauncher.LaunchServiceHandler.launch(LaunchServiceHandler.java:53) ~[modlauncher-10.0.9.jar%2355!/:?]
	at cpw.mods.modlauncher.LaunchServiceHandler.launch(LaunchServiceHandler.java:71) ~[modlauncher-10.0.9.jar%2355!/:?]
	at cpw.mods.modlauncher.Launcher.run(Launcher.java:108) ~[modlauncher-10.0.9.jar%2355!/:?]
	at cpw.mods.modlauncher.Launcher.main(Launcher.java:78) ~[modlauncher-10.0.9.jar%2355!/:?]
	at cpw.mods.modlauncher.BootstrapLaunchConsumer.accept(BootstrapLaunchConsumer.java:26) ~[modlauncher-10.0.9.jar%2355!/:?]
	at cpw.mods.modlauncher.BootstrapLaunchConsumer.accept(BootstrapLaunchConsumer.java:23) ~[modlauncher-10.0.9.jar%2355!/:?]
	at cpw.mods.bootstraplauncher.BootstrapLauncher.main(BootstrapLauncher.java:141) ~[bootstraplauncher-1.1.2.jar:?]
[02Sep2026 19:43:36.259] [main/ERROR] [saintsdragons/]: Failed to parse dialogue file mca:first.question
com.google.gson.JsonSyntaxException: Missing nodes, expected to find a JsonObject
	at net.minecraft.util.GsonHelper.m_13930_(GsonHelper.java:421) ~[server-1.20.1-20230612.114412-srg.jar%23413!/:?]
	at com.leon.saintsdragons.server.entity.npc.dialogue.DialogueReloadListener.parseFile(DialogueReloadListener.java:52) ~[saintsdragons-0.9.5+forge-1.20.1.jar%23368!/:?]
	at com.leon.saintsdragons.server.entity.npc.dialogue.DialogueReloadListener.lambda$apply$1(DialogueReloadListener.java:42) ~[saintsdragons-0.9.5+forge-1.20.1.jar%23368!/:?]
	at java.util.stream.ForEachOps$ForEachOp$OfRef.accept(ForEachOps.java:183) ~[?:?]
	at java.util.stream.SortedOps$SizedRefSortingSink.end(SortedOps.java:357) ~[?:?]
	at java.util.stream.AbstractPipeline.copyInto(AbstractPipeline.java:510) ~[?:?]
	at java.util.stream.AbstractPipeline.wrapAndCopyInto(AbstractPipeline.java:499) ~[?:?]
	at java.util.stream.ForEachOps$ForEachOp.evaluateSequential(ForEachOps.java:150) ~[?:?]
	at java.util.stream.ForEachOps$ForEachOp$OfRef.evaluateSequential(ForEachOps.java:173) ~[?:?]
	at java.util.stream.AbstractPipeline.evaluate(AbstractPipeline.java:234) ~[?:?]
	at java.util.stream.ReferencePipeline.forEach(ReferencePipeline.java:596) ~[?:?]
	at com.leon.saintsdragons.server.entity.npc.dialogue.DialogueReloadListener.apply(DialogueReloadListener.java:42) ~[saintsdragons-0.9.5+forge-1.20.1.jar%23368!/:?]
	at com.leon.saintsdragons.server.entity.npc.dialogue.DialogueReloadListener.m_5787_(DialogueReloadListener.java:23) ~[saintsdragons-0.9.5+forge-1.20.1.jar%23368!/:?]
	at net.minecraft.server.packs.resources.SimplePreparableReloadListener.m_10789_(SimplePreparableReloadListener.java:13) ~[server-1.20.1-20230612.114412-srg.jar%23413!/:?]
	at java.util.concurrent.CompletableFuture$UniAccept.tryFire(CompletableFuture.java:718) ~[?:?]
	at java.util.concurrent.CompletableFuture$Completion.run(CompletableFuture.java:482) ~[?:?]
	at net.minecraft.server.packs.resources.SimpleReloadInstance.m_143940_(SimpleReloadInstance.java:69) ~[server-1.20.1-20230612.114412-srg.jar%23413!/:?]
	at net.minecraft.Util.m_214652_(Util.java:783) ~[server-1.20.1-20230612.114412-srg.jar%23413!/:?]
	at net.minecraft.Util.m_214679_(Util.java:772) ~[server-1.20.1-20230612.114412-srg.jar%23413!/:?]
	at net.minecraft.server.Main.main(Main.java:166) ~[server-1.20.1-20230612.114412-srg.jar%23413!/:?]
	at jdk.internal.reflect.NativeMethodAccessorImpl.invoke0(Native Method) ~[?:?]
	at jdk.internal.reflect.NativeMethodAccessorImpl.invoke(NativeMethodAccessorImpl.java:77) ~[?:?]
	at jdk.internal.reflect.DelegatingMethodAccessorImpl.invoke(DelegatingMethodAccessorImpl.java:43) ~[?:?]
	at java.lang.reflect.Method.invoke(Method.java:569) ~[?:?]
	at net.minecraftforge.fml.loading.targets.CommonLaunchHandler.runTarget(CommonLaunchHandler.java:111) ~[fmlloader-1.20.1-47.4.20.jar%2369!/:?]
	at net.minecraftforge.fml.loading.targets.CommonLaunchHandler.serverService(CommonLaunchHandler.java:103) ~[fmlloader-1.20.1-47.4.20.jar%2369!/:?]
	at net.minecraftforge.fml.loading.targets.CommonServerLaunchHandler.lambda$makeService$0(CommonServerLaunchHandler.java:27) ~[fmlloader-1.20.1-47.4.20.jar%2369!/:?]
	at cpw.mods.modlauncher.LaunchServiceHandlerDecorator.launch(LaunchServiceHandlerDecorator.java:30) ~[modlauncher-10.0.9.jar%2355!/:?]
	at cpw.mods.modlauncher.LaunchServiceHandler.launch(LaunchServiceHandler.java:53) ~[modlauncher-10.0.9.jar%2355!/:?]
	at cpw.mods.modlauncher.LaunchServiceHandler.launch(LaunchServiceHandler.java:71) ~[modlauncher-10.0.9.jar%2355!/:?]
	at cpw.mods.modlauncher.Launcher.run(Launcher.java:108) ~[modlauncher-10.0.9.jar%2355!/:?]
	at cpw.mods.modlauncher.Launcher.main(Launcher.java:78) ~[modlauncher-10.0.9.jar%2355!/:?]
	at cpw.mods.modlauncher.BootstrapLaunchConsumer.accept(BootstrapLaunchConsumer.java:26) ~[modlauncher-10.0.9.jar%2355!/:?]
	at cpw.mods.modlauncher.BootstrapLaunchConsumer.accept(BootstrapLaunchConsumer.java:23) ~[modlauncher-10.0.9.jar%2355!/:?]
	at cpw.mods.bootstraplauncher.BootstrapLauncher.main(BootstrapLauncher.java:141) ~[bootstraplauncher-1.1.2.jar:?]
[02Sep2026 19:43:36.259] [main/ERROR] [saintsdragons/]: Failed to parse dialogue file mca:flirt
com.google.gson.JsonSyntaxException: Missing nodes, expected to find a JsonObject
	at net.minecraft.util.GsonHelper.m_13930_(GsonHelper.java:421) ~[server-1.20.1-20230612.114412-srg.jar%23413!/:?]
	at com.leon.saintsdragons.server.entity.npc.dialogue.DialogueReloadListener.parseFile(DialogueReloadListener.java:52) ~[saintsdragons-0.9.5+forge-1.20.1.jar%23368!/:?]
	at com.leon.saintsdragons.server.entity.npc.dialogue.DialogueReloadListener.lambda$apply$1(DialogueReloadListener.java:42) ~[saintsdragons-0.9.5+forge-1.20.1.jar%23368!/:?]
	at java.util.stream.ForEachOps$ForEachOp$OfRef.accept(ForEachOps.java:183) ~[?:?]
	at java.util.stream.SortedOps$SizedRefSortingSink.end(SortedOps.java:357) ~[?:?]
	at java.util.stream.AbstractPipeline.copyInto(AbstractPipeline.java:510) ~[?:?]
	at java.util.stream.AbstractPipeline.wrapAndCopyInto(AbstractPipeline.java:499) ~[?:?]
	at java.util.stream.ForEachOps$ForEachOp.evaluateSequential(ForEachOps.java:150) ~[?:?]
	at java.util.stream.ForEachOps$ForEachOp$OfRef.evaluateSequential(ForEachOps.java:173) ~[?:?]
	at java.util.stream.AbstractPipeline.evaluate(AbstractPipeline.java:234) ~[?:?]
	at java.util.stream.ReferencePipeline.forEach(ReferencePipeline.java:596) ~[?:?]
	at com.leon.saintsdragons.server.entity.npc.dialogue.DialogueReloadListener.apply(DialogueReloadListener.java:42) ~[saintsdragons-0.9.5+forge-1.20.1.jar%23368!/:?]
	at com.leon.saintsdragons.server.entity.npc.dialogue.DialogueReloadListener.m_5787_(DialogueReloadListener.java:23) ~[saintsdragons-0.9.5+forge-1.20.1.jar%23368!/:?]
	at net.minecraft.server.packs.resources.SimplePreparableReloadListener.m_10789_(SimplePreparableReloadListener.java:13) ~[server-1.20.1-20230612.114412-srg.jar%23413!/:?]
	at java.util.concurrent.CompletableFuture$UniAccept.tryFire(CompletableFuture.java:718) ~[?:?]
	at java.util.concurrent.CompletableFuture$Completion.run(CompletableFuture.java:482) ~[?:?]
	at net.minecraft.server.packs.resources.SimpleReloadInstance.m_143940_(SimpleReloadInstance.java:69) ~[server-1.20.1-20230612.114412-srg.jar%23413!/:?]
	at net.minecraft.Util.m_214652_(Util.java:783) ~[server-1.20.1-20230612.114412-srg.jar%23413!/:?]
	at net.minecraft.Util.m_214679_(Util.java:772) ~[server-1.20.1-20230612.114412-srg.jar%23413!/:?]
	at net.minecraft.server.Main.main(Main.java:166) ~[server-1.20.1-20230612.114412-srg.jar%23413!/:?]
	at jdk.internal.reflect.NativeMethodAccessorImpl.invoke0(Native Method) ~[?:?]
	at jdk.internal.reflect.NativeMethodAccessorImpl.invoke(NativeMethodAccessorImpl.java:77) ~[?:?]
	at jdk.internal.reflect.DelegatingMethodAccessorImpl.invoke(DelegatingMethodAccessorImpl.java:43) ~[?:?]
	at java.lang.reflect.Method.invoke(Method.java:569) ~[?:?]
	at net.minecraftforge.fml.loading.targets.CommonLaunchHandler.runTarget(CommonLaunchHandler.java:111) ~[fmlloader-1.20.1-47.4.20.jar%2369!/:?]
	at net.minecraftforge.fml.loading.targets.CommonLaunchHandler.serverService(CommonLaunchHandler.java:103) ~[fmlloader-1.20.1-47.4.20.jar%2369!/:?]
	at net.minecraftforge.fml.loading.targets.CommonServerLaunchHandler.lambda$makeService$0(CommonServerLaunchHandler.java:27) ~[fmlloader-1.20.1-47.4.20.jar%2369!/:?]
	at cpw.mods.modlauncher.LaunchServiceHandlerDecorator.launch(LaunchServiceHandlerDecorator.java:30) ~[modlauncher-10.0.9.jar%2355!/:?]
	at cpw.mods.modlauncher.LaunchServiceHandler.launch(LaunchServiceHandler.java:53) ~[modlauncher-10.0.9.jar%2355!/:?]
	at cpw.mods.modlauncher.LaunchServiceHandler.launch(LaunchServiceHandler.java:71) ~[modlauncher-10.0.9.jar%2355!/:?]
	at cpw.mods.modlauncher.Launcher.run(Launcher.java:108) ~[modlauncher-10.0.9.jar%2355!/:?]
	at cpw.mods.modlauncher.Launcher.main(Launcher.java:78) ~[modlauncher-10.0.9.jar%2355!/:?]
	at cpw.mods.modlauncher.BootstrapLaunchConsumer.accept(BootstrapLaunchConsumer.java:26) ~[modlauncher-10.0.9.jar%2355!/:?]
	at cpw.mods.modlauncher.BootstrapLaunchConsumer.accept(BootstrapLaunchConsumer.java:23) ~[modlauncher-10.0.9.jar%2355!/:?]
	at cpw.mods.bootstraplauncher.BootstrapLauncher.main(BootstrapLauncher.java:141) ~[bootstraplauncher-1.1.2.jar:?]
[02Sep2026 19:43:36.260] [main/ERROR] [saintsdragons/]: Failed to parse dialogue file mca:greet
com.google.gson.JsonSyntaxException: Missing nodes, expected to find a JsonObject
	at net.minecraft.util.GsonHelper.m_13930_(GsonHelper.java:421) ~[server-1.20.1-20230612.114412-srg.jar%23413!/:?]
	at com.leon.saintsdragons.server.entity.npc.dialogue.DialogueReloadListener.parseFile(DialogueReloadListener.java:52) ~[saintsdragons-0.9.5+forge-1.20.1.jar%23368!/:?]
	at com.leon.saintsdragons.server.entity.npc.dialogue.DialogueReloadListener.lambda$apply$1(DialogueReloadListener.java:42) ~[saintsdragons-0.9.5+forge-1.20.1.jar%23368!/:?]
	at java.util.stream.ForEachOps$ForEachOp$OfRef.accept(ForEachOps.java:183) ~[?:?]
	at java.util.stream.SortedOps$SizedRefSortingSink.end(SortedOps.java:357) ~[?:?]
	at java.util.stream.AbstractPipeline.copyInto(AbstractPipeline.java:510) ~[?:?]
	at java.util.stream.AbstractPipeline.wrapAndCopyInto(AbstractPipeline.java:499) ~[?:?]
	at java.util.stream.ForEachOps$ForEachOp.evaluateSequential(ForEachOps.java:150) ~[?:?]
	at java.util.stream.ForEachOps$ForEachOp$OfRef.evaluateSequential(ForEachOps.java:173) ~[?:?]
	at java.util.stream.AbstractPipeline.evaluate(AbstractPipeline.java:234) ~[?:?]
	at java.util.stream.ReferencePipeline.forEach(ReferencePipeline.java:596) ~[?:?]
	at com.leon.saintsdragons.server.entity.npc.dialogue.DialogueReloadListener.apply(DialogueReloadListener.java:42) ~[saintsdragons-0.9.5+forge-1.20.1.jar%23368!/:?]
	at com.leon.saintsdragons.server.entity.npc.dialogue.DialogueReloadListener.m_5787_(DialogueReloadListener.java:23) ~[saintsdragons-0.9.5+forge-1.20.1.jar%23368!/:?]
	at net.minecraft.server.packs.resources.SimplePreparableReloadListener.m_10789_(SimplePreparableReloadListener.java:13) ~[server-1.20.1-20230612.114412-srg.jar%23413!/:?]
	at java.util.concurrent.CompletableFuture$UniAccept.tryFire(CompletableFuture.java:718) ~[?:?]
	at java.util.concurrent.CompletableFuture$Completion.run(CompletableFuture.java:482) ~[?:?]
	at net.minecraft.server.packs.resources.SimpleReloadInstance.m_143940_(SimpleReloadInstance.java:69) ~[server-1.20.1-20230612.114412-srg.jar%23413!/:?]
	at net.minecraft.Util.m_214652_(Util.java:783) ~[server-1.20.1-20230612.114412-srg.jar%23413!/:?]
	at net.minecraft.Util.m_214679_(Util.java:772) ~[server-1.20.1-20230612.114412-srg.jar%23413!/:?]
	at net.minecraft.server.Main.main(Main.java:166) ~[server-1.20.1-20230612.114412-srg.jar%23413!/:?]
	at jdk.internal.reflect.NativeMethodAccessorImpl.invoke0(Native Method) ~[?:?]
	at jdk.internal.reflect.NativeMethodAccessorImpl.invoke(NativeMethodAccessorImpl.java:77) ~[?:?]
	at jdk.internal.reflect.DelegatingMethodAccessorImpl.invoke(DelegatingMethodAccessorImpl.java:43) ~[?:?]
	at java.lang.reflect.Method.invoke(Method.java:569) ~[?:?]
	at net.minecraftforge.fml.loading.targets.CommonLaunchHandler.runTarget(CommonLaunchHandler.java:111) ~[fmlloader-1.20.1-47.4.20.jar%2369!/:?]
	at net.minecraftforge.fml.loading.targets.CommonLaunchHandler.serverService(CommonLaunchHandler.java:103) ~[fmlloader-1.20.1-47.4.20.jar%2369!/:?]
	at net.minecraftforge.fml.loading.targets.CommonServerLaunchHandler.lambda$makeService$0(CommonServerLaunchHandler.java:27) ~[fmlloader-1.20.1-47.4.20.jar%2369!/:?]
	at cpw.mods.modlauncher.LaunchServiceHandlerDecorator.launch(LaunchServiceHandlerDecorator.java:30) ~[modlauncher-10.0.9.jar%2355!/:?]
	at cpw.mods.modlauncher.LaunchServiceHandler.launch(LaunchServiceHandler.java:53) ~[modlauncher-10.0.9.jar%2355!/:?]
	at cpw.mods.modlauncher.LaunchServiceHandler.launch(LaunchServiceHandler.java:71) ~[modlauncher-10.0.9.jar%2355!/:?]
	at cpw.mods.modlauncher.Launcher.run(Launcher.java:108) ~[modlauncher-10.0.9.jar%2355!/:?]
	at cpw.mods.modlauncher.Launcher.main(Launcher.java:78) ~[modlauncher-10.0.9.jar%2355!/:?]
	at cpw.mods.modlauncher.BootstrapLaunchConsumer.accept(BootstrapLaunchConsumer.java:26) ~[modlauncher-10.0.9.jar%2355!/:?]
	at cpw.mods.modlauncher.BootstrapLaunchConsumer.accept(BootstrapLaunchConsumer.java:23) ~[modlauncher-10.0.9.jar%2355!/:?]
	at cpw.mods.bootstraplauncher.BootstrapLauncher.main(BootstrapLauncher.java:141) ~[bootstraplauncher-1.1.2.jar:?]
[02Sep2026 19:43:36.260] [main/ERROR] [saintsdragons/]: Failed to parse dialogue file mca:hire
com.google.gson.JsonSyntaxException: Missing nodes, expected to find a JsonObject
	at net.minecraft.util.GsonHelper.m_13930_(GsonHelper.java:421) ~[server-1.20.1-20230612.114412-srg.jar%23413!/:?]
	at com.leon.saintsdragons.server.entity.npc.dialogue.DialogueReloadListener.parseFile(DialogueReloadListener.java:52) ~[saintsdragons-0.9.5+forge-1.20.1.jar%23368!/:?]
	at com.leon.saintsdragons.server.entity.npc.dialogue.DialogueReloadListener.lambda$apply$1(DialogueReloadListener.java:42) ~[saintsdragons-0.9.5+forge-1.20.1.jar%23368!/:?]
	at java.util.stream.ForEachOps$ForEachOp$OfRef.accept(ForEachOps.java:183) ~[?:?]
	at java.util.stream.SortedOps$SizedRefSortingSink.end(SortedOps.java:357) ~[?:?]
	at java.util.stream.AbstractPipeline.copyInto(AbstractPipeline.java:510) ~[?:?]
	at java.util.stream.AbstractPipeline.wrapAndCopyInto(AbstractPipeline.java:499) ~[?:?]
	at java.util.stream.ForEachOps$ForEachOp.evaluateSequential(ForEachOps.java:150) ~[?:?]
	at java.util.stream.ForEachOps$ForEachOp$OfRef.evaluateSequential(ForEachOps.java:173) ~[?:?]
	at java.util.stream.AbstractPipeline.evaluate(AbstractPipeline.java:234) ~[?:?]
	at java.util.stream.ReferencePipeline.forEach(ReferencePipeline.java:596) ~[?:?]
	at com.leon.saintsdragons.server.entity.npc.dialogue.DialogueReloadListener.apply(DialogueReloadListener.java:42) ~[saintsdragons-0.9.5+forge-1.20.1.jar%23368!/:?]
	at com.leon.saintsdragons.server.entity.npc.dialogue.DialogueReloadListener.m_5787_(DialogueReloadListener.java:23) ~[saintsdragons-0.9.5+forge-1.20.1.jar%23368!/:?]
	at net.minecraft.server.packs.resources.SimplePreparableReloadListener.m_10789_(SimplePreparableReloadListener.java:13) ~[server-1.20.1-20230612.114412-srg.jar%23413!/:?]
	at java.util.concurrent.CompletableFuture$UniAccept.tryFire(CompletableFuture.java:718) ~[?:?]
	at java.util.concurrent.CompletableFuture$Completion.run(CompletableFuture.java:482) ~[?:?]
	at net.minecraft.server.packs.resources.SimpleReloadInstance.m_143940_(SimpleReloadInstance.java:69) ~[server-1.20.1-20230612.114412-srg.jar%23413!/:?]
	at net.minecraft.Util.m_214652_(Util.java:783) ~[server-1.20.1-20230612.114412-srg.jar%23413!/:?]
	at net.minecraft.Util.m_214679_(Util.java:772) ~[server-1.20.1-20230612.114412-srg.jar%23413!/:?]
	at net.minecraft.server.Main.main(Main.java:166) ~[server-1.20.1-20230612.114412-srg.jar%23413!/:?]
	at jdk.internal.reflect.NativeMethodAccessorImpl.invoke0(Native Method) ~[?:?]
	at jdk.internal.reflect.NativeMethodAccessorImpl.invoke(NativeMethodAccessorImpl.java:77) ~[?:?]
	at jdk.internal.reflect.DelegatingMethodAccessorImpl.invoke(DelegatingMethodAccessorImpl.java:43) ~[?:?]
	at java.lang.reflect.Method.invoke(Method.java:569) ~[?:?]
	at net.minecraftforge.fml.loading.targets.CommonLaunchHandler.runTarget(CommonLaunchHandler.java:111) ~[fmlloader-1.20.1-47.4.20.jar%2369!/:?]
	at net.minecraftforge.fml.loading.targets.CommonLaunchHandler.serverService(CommonLaunchHandler.java:103) ~[fmlloader-1.20.1-47.4.20.jar%2369!/:?]
	at net.minecraftforge.fml.loading.targets.CommonServerLaunchHandler.lambda$makeService$0(CommonServerLaunchHandler.java:27) ~[fmlloader-1.20.1-47.4.20.jar%2369!/:?]
	at cpw.mods.modlauncher.LaunchServiceHandlerDecorator.launch(LaunchServiceHandlerDecorator.java:30) ~[modlauncher-10.0.9.jar%2355!/:?]
	at cpw.mods.modlauncher.LaunchServiceHandler.launch(LaunchServiceHandler.java:53) ~[modlauncher-10.0.9.jar%2355!/:?]
	at cpw.mods.modlauncher.LaunchServiceHandler.launch(LaunchServiceHandler.java:71) ~[modlauncher-10.0.9.jar%2355!/:?]
	at cpw.mods.modlauncher.Launcher.run(Launcher.java:108) ~[modlauncher-10.0.9.jar%2355!/:?]
	at cpw.mods.modlauncher.Launcher.main(Launcher.java:78) ~[modlauncher-10.0.9.jar%2355!/:?]
	at cpw.mods.modlauncher.BootstrapLaunchConsumer.accept(BootstrapLaunchConsumer.java:26) ~[modlauncher-10.0.9.jar%2355!/:?]
	at cpw.mods.modlauncher.BootstrapLaunchConsumer.accept(BootstrapLaunchConsumer.java:23) ~[modlauncher-10.0.9.jar%2355!/:?]
	at cpw.mods.bootstraplauncher.BootstrapLauncher.main(BootstrapLauncher.java:141) ~[bootstraplauncher-1.1.2.jar:?]
[02Sep2026 19:43:36.261] [main/ERROR] [saintsdragons/]: Failed to parse dialogue file mca:hug
com.google.gson.JsonSyntaxException: Missing nodes, expected to find a JsonObject
	at net.minecraft.util.GsonHelper.m_13930_(GsonHelper.java:421) ~[server-1.20.1-20230612.114412-srg.jar%23413!/:?]
	at com.leon.saintsdragons.server.entity.npc.dialogue.DialogueReloadListener.parseFile(DialogueReloadListener.java:52) ~[saintsdragons-0.9.5+forge-1.20.1.jar%23368!/:?]
	at com.leon.saintsdragons.server.entity.npc.dialogue.DialogueReloadListener.lambda$apply$1(DialogueReloadListener.java:42) ~[saintsdragons-0.9.5+forge-1.20.1.jar%23368!/:?]
	at java.util.stream.ForEachOps$ForEachOp$OfRef.accept(ForEachOps.java:183) ~[?:?]
	at java.util.stream.SortedOps$SizedRefSortingSink.end(SortedOps.java:357) ~[?:?]
	at java.util.stream.AbstractPipeline.copyInto(AbstractPipeline.java:510) ~[?:?]
	at java.util.stream.AbstractPipeline.wrapAndCopyInto(AbstractPipeline.java:499) ~[?:?]
	at java.util.stream.ForEachOps$ForEachOp.evaluateSequential(ForEachOps.java:150) ~[?:?]
	at java.util.stream.ForEachOps$ForEachOp$OfRef.evaluateSequential(ForEachOps.java:173) ~[?:?]
	at java.util.stream.AbstractPipeline.evaluate(AbstractPipeline.java:234) ~[?:?]
	at java.util.stream.ReferencePipeline.forEach(ReferencePipeline.java:596) ~[?:?]
	at com.leon.saintsdragons.server.entity.npc.dialogue.DialogueReloadListener.apply(DialogueReloadListener.java:42) ~[saintsdragons-0.9.5+forge-1.20.1.jar%23368!/:?]
	at com.leon.saintsdragons.server.entity.npc.dialogue.DialogueReloadListener.m_5787_(DialogueReloadListener.java:23) ~[saintsdragons-0.9.5+forge-1.20.1.jar%23368!/:?]
	at net.minecraft.server.packs.resources.SimplePreparableReloadListener.m_10789_(SimplePreparableReloadListener.java:13) ~[server-1.20.1-20230612.114412-srg.jar%23413!/:?]
	at java.util.concurrent.CompletableFuture$UniAccept.tryFire(CompletableFuture.java:718) ~[?:?]
	at java.util.concurrent.CompletableFuture$Completion.run(CompletableFuture.java:482) ~[?:?]
	at net.minecraft.server.packs.resources.SimpleReloadInstance.m_143940_(SimpleReloadInstance.java:69) ~[server-1.20.1-20230612.114412-srg.jar%23413!/:?]
	at net.minecraft.Util.m_214652_(Util.java:783) ~[server-1.20.1-20230612.114412-srg.jar%23413!/:?]
	at net.minecraft.Util.m_214679_(Util.java:772) ~[server-1.20.1-20230612.114412-srg.jar%23413!/:?]
	at net.minecraft.server.Main.main(Main.java:166) ~[server-1.20.1-20230612.114412-srg.jar%23413!/:?]
	at jdk.internal.reflect.NativeMethodAccessorImpl.invoke0(Native Method) ~[?:?]
	at jdk.internal.reflect.NativeMethodAccessorImpl.invoke(NativeMethodAccessorImpl.java:77) ~[?:?]
	at jdk.internal.reflect.DelegatingMethodAccessorImpl.invoke(DelegatingMethodAccessorImpl.java:43) ~[?:?]
	at java.lang.reflect.Method.invoke(Method.java:569) ~[?:?]
	at net.minecraftforge.fml.loading.targets.CommonLaunchHandler.runTarget(CommonLaunchHandler.java:111) ~[fmlloader-1.20.1-47.4.20.jar%2369!/:?]
	at net.minecraftforge.fml.loading.targets.CommonLaunchHandler.serverService(CommonLaunchHandler.java:103) ~[fmlloader-1.20.1-47.4.20.jar%2369!/:?]
	at net.minecraftforge.fml.loading.targets.CommonServerLaunchHandler.lambda$makeService$0(CommonServerLaunchHandler.java:27) ~[fmlloader-1.20.1-47.4.20.jar%2369!/:?]
	at cpw.mods.modlauncher.LaunchServiceHandlerDecorator.launch(LaunchServiceHandlerDecorator.java:30) ~[modlauncher-10.0.9.jar%2355!/:?]
	at cpw.mods.modlauncher.LaunchServiceHandler.launch(LaunchServiceHandler.java:53) ~[modlauncher-10.0.9.jar%2355!/:?]
	at cpw.mods.modlauncher.LaunchServiceHandler.launch(LaunchServiceHandler.java:71) ~[modlauncher-10.0.9.jar%2355!/:?]
	at cpw.mods.modlauncher.Launcher.run(Launcher.java:108) ~[modlauncher-10.0.9.jar%2355!/:?]
	at cpw.mods.modlauncher.Launcher.main(Launcher.java:78) ~[modlauncher-10.0.9.jar%2355!/:?]
	at cpw.mods.modlauncher.BootstrapLaunchConsumer.accept(BootstrapLaunchConsumer.java:26) ~[modlauncher-10.0.9.jar%2355!/:?]
	at cpw.mods.modlauncher.BootstrapLaunchConsumer.accept(BootstrapLaunchConsumer.java:23) ~[modlauncher-10.0.9.jar%2355!/:?]
	at cpw.mods.bootstraplauncher.BootstrapLauncher.main(BootstrapLauncher.java:141) ~[bootstraplauncher-1.1.2.jar:?]
[02Sep2026 19:43:36.262] [main/ERROR] [saintsdragons/]: Failed to parse dialogue file mca:joke
com.google.gson.JsonSyntaxException: Missing nodes, expected to find a JsonObject
	at net.minecraft.util.GsonHelper.m_13930_(GsonHelper.java:421) ~[server-1.20.1-20230612.114412-srg.jar%23413!/:?]
	at com.leon.saintsdragons.server.entity.npc.dialogue.DialogueReloadListener.parseFile(DialogueReloadListener.java:52) ~[saintsdragons-0.9.5+forge-1.20.1.jar%23368!/:?]
	at com.leon.saintsdragons.server.entity.npc.dialogue.DialogueReloadListener.lambda$apply$1(DialogueReloadListener.java:42) ~[saintsdragons-0.9.5+forge-1.20.1.jar%23368!/:?]
	at java.util.stream.ForEachOps$ForEachOp$OfRef.accept(ForEachOps.java:183) ~[?:?]
	at java.util.stream.SortedOps$SizedRefSortingSink.end(SortedOps.java:357) ~[?:?]
	at java.util.stream.AbstractPipeline.copyInto(AbstractPipeline.java:510) ~[?:?]
	at java.util.stream.AbstractPipeline.wrapAndCopyInto(AbstractPipeline.java:499) ~[?:?]
	at java.util.stream.ForEachOps$ForEachOp.evaluateSequential(ForEachOps.java:150) ~[?:?]
	at java.util.stream.ForEachOps$ForEachOp$OfRef.evaluateSequential(ForEachOps.java:173) ~[?:?]
	at java.util.stream.AbstractPipeline.evaluate(AbstractPipeline.java:234) ~[?:?]
	at java.util.stream.ReferencePipeline.forEach(ReferencePipeline.java:596) ~[?:?]
	at com.leon.saintsdragons.server.entity.npc.dialogue.DialogueReloadListener.apply(DialogueReloadListener.java:42) ~[saintsdragons-0.9.5+forge-1.20.1.jar%23368!/:?]
	at com.leon.saintsdragons.server.entity.npc.dialogue.DialogueReloadListener.m_5787_(DialogueReloadListener.java:23) ~[saintsdragons-0.9.5+forge-1.20.1.jar%23368!/:?]
	at net.minecraft.server.packs.resources.SimplePreparableReloadListener.m_10789_(SimplePreparableReloadListener.java:13) ~[server-1.20.1-20230612.114412-srg.jar%23413!/:?]
	at java.util.concurrent.CompletableFuture$UniAccept.tryFire(CompletableFuture.java:718) ~[?:?]
	at java.util.concurrent.CompletableFuture$Completion.run(CompletableFuture.java:482) ~[?:?]
	at net.minecraft.server.packs.resources.SimpleReloadInstance.m_143940_(SimpleReloadInstance.java:69) ~[server-1.20.1-20230612.114412-srg.jar%23413!/:?]
	at net.minecraft.Util.m_214652_(Util.java:783) ~[server-1.20.1-20230612.114412-srg.jar%23413!/:?]
	at net.minecraft.Util.m_214679_(Util.java:772) ~[server-1.20.1-20230612.114412-srg.jar%23413!/:?]
	at net.minecraft.server.Main.main(Main.java:166) ~[server-1.20.1-20230612.114412-srg.jar%23413!/:?]
	at jdk.internal.reflect.NativeMethodAccessorImpl.invoke0(Native Method) ~[?:?]
	at jdk.internal.reflect.NativeMethodAccessorImpl.invoke(NativeMethodAccessorImpl.java:77) ~[?:?]
	at jdk.internal.reflect.DelegatingMethodAccessorImpl.invoke(DelegatingMethodAccessorImpl.java:43) ~[?:?]
	at java.lang.reflect.Method.invoke(Method.java:569) ~[?:?]
	at net.minecraftforge.fml.loading.targets.CommonLaunchHandler.runTarget(CommonLaunchHandler.java:111) ~[fmlloader-1.20.1-47.4.20.jar%2369!/:?]
	at net.minecraftforge.fml.loading.targets.CommonLaunchHandler.serverService(CommonLaunchHandler.java:103) ~[fmlloader-1.20.1-47.4.20.jar%2369!/:?]
	at net.minecraftforge.fml.loading.targets.CommonServerLaunchHandler.lambda$makeService$0(CommonServerLaunchHandler.java:27) ~[fmlloader-1.20.1-47.4.20.jar%2369!/:?]
	at cpw.mods.modlauncher.LaunchServiceHandlerDecorator.launch(LaunchServiceHandlerDecorator.java:30) ~[modlauncher-10.0.9.jar%2355!/:?]
	at cpw.mods.modlauncher.LaunchServiceHandler.launch(LaunchServiceHandler.java:53) ~[modlauncher-10.0.9.jar%2355!/:?]
	at cpw.mods.modlauncher.LaunchServiceHandler.launch(LaunchServiceHandler.java:71) ~[modlauncher-10.0.9.jar%2355!/:?]
	at cpw.mods.modlauncher.Launcher.run(Launcher.java:108) ~[modlauncher-10.0.9.jar%2355!/:?]
	at cpw.mods.modlauncher.Launcher.main(Launcher.java:78) ~[modlauncher-10.0.9.jar%2355!/:?]
	at cpw.mods.modlauncher.BootstrapLaunchConsumer.accept(BootstrapLaunchConsumer.java:26) ~[modlauncher-10.0.9.jar%2355!/:?]
	at cpw.mods.modlauncher.BootstrapLaunchConsumer.accept(BootstrapLaunchConsumer.java:23) ~[modlauncher-10.0.9.jar%2355!/:?]
	at cpw.mods.bootstraplauncher.BootstrapLauncher.main(BootstrapLauncher.java:141) ~[bootstraplauncher-1.1.2.jar:?]
[02Sep2026 19:43:36.263] [main/ERROR] [saintsdragons/]: Failed to parse dialogue file mca:kiss
com.google.gson.JsonSyntaxException: Missing nodes, expected to find a JsonObject
	at net.minecraft.util.GsonHelper.m_13930_(GsonHelper.java:421) ~[server-1.20.1-20230612.114412-srg.jar%23413!/:?]
	at com.leon.saintsdragons.server.entity.npc.dialogue.DialogueReloadListener.parseFile(DialogueReloadListener.java:52) ~[saintsdragons-0.9.5+forge-1.20.1.jar%23368!/:?]
	at com.leon.saintsdragons.server.entity.npc.dialogue.DialogueReloadListener.lambda$apply$1(DialogueReloadListener.java:42) ~[saintsdragons-0.9.5+forge-1.20.1.jar%23368!/:?]
	at java.util.stream.ForEachOps$ForEachOp$OfRef.accept(ForEachOps.java:183) ~[?:?]
	at java.util.stream.SortedOps$SizedRefSortingSink.end(SortedOps.java:357) ~[?:?]
	at java.util.stream.AbstractPipeline.copyInto(AbstractPipeline.java:510) ~[?:?]
	at java.util.stream.AbstractPipeline.wrapAndCopyInto(AbstractPipeline.java:499) ~[?:?]
	at java.util.stream.ForEachOps$ForEachOp.evaluateSequential(ForEachOps.java:150) ~[?:?]
	at java.util.stream.ForEachOps$ForEachOp$OfRef.evaluateSequential(ForEachOps.java:173) ~[?:?]
	at java.util.stream.AbstractPipeline.evaluate(AbstractPipeline.java:234) ~[?:?]
	at java.util.stream.ReferencePipeline.forEach(ReferencePipeline.java:596) ~[?:?]
	at com.leon.saintsdragons.server.entity.npc.dialogue.DialogueReloadListener.apply(DialogueReloadListener.java:42) ~[saintsdragons-0.9.5+forge-1.20.1.jar%23368!/:?]
	at com.leon.saintsdragons.server.entity.npc.dialogue.DialogueReloadListener.m_5787_(DialogueReloadListener.java:23) ~[saintsdragons-0.9.5+forge-1.20.1.jar%23368!/:?]
	at net.minecraft.server.packs.resources.SimplePreparableReloadListener.m_10789_(SimplePreparableReloadListener.java:13) ~[server-1.20.1-20230612.114412-srg.jar%23413!/:?]
	at java.util.concurrent.CompletableFuture$UniAccept.tryFire(CompletableFuture.java:718) ~[?:?]
	at java.util.concurrent.CompletableFuture$Completion.run(CompletableFuture.java:482) ~[?:?]
	at net.minecraft.server.packs.resources.SimpleReloadInstance.m_143940_(SimpleReloadInstance.java:69) ~[server-1.20.1-20230612.114412-srg.jar%23413!/:?]
	at net.minecraft.Util.m_214652_(Util.java:783) ~[server-1.20.1-20230612.114412-srg.jar%23413!/:?]
	at net.minecraft.Util.m_214679_(Util.java:772) ~[server-1.20.1-20230612.114412-srg.jar%23413!/:?]
	at net.minecraft.server.Main.main(Main.java:166) ~[server-1.20.1-20230612.114412-srg.jar%23413!/:?]
	at jdk.internal.reflect.NativeMethodAccessorImpl.invoke0(Native Method) ~[?:?]
	at jdk.internal.reflect.NativeMethodAccessorImpl.invoke(NativeMethodAccessorImpl.java:77) ~[?:?]
	at jdk.internal.reflect.DelegatingMethodAccessorImpl.invoke(DelegatingMethodAccessorImpl.java:43) ~[?:?]
	at java.lang.reflect.Method.invoke(Method.java:569) ~[?:?]
	at net.minecraftforge.fml.loading.targets.CommonLaunchHandler.runTarget(CommonLaunchHandler.java:111) ~[fmlloader-1.20.1-47.4.20.jar%2369!/:?]
	at net.minecraftforge.fml.loading.targets.CommonLaunchHandler.serverService(CommonLaunchHandler.java:103) ~[fmlloader-1.20.1-47.4.20.jar%2369!/:?]
	at net.minecraftforge.fml.loading.targets.CommonServerLaunchHandler.lambda$makeService$0(CommonServerLaunchHandler.java:27) ~[fmlloader-1.20.1-47.4.20.jar%2369!/:?]
	at cpw.mods.modlauncher.LaunchServiceHandlerDecorator.launch(LaunchServiceHandlerDecorator.java:30) ~[modlauncher-10.0.9.jar%2355!/:?]
	at cpw.mods.modlauncher.LaunchServiceHandler.launch(LaunchServiceHandler.java:53) ~[modlauncher-10.0.9.jar%2355!/:?]
	at cpw.mods.modlauncher.LaunchServiceHandler.launch(LaunchServiceHandler.java:71) ~[modlauncher-10.0.9.jar%2355!/:?]
	at cpw.mods.modlauncher.Launcher.run(Launcher.java:108) ~[modlauncher-10.0.9.jar%2355!/:?]
	at cpw.mods.modlauncher.Launcher.main(Launcher.java:78) ~[modlauncher-10.0.9.jar%2355!/:?]
	at cpw.mods.modlauncher.BootstrapLaunchConsumer.accept(BootstrapLaunchConsumer.java:26) ~[modlauncher-10.0.9.jar%2355!/:?]
	at cpw.mods.modlauncher.BootstrapLaunchConsumer.accept(BootstrapLaunchConsumer.java:23) ~[modlauncher-10.0.9.jar%2355!/:?]
	at cpw.mods.bootstraplauncher.BootstrapLauncher.main(BootstrapLauncher.java:141) ~[bootstraplauncher-1.1.2.jar:?]
[02Sep2026 19:43:36.264] [main/ERROR] [saintsdragons/]: Failed to parse dialogue file mca:main
com.google.gson.JsonSyntaxException: Missing nodes, expected to find a JsonObject
	at net.minecraft.util.GsonHelper.m_13930_(GsonHelper.java:421) ~[server-1.20.1-20230612.114412-srg.jar%23413!/:?]
	at com.leon.saintsdragons.server.entity.npc.dialogue.DialogueReloadListener.parseFile(DialogueReloadListener.java:52) ~[saintsdragons-0.9.5+forge-1.20.1.jar%23368!/:?]
	at com.leon.saintsdragons.server.entity.npc.dialogue.DialogueReloadListener.lambda$apply$1(DialogueReloadListener.java:42) ~[saintsdragons-0.9.5+forge-1.20.1.jar%23368!/:?]
	at java.util.stream.ForEachOps$ForEachOp$OfRef.accept(ForEachOps.java:183) ~[?:?]
	at java.util.stream.SortedOps$SizedRefSortingSink.end(SortedOps.java:357) ~[?:?]
	at java.util.stream.AbstractPipeline.copyInto(AbstractPipeline.java:510) ~[?:?]
	at java.util.stream.AbstractPipeline.wrapAndCopyInto(AbstractPipeline.java:499) ~[?:?]
	at java.util.stream.ForEachOps$ForEachOp.evaluateSequential(ForEachOps.java:150) ~[?:?]
	at java.util.stream.ForEachOps$ForEachOp$OfRef.evaluateSequential(ForEachOps.java:173) ~[?:?]
	at java.util.stream.AbstractPipeline.evaluate(AbstractPipeline.java:234) ~[?:?]
	at java.util.stream.ReferencePipeline.forEach(ReferencePipeline.java:596) ~[?:?]
	at com.leon.saintsdragons.server.entity.npc.dialogue.DialogueReloadListener.apply(DialogueReloadListener.java:42) ~[saintsdragons-0.9.5+forge-1.20.1.jar%23368!/:?]
	at com.leon.saintsdragons.server.entity.npc.dialogue.DialogueReloadListener.m_5787_(DialogueReloadListener.java:23) ~[saintsdragons-0.9.5+forge-1.20.1.jar%23368!/:?]
	at net.minecraft.server.packs.resources.SimplePreparableReloadListener.m_10789_(SimplePreparableReloadListener.java:13) ~[server-1.20.1-20230612.114412-srg.jar%23413!/:?]
	at java.util.concurrent.CompletableFuture$UniAccept.tryFire(CompletableFuture.java:718) ~[?:?]
	at java.util.concurrent.CompletableFuture$Completion.run(CompletableFuture.java:482) ~[?:?]
	at net.minecraft.server.packs.resources.SimpleReloadInstance.m_143940_(SimpleReloadInstance.java:69) ~[server-1.20.1-20230612.114412-srg.jar%23413!/:?]
	at net.minecraft.Util.m_214652_(Util.java:783) ~[server-1.20.1-20230612.114412-srg.jar%23413!/:?]
	at net.minecraft.Util.m_214679_(Util.java:772) ~[server-1.20.1-20230612.114412-srg.jar%23413!/:?]
	at net.minecraft.server.Main.main(Main.java:166) ~[server-1.20.1-20230612.114412-srg.jar%23413!/:?]
	at jdk.internal.reflect.NativeMethodAccessorImpl.invoke0(Native Method) ~[?:?]
	at jdk.internal.reflect.NativeMethodAccessorImpl.invoke(NativeMethodAccessorImpl.java:77) ~[?:?]
	at jdk.internal.reflect.DelegatingMethodAccessorImpl.invoke(DelegatingMethodAccessorImpl.java:43) ~[?:?]
	at java.lang.reflect.Method.invoke(Method.java:569) ~[?:?]
	at net.minecraftforge.fml.loading.targets.CommonLaunchHandler.runTarget(CommonLaunchHandler.java:111) ~[fmlloader-1.20.1-47.4.20.jar%2369!/:?]
	at net.minecraftforge.fml.loading.targets.CommonLaunchHandler.serverService(CommonLaunchHandler.java:103) ~[fmlloader-1.20.1-47.4.20.jar%2369!/:?]
	at net.minecraftforge.fml.loading.targets.CommonServerLaunchHandler.lambda$makeService$0(CommonServerLaunchHandler.java:27) ~[fmlloader-1.20.1-47.4.20.jar%2369!/:?]
	at cpw.mods.modlauncher.LaunchServiceHandlerDecorator.launch(LaunchServiceHandlerDecorator.java:30) ~[modlauncher-10.0.9.jar%2355!/:?]
	at cpw.mods.modlauncher.LaunchServiceHandler.launch(LaunchServiceHandler.java:53) ~[modlauncher-10.0.9.jar%2355!/:?]
	at cpw.mods.modlauncher.LaunchServiceHandler.launch(LaunchServiceHandler.java:71) ~[modlauncher-10.0.9.jar%2355!/:?]
	at cpw.mods.modlauncher.Launcher.run(Launcher.java:108) ~[modlauncher-10.0.9.jar%2355!/:?]
	at cpw.mods.modlauncher.Launcher.main(Launcher.java:78) ~[modlauncher-10.0.9.jar%2355!/:?]
	at cpw.mods.modlauncher.BootstrapLaunchConsumer.accept(BootstrapLaunchConsumer.java:26) ~[modlauncher-10.0.9.jar%2355!/:?]
	at cpw.mods.modlauncher.BootstrapLaunchConsumer.accept(BootstrapLaunchConsumer.java:23) ~[modlauncher-10.0.9.jar%2355!/:?]
	at cpw.mods.bootstraplauncher.BootstrapLauncher.main(BootstrapLauncher.java:141) ~[bootstraplauncher-1.1.2.jar:?]
[02Sep2026 19:43:36.265] [main/ERROR] [saintsdragons/]: Failed to parse dialogue file mca:procreate
com.google.gson.JsonSyntaxException: Missing nodes, expected to find a JsonObject
	at net.minecraft.util.GsonHelper.m_13930_(GsonHelper.java:421) ~[server-1.20.1-20230612.114412-srg.jar%23413!/:?]
	at com.leon.saintsdragons.server.entity.npc.dialogue.DialogueReloadListener.parseFile(DialogueReloadListener.java:52) ~[saintsdragons-0.9.5+forge-1.20.1.jar%23368!/:?]
	at com.leon.saintsdragons.server.entity.npc.dialogue.DialogueReloadListener.lambda$apply$1(DialogueReloadListener.java:42) ~[saintsdragons-0.9.5+forge-1.20.1.jar%23368!/:?]
	at java.util.stream.ForEachOps$ForEachOp$OfRef.accept(ForEachOps.java:183) ~[?:?]
	at java.util.stream.SortedOps$SizedRefSortingSink.end(SortedOps.java:357) ~[?:?]
	at java.util.stream.AbstractPipeline.copyInto(AbstractPipeline.java:510) ~[?:?]
	at java.util.stream.AbstractPipeline.wrapAndCopyInto(AbstractPipeline.java:499) ~[?:?]
	at java.util.stream.ForEachOps$ForEachOp.evaluateSequential(ForEachOps.java:150) ~[?:?]
	at java.util.stream.ForEachOps$ForEachOp$OfRef.evaluateSequential(ForEachOps.java:173) ~[?:?]
	at java.util.stream.AbstractPipeline.evaluate(AbstractPipeline.java:234) ~[?:?]
	at java.util.stream.ReferencePipeline.forEach(ReferencePipeline.java:596) ~[?:?]
	at com.leon.saintsdragons.server.entity.npc.dialogue.DialogueReloadListener.apply(DialogueReloadListener.java:42) ~[saintsdragons-0.9.5+forge-1.20.1.jar%23368!/:?]
	at com.leon.saintsdragons.server.entity.npc.dialogue.DialogueReloadListener.m_5787_(DialogueReloadListener.java:23) ~[saintsdragons-0.9.5+forge-1.20.1.jar%23368!/:?]
	at net.minecraft.server.packs.resources.SimplePreparableReloadListener.m_10789_(SimplePreparableReloadListener.java:13) ~[server-1.20.1-20230612.114412-srg.jar%23413!/:?]
	at java.util.concurrent.CompletableFuture$UniAccept.tryFire(CompletableFuture.java:718) ~[?:?]
	at java.util.concurrent.CompletableFuture$Completion.run(CompletableFuture.java:482) ~[?:?]
	at net.minecraft.server.packs.resources.SimpleReloadInstance.m_143940_(SimpleReloadInstance.java:69) ~[server-1.20.1-20230612.114412-srg.jar%23413!/:?]
	at net.minecraft.Util.m_214652_(Util.java:783) ~[server-1.20.1-20230612.114412-srg.jar%23413!/:?]
	at net.minecraft.Util.m_214679_(Util.java:772) ~[server-1.20.1-20230612.114412-srg.jar%23413!/:?]
	at net.minecraft.server.Main.main(Main.java:166) ~[server-1.20.1-20230612.114412-srg.jar%23413!/:?]
	at jdk.internal.reflect.NativeMethodAccessorImpl.invoke0(Native Method) ~[?:?]
	at jdk.internal.reflect.NativeMethodAccessorImpl.invoke(NativeMethodAccessorImpl.java:77) ~[?:?]
	at jdk.internal.reflect.DelegatingMethodAccessorImpl.invoke(DelegatingMethodAccessorImpl.java:43) ~[?:?]
	at java.lang.reflect.Method.invoke(Method.java:569) ~[?:?]
	at net.minecraftforge.fml.loading.targets.CommonLaunchHandler.runTarget(CommonLaunchHandler.java:111) ~[fmlloader-1.20.1-47.4.20.jar%2369!/:?]
	at net.minecraftforge.fml.loading.targets.CommonLaunchHandler.serverService(CommonLaunchHandler.java:103) ~[fmlloader-1.20.1-47.4.20.jar%2369!/:?]
	at net.minecraftforge.fml.loading.targets.CommonServerLaunchHandler.lambda$makeService$0(CommonServerLaunchHandler.java:27) ~[fmlloader-1.20.1-47.4.20.jar%2369!/:?]
	at cpw.mods.modlauncher.LaunchServiceHandlerDecorator.launch(LaunchServiceHandlerDecorator.java:30) ~[modlauncher-10.0.9.jar%2355!/:?]
	at cpw.mods.modlauncher.LaunchServiceHandler.launch(LaunchServiceHandler.java:53) ~[modlauncher-10.0.9.jar%2355!/:?]
	at cpw.mods.modlauncher.LaunchServiceHandler.launch(LaunchServiceHandler.java:71) ~[modlauncher-10.0.9.jar%2355!/:?]
	at cpw.mods.modlauncher.Launcher.run(Launcher.java:108) ~[modlauncher-10.0.9.jar%2355!/:?]
	at cpw.mods.modlauncher.Launcher.main(Launcher.java:78) ~[modlauncher-10.0.9.jar%2355!/:?]
	at cpw.mods.modlauncher.BootstrapLaunchConsumer.accept(BootstrapLaunchConsumer.java:26) ~[modlauncher-10.0.9.jar%2355!/:?]
	at cpw.mods.modlauncher.BootstrapLaunchConsumer.accept(BootstrapLaunchConsumer.java:23) ~[modlauncher-10.0.9.jar%2355!/:?]
	at cpw.mods.bootstraplauncher.BootstrapLauncher.main(BootstrapLauncher.java:141) ~[bootstraplauncher-1.1.2.jar:?]
[02Sep2026 19:43:36.265] [main/ERROR] [saintsdragons/]: Failed to parse dialogue file mca:rock_paper_scissor
com.google.gson.JsonSyntaxException: Missing nodes, expected to find a JsonObject
	at net.minecraft.util.GsonHelper.m_13930_(GsonHelper.java:421) ~[server-1.20.1-20230612.114412-srg.jar%23413!/:?]
	at com.leon.saintsdragons.server.entity.npc.dialogue.DialogueReloadListener.parseFile(DialogueReloadListener.java:52) ~[saintsdragons-0.9.5+forge-1.20.1.jar%23368!/:?]
	at com.leon.saintsdragons.server.entity.npc.dialogue.DialogueReloadListener.lambda$apply$1(DialogueReloadListener.java:42) ~[saintsdragons-0.9.5+forge-1.20.1.jar%23368!/:?]
	at java.util.stream.ForEachOps$ForEachOp$OfRef.accept(ForEachOps.java:183) ~[?:?]
	at java.util.stream.SortedOps$SizedRefSortingSink.end(SortedOps.java:357) ~[?:?]
	at java.util.stream.AbstractPipeline.copyInto(AbstractPipeline.java:510) ~[?:?]
	at java.util.stream.AbstractPipeline.wrapAndCopyInto(AbstractPipeline.java:499) ~[?:?]
	at java.util.stream.ForEachOps$ForEachOp.evaluateSequential(ForEachOps.java:150) ~[?:?]
	at java.util.stream.ForEachOps$ForEachOp$OfRef.evaluateSequential(ForEachOps.java:173) ~[?:?]
	at java.util.stream.AbstractPipeline.evaluate(AbstractPipeline.java:234) ~[?:?]
	at java.util.stream.ReferencePipeline.forEach(ReferencePipeline.java:596) ~[?:?]
	at com.leon.saintsdragons.server.entity.npc.dialogue.DialogueReloadListener.apply(DialogueReloadListener.java:42) ~[saintsdragons-0.9.5+forge-1.20.1.jar%23368!/:?]
	at com.leon.saintsdragons.server.entity.npc.dialogue.DialogueReloadListener.m_5787_(DialogueReloadListener.java:23) ~[saintsdragons-0.9.5+forge-1.20.1.jar%23368!/:?]
	at net.minecraft.server.packs.resources.SimplePreparableReloadListener.m_10789_(SimplePreparableReloadListener.java:13) ~[server-1.20.1-20230612.114412-srg.jar%23413!/:?]
	at java.util.concurrent.CompletableFuture$UniAccept.tryFire(CompletableFuture.java:718) ~[?:?]
	at java.util.concurrent.CompletableFuture$Completion.run(CompletableFuture.java:482) ~[?:?]
	at net.minecraft.server.packs.resources.SimpleReloadInstance.m_143940_(SimpleReloadInstance.java:69) ~[server-1.20.1-20230612.114412-srg.jar%23413!/:?]
	at net.minecraft.Util.m_214652_(Util.java:783) ~[server-1.20.1-20230612.114412-srg.jar%23413!/:?]
	at net.minecraft.Util.m_214679_(Util.java:772) ~[server-1.20.1-20230612.114412-srg.jar%23413!/:?]
	at net.minecraft.server.Main.main(Main.java:166) ~[server-1.20.1-20230612.114412-srg.jar%23413!/:?]
	at jdk.internal.reflect.NativeMethodAccessorImpl.invoke0(Native Method) ~[?:?]
	at jdk.internal.reflect.NativeMethodAccessorImpl.invoke(NativeMethodAccessorImpl.java:77) ~[?:?]
	at jdk.internal.reflect.DelegatingMethodAccessorImpl.invoke(DelegatingMethodAccessorImpl.java:43) ~[?:?]
	at java.lang.reflect.Method.invoke(Method.java:569) ~[?:?]
	at net.minecraftforge.fml.loading.targets.CommonLaunchHandler.runTarget(CommonLaunchHandler.java:111) ~[fmlloader-1.20.1-47.4.20.jar%2369!/:?]
	at net.minecraftforge.fml.loading.targets.CommonLaunchHandler.serverService(CommonLaunchHandler.java:103) ~[fmlloader-1.20.1-47.4.20.jar%2369!/:?]
	at net.minecraftforge.fml.loading.targets.CommonServerLaunchHandler.lambda$makeService$0(CommonServerLaunchHandler.java:27) ~[fmlloader-1.20.1-47.4.20.jar%2369!/:?]
	at cpw.mods.modlauncher.LaunchServiceHandlerDecorator.launch(LaunchServiceHandlerDecorator.java:30) ~[modlauncher-10.0.9.jar%2355!/:?]
	at cpw.mods.modlauncher.LaunchServiceHandler.launch(LaunchServiceHandler.java:53) ~[modlauncher-10.0.9.jar%2355!/:?]
	at cpw.mods.modlauncher.LaunchServiceHandler.launch(LaunchServiceHandler.java:71) ~[modlauncher-10.0.9.jar%2355!/:?]
	at cpw.mods.modlauncher.Launcher.run(Launcher.java:108) ~[modlauncher-10.0.9.jar%2355!/:?]
	at cpw.mods.modlauncher.Launcher.main(Launcher.java:78) ~[modlauncher-10.0.9.jar%2355!/:?]
	at cpw.mods.modlauncher.BootstrapLaunchConsumer.accept(BootstrapLaunchConsumer.java:26) ~[modlauncher-10.0.9.jar%2355!/:?]
	at cpw.mods.modlauncher.BootstrapLaunchConsumer.accept(BootstrapLaunchConsumer.java:23) ~[modlauncher-10.0.9.jar%2355!/:?]
	at cpw.mods.bootstraplauncher.BootstrapLauncher.main(BootstrapLauncher.java:141) ~[bootstraplauncher-1.1.2.jar:?]
[02Sep2026 19:43:36.266] [main/ERROR] [saintsdragons/]: Failed to parse dialogue file mca:root
com.google.gson.JsonSyntaxException: Missing nodes, expected to find a JsonObject
	at net.minecraft.util.GsonHelper.m_13930_(GsonHelper.java:421) ~[server-1.20.1-20230612.114412-srg.jar%23413!/:?]
	at com.leon.saintsdragons.server.entity.npc.dialogue.DialogueReloadListener.parseFile(DialogueReloadListener.java:52) ~[saintsdragons-0.9.5+forge-1.20.1.jar%23368!/:?]
	at com.leon.saintsdragons.server.entity.npc.dialogue.DialogueReloadListener.lambda$apply$1(DialogueReloadListener.java:42) ~[saintsdragons-0.9.5+forge-1.20.1.jar%23368!/:?]
	at java.util.stream.ForEachOps$ForEachOp$OfRef.accept(ForEachOps.java:183) ~[?:?]
	at java.util.stream.SortedOps$SizedRefSortingSink.end(SortedOps.java:357) ~[?:?]
	at java.util.stream.AbstractPipeline.copyInto(AbstractPipeline.java:510) ~[?:?]
	at java.util.stream.AbstractPipeline.wrapAndCopyInto(AbstractPipeline.java:499) ~[?:?]
	at java.util.stream.ForEachOps$ForEachOp.evaluateSequential(ForEachOps.java:150) ~[?:?]
	at java.util.stream.ForEachOps$ForEachOp$OfRef.evaluateSequential(ForEachOps.java:173) ~[?:?]
	at java.util.stream.AbstractPipeline.evaluate(AbstractPipeline.java:234) ~[?:?]
	at java.util.stream.ReferencePipeline.forEach(ReferencePipeline.java:596) ~[?:?]
	at com.leon.saintsdragons.server.entity.npc.dialogue.DialogueReloadListener.apply(DialogueReloadListener.java:42) ~[saintsdragons-0.9.5+forge-1.20.1.jar%23368!/:?]
	at com.leon.saintsdragons.server.entity.npc.dialogue.DialogueReloadListener.m_5787_(DialogueReloadListener.java:23) ~[saintsdragons-0.9.5+forge-1.20.1.jar%23368!/:?]
	at net.minecraft.server.packs.resources.SimplePreparableReloadListener.m_10789_(SimplePreparableReloadListener.java:13) ~[server-1.20.1-20230612.114412-srg.jar%23413!/:?]
	at java.util.concurrent.CompletableFuture$UniAccept.tryFire(CompletableFuture.java:718) ~[?:?]
	at java.util.concurrent.CompletableFuture$Completion.run(CompletableFuture.java:482) ~[?:?]
	at net.minecraft.server.packs.resources.SimpleReloadInstance.m_143940_(SimpleReloadInstance.java:69) ~[server-1.20.1-20230612.114412-srg.jar%23413!/:?]
	at net.minecraft.Util.m_214652_(Util.java:783) ~[server-1.20.1-20230612.114412-srg.jar%23413!/:?]
	at net.minecraft.Util.m_214679_(Util.java:772) ~[server-1.20.1-20230612.114412-srg.jar%23413!/:?]
	at net.minecraft.server.Main.main(Main.java:166) ~[server-1.20.1-20230612.114412-srg.jar%23413!/:?]
	at jdk.internal.reflect.NativeMethodAccessorImpl.invoke0(Native Method) ~[?:?]
	at jdk.internal.reflect.NativeMethodAccessorImpl.invoke(NativeMethodAccessorImpl.java:77) ~[?:?]
	at jdk.internal.reflect.DelegatingMethodAccessorImpl.invoke(DelegatingMethodAccessorImpl.java:43) ~[?:?]
	at java.lang.reflect.Method.invoke(Method.java:569) ~[?:?]
	at net.minecraftforge.fml.loading.targets.CommonLaunchHandler.runTarget(CommonLaunchHandler.java:111) ~[fmlloader-1.20.1-47.4.20.jar%2369!/:?]
	at net.minecraftforge.fml.loading.targets.CommonLaunchHandler.serverService(CommonLaunchHandler.java:103) ~[fmlloader-1.20.1-47.4.20.jar%2369!/:?]
	at net.minecraftforge.fml.loading.targets.CommonServerLaunchHandler.lambda$makeService$0(CommonServerLaunchHandler.java:27) ~[fmlloader-1.20.1-47.4.20.jar%2369!/:?]
	at cpw.mods.modlauncher.LaunchServiceHandlerDecorator.launch(LaunchServiceHandlerDecorator.java:30) ~[modlauncher-10.0.9.jar%2355!/:?]
	at cpw.mods.modlauncher.LaunchServiceHandler.launch(LaunchServiceHandler.java:53) ~[modlauncher-10.0.9.jar%2355!/:?]
	at cpw.mods.modlauncher.LaunchServiceHandler.launch(LaunchServiceHandler.java:71) ~[modlauncher-10.0.9.jar%2355!/:?]
	at cpw.mods.modlauncher.Launcher.run(Launcher.java:108) ~[modlauncher-10.0.9.jar%2355!/:?]
	at cpw.mods.modlauncher.Launcher.main(Launcher.java:78) ~[modlauncher-10.0.9.jar%2355!/:?]
	at cpw.mods.modlauncher.BootstrapLaunchConsumer.accept(BootstrapLaunchConsumer.java:26) ~[modlauncher-10.0.9.jar%2355!/:?]
	at cpw.mods.modlauncher.BootstrapLaunchConsumer.accept(BootstrapLaunchConsumer.java:23) ~[modlauncher-10.0.9.jar%2355!/:?]
	at cpw.mods.bootstraplauncher.BootstrapLauncher.main(BootstrapLauncher.java:141) ~[bootstraplauncher-1.1.2.jar:?]
[02Sep2026 19:43:36.266] [main/ERROR] [saintsdragons/]: Failed to parse dialogue file mca:rumors
com.google.gson.JsonSyntaxException: Missing nodes, expected to find a JsonObject
	at net.minecraft.util.GsonHelper.m_13930_(GsonHelper.java:421) ~[server-1.20.1-20230612.114412-srg.jar%23413!/:?]
	at com.leon.saintsdragons.server.entity.npc.dialogue.DialogueReloadListener.parseFile(DialogueReloadListener.java:52) ~[saintsdragons-0.9.5+forge-1.20.1.jar%23368!/:?]
	at com.leon.saintsdragons.server.entity.npc.dialogue.DialogueReloadListener.lambda$apply$1(DialogueReloadListener.java:42) ~[saintsdragons-0.9.5+forge-1.20.1.jar%23368!/:?]
	at java.util.stream.ForEachOps$ForEachOp$OfRef.accept(ForEachOps.java:183) ~[?:?]
	at java.util.stream.SortedOps$SizedRefSortingSink.end(SortedOps.java:357) ~[?:?]
	at java.util.stream.AbstractPipeline.copyInto(AbstractPipeline.java:510) ~[?:?]
	at java.util.stream.AbstractPipeline.wrapAndCopyInto(AbstractPipeline.java:499) ~[?:?]
	at java.util.stream.ForEachOps$ForEachOp.evaluateSequential(ForEachOps.java:150) ~[?:?]
	at java.util.stream.ForEachOps$ForEachOp$OfRef.evaluateSequential(ForEachOps.java:173) ~[?:?]
	at java.util.stream.AbstractPipeline.evaluate(AbstractPipeline.java:234) ~[?:?]
	at java.util.stream.ReferencePipeline.forEach(ReferencePipeline.java:596) ~[?:?]
	at com.leon.saintsdragons.server.entity.npc.dialogue.DialogueReloadListener.apply(DialogueReloadListener.java:42) ~[saintsdragons-0.9.5+forge-1.20.1.jar%23368!/:?]
	at com.leon.saintsdragons.server.entity.npc.dialogue.DialogueReloadListener.m_5787_(DialogueReloadListener.java:23) ~[saintsdragons-0.9.5+forge-1.20.1.jar%23368!/:?]
	at net.minecraft.server.packs.resources.SimplePreparableReloadListener.m_10789_(SimplePreparableReloadListener.java:13) ~[server-1.20.1-20230612.114412-srg.jar%23413!/:?]
	at java.util.concurrent.CompletableFuture$UniAccept.tryFire(CompletableFuture.java:718) ~[?:?]
	at java.util.concurrent.CompletableFuture$Completion.run(CompletableFuture.java:482) ~[?:?]
	at net.minecraft.server.packs.resources.SimpleReloadInstance.m_143940_(SimpleReloadInstance.java:69) ~[server-1.20.1-20230612.114412-srg.jar%23413!/:?]
	at net.minecraft.Util.m_214652_(Util.java:783) ~[server-1.20.1-20230612.114412-srg.jar%23413!/:?]
	at net.minecraft.Util.m_214679_(Util.java:772) ~[server-1.20.1-20230612.114412-srg.jar%23413!/:?]
	at net.minecraft.server.Main.main(Main.java:166) ~[server-1.20.1-20230612.114412-srg.jar%23413!/:?]
	at jdk.internal.reflect.NativeMethodAccessorImpl.invoke0(Native Method) ~[?:?]
	at jdk.internal.reflect.NativeMethodAccessorImpl.invoke(NativeMethodAccessorImpl.java:77) ~[?:?]
	at jdk.internal.reflect.DelegatingMethodAccessorImpl.invoke(DelegatingMethodAccessorImpl.java:43) ~[?:?]
	at java.lang.reflect.Method.invoke(Method.java:569) ~[?:?]
	at net.minecraftforge.fml.loading.targets.CommonLaunchHandler.runTarget(CommonLaunchHandler.java:111) ~[fmlloader-1.20.1-47.4.20.jar%2369!/:?]
	at net.minecraftforge.fml.loading.targets.CommonLaunchHandler.serverService(CommonLaunchHandler.java:103) ~[fmlloader-1.20.1-47.4.20.jar%2369!/:?]
	at net.minecraftforge.fml.loading.targets.CommonServerLaunchHandler.lambda$makeService$0(CommonServerLaunchHandler.java:27) ~[fmlloader-1.20.1-47.4.20.jar%2369!/:?]
	at cpw.mods.modlauncher.LaunchServiceHandlerDecorator.launch(LaunchServiceHandlerDecorator.java:30) ~[modlauncher-10.0.9.jar%2355!/:?]
	at cpw.mods.modlauncher.LaunchServiceHandler.launch(LaunchServiceHandler.java:53) ~[modlauncher-10.0.9.jar%2355!/:?]
	at cpw.mods.modlauncher.LaunchServiceHandler.launch(LaunchServiceHandler.java:71) ~[modlauncher-10.0.9.jar%2355!/:?]
	at cpw.mods.modlauncher.Launcher.run(Launcher.java:108) ~[modlauncher-10.0.9.jar%2355!/:?]
	at cpw.mods.modlauncher.Launcher.main(Launcher.java:78) ~[modlauncher-10.0.9.jar%2355!/:?]
	at cpw.mods.modlauncher.BootstrapLaunchConsumer.accept(BootstrapLaunchConsumer.java:26) ~[modlauncher-10.0.9.jar%2355!/:?]
	at cpw.mods.modlauncher.BootstrapLaunchConsumer.accept(BootstrapLaunchConsumer.java:23) ~[modlauncher-10.0.9.jar%2355!/:?]
	at cpw.mods.bootstraplauncher.BootstrapLauncher.main(BootstrapLauncher.java:141) ~[bootstraplauncher-1.1.2.jar:?]
[02Sep2026 19:43:36.267] [main/ERROR] [saintsdragons/]: Failed to parse dialogue file mca:story
com.google.gson.JsonSyntaxException: Missing nodes, expected to find a JsonObject
	at net.minecraft.util.GsonHelper.m_13930_(GsonHelper.java:421) ~[server-1.20.1-20230612.114412-srg.jar%23413!/:?]
	at com.leon.saintsdragons.server.entity.npc.dialogue.DialogueReloadListener.parseFile(DialogueReloadListener.java:52) ~[saintsdragons-0.9.5+forge-1.20.1.jar%23368!/:?]
	at com.leon.saintsdragons.server.entity.npc.dialogue.DialogueReloadListener.lambda$apply$1(DialogueReloadListener.java:42) ~[saintsdragons-0.9.5+forge-1.20.1.jar%23368!/:?]
	at java.util.stream.ForEachOps$ForEachOp$OfRef.accept(ForEachOps.java:183) ~[?:?]
	at java.util.stream.SortedOps$SizedRefSortingSink.end(SortedOps.java:357) ~[?:?]
	at java.util.stream.AbstractPipeline.copyInto(AbstractPipeline.java:510) ~[?:?]
	at java.util.stream.AbstractPipeline.wrapAndCopyInto(AbstractPipeline.java:499) ~[?:?]
	at java.util.stream.ForEachOps$ForEachOp.evaluateSequential(ForEachOps.java:150) ~[?:?]
	at java.util.stream.ForEachOps$ForEachOp$OfRef.evaluateSequential(ForEachOps.java:173) ~[?:?]
	at java.util.stream.AbstractPipeline.evaluate(AbstractPipeline.java:234) ~[?:?]
	at java.util.stream.ReferencePipeline.forEach(ReferencePipeline.java:596) ~[?:?]
	at com.leon.saintsdragons.server.entity.npc.dialogue.DialogueReloadListener.apply(DialogueReloadListener.java:42) ~[saintsdragons-0.9.5+forge-1.20.1.jar%23368!/:?]
	at com.leon.saintsdragons.server.entity.npc.dialogue.DialogueReloadListener.m_5787_(DialogueReloadListener.java:23) ~[saintsdragons-0.9.5+forge-1.20.1.jar%23368!/:?]
	at net.minecraft.server.packs.resources.SimplePreparableReloadListener.m_10789_(SimplePreparableReloadListener.java:13) ~[server-1.20.1-20230612.114412-srg.jar%23413!/:?]
	at java.util.concurrent.CompletableFuture$UniAccept.tryFire(CompletableFuture.java:718) ~[?:?]
	at java.util.concurrent.CompletableFuture$Completion.run(CompletableFuture.java:482) ~[?:?]
	at net.minecraft.server.packs.resources.SimpleReloadInstance.m_143940_(SimpleReloadInstance.java:69) ~[server-1.20.1-20230612.114412-srg.jar%23413!/:?]
	at net.minecraft.Util.m_214652_(Util.java:783) ~[server-1.20.1-20230612.114412-srg.jar%23413!/:?]
	at net.minecraft.Util.m_214679_(Util.java:772) ~[server-1.20.1-20230612.114412-srg.jar%23413!/:?]
	at net.minecraft.server.Main.main(Main.java:166) ~[server-1.20.1-20230612.114412-srg.jar%23413!/:?]
	at jdk.internal.reflect.NativeMethodAccessorImpl.invoke0(Native Method) ~[?:?]
	at jdk.internal.reflect.NativeMethodAccessorImpl.invoke(NativeMethodAccessorImpl.java:77) ~[?:?]
	at jdk.internal.reflect.DelegatingMethodAccessorImpl.invoke(DelegatingMethodAccessorImpl.java:43) ~[?:?]
	at java.lang.reflect.Method.invoke(Method.java:569) ~[?:?]
	at net.minecraftforge.fml.loading.targets.CommonLaunchHandler.runTarget(CommonLaunchHandler.java:111) ~[fmlloader-1.20.1-47.4.20.jar%2369!/:?]
	at net.minecraftforge.fml.loading.targets.CommonLaunchHandler.serverService(CommonLaunchHandler.java:103) ~[fmlloader-1.20.1-47.4.20.jar%2369!/:?]
	at net.minecraftforge.fml.loading.targets.CommonServerLaunchHandler.lambda$makeService$0(CommonServerLaunchHandler.java:27) ~[fmlloader-1.20.1-47.4.20.jar%2369!/:?]
	at cpw.mods.modlauncher.LaunchServiceHandlerDecorator.launch(LaunchServiceHandlerDecorator.java:30) ~[modlauncher-10.0.9.jar%2355!/:?]
	at cpw.mods.modlauncher.LaunchServiceHandler.launch(LaunchServiceHandler.java:53) ~[modlauncher-10.0.9.jar%2355!/:?]
	at cpw.mods.modlauncher.LaunchServiceHandler.launch(LaunchServiceHandler.java:71) ~[modlauncher-10.0.9.jar%2355!/:?]
	at cpw.mods.modlauncher.Launcher.run(Launcher.java:108) ~[modlauncher-10.0.9.jar%2355!/:?]
	at cpw.mods.modlauncher.Launcher.main(Launcher.java:78) ~[modlauncher-10.0.9.jar%2355!/:?]
	at cpw.mods.modlauncher.BootstrapLaunchConsumer.accept(BootstrapLaunchConsumer.java:26) ~[modlauncher-10.0.9.jar%2355!/:?]
	at cpw.mods.modlauncher.BootstrapLaunchConsumer.accept(BootstrapLaunchConsumer.java:23) ~[modlauncher-10.0.9.jar%2355!/:?]
	at cpw.mods.bootstraplauncher.BootstrapLauncher.main(BootstrapLauncher.java:141) ~[bootstraplauncher-1.1.2.jar:?]
[02Sep2026 19:43:36.268] [main/ERROR] [saintsdragons/]: Failed to parse dialogue file mca_vamp_compat:main
com.google.gson.JsonSyntaxException: Missing nodes, expected to find a JsonObject
	at net.minecraft.util.GsonHelper.m_13930_(GsonHelper.java:421) ~[server-1.20.1-20230612.114412-srg.jar%23413!/:?]
	at com.leon.saintsdragons.server.entity.npc.dialogue.DialogueReloadListener.parseFile(DialogueReloadListener.java:52) ~[saintsdragons-0.9.5+forge-1.20.1.jar%23368!/:?]
	at com.leon.saintsdragons.server.entity.npc.dialogue.DialogueReloadListener.lambda$apply$1(DialogueReloadListener.java:42) ~[saintsdragons-0.9.5+forge-1.20.1.jar%23368!/:?]
	at java.util.stream.ForEachOps$ForEachOp$OfRef.accept(ForEachOps.java:183) ~[?:?]
	at java.util.stream.SortedOps$SizedRefSortingSink.end(SortedOps.java:357) ~[?:?]
	at java.util.stream.AbstractPipeline.copyInto(AbstractPipeline.java:510) ~[?:?]
	at java.util.stream.AbstractPipeline.wrapAndCopyInto(AbstractPipeline.java:499) ~[?:?]
	at java.util.stream.ForEachOps$ForEachOp.evaluateSequential(ForEachOps.java:150) ~[?:?]
	at java.util.stream.ForEachOps$ForEachOp$OfRef.evaluateSequential(ForEachOps.java:173) ~[?:?]
	at java.util.stream.AbstractPipeline.evaluate(AbstractPipeline.java:234) ~[?:?]
	at java.util.stream.ReferencePipeline.forEach(ReferencePipeline.java:596) ~[?:?]
	at com.leon.saintsdragons.server.entity.npc.dialogue.DialogueReloadListener.apply(DialogueReloadListener.java:42) ~[saintsdragons-0.9.5+forge-1.20.1.jar%23368!/:?]
	at com.leon.saintsdragons.server.entity.npc.dialogue.DialogueReloadListener.m_5787_(DialogueReloadListener.java:23) ~[saintsdragons-0.9.5+forge-1.20.1.jar%23368!/:?]
	at net.minecraft.server.packs.resources.SimplePreparableReloadListener.m_10789_(SimplePreparableReloadListener.java:13) ~[server-1.20.1-20230612.114412-srg.jar%23413!/:?]
	at java.util.concurrent.CompletableFuture$UniAccept.tryFire(CompletableFuture.java:718) ~[?:?]
	at java.util.concurrent.CompletableFuture$Completion.run(CompletableFuture.java:482) ~[?:?]
	at net.minecraft.server.packs.resources.SimpleReloadInstance.m_143940_(SimpleReloadInstance.java:69) ~[server-1.20.1-20230612.114412-srg.jar%23413!/:?]
	at net.minecraft.Util.m_214652_(Util.java:783) ~[server-1.20.1-20230612.114412-srg.jar%23413!/:?]
	at net.minecraft.Util.m_214679_(Util.java:772) ~[server-1.20.1-20230612.114412-srg.jar%23413!/:?]
	at net.minecraft.server.Main.main(Main.java:166) ~[server-1.20.1-20230612.114412-srg.jar%23413!/:?]
	at jdk.internal.reflect.NativeMethodAccessorImpl.invoke0(Native Method) ~[?:?]
	at jdk.internal.reflect.NativeMethodAccessorImpl.invoke(NativeMethodAccessorImpl.java:77) ~[?:?]
	at jdk.internal.reflect.DelegatingMethodAccessorImpl.invoke(DelegatingMethodAccessorImpl.java:43) ~[?:?]
	at java.lang.reflect.Method.invoke(Method.java:569) ~[?:?]
	at net.minecraftforge.fml.loading.targets.CommonLaunchHandler.runTarget(CommonLaunchHandler.java:111) ~[fmlloader-1.20.1-47.4.20.jar%2369!/:?]
	at net.minecraftforge.fml.loading.targets.CommonLaunchHandler.serverService(CommonLaunchHandler.java:103) ~[fmlloader-1.20.1-47.4.20.jar%2369!/:?]
	at net.minecraftforge.fml.loading.targets.CommonServerLaunchHandler.lambda$makeService$0(CommonServerLaunchHandler.java:27) ~[fmlloader-1.20.1-47.4.20.jar%2369!/:?]
	at cpw.mods.modlauncher.LaunchServiceHandlerDecorator.launch(LaunchServiceHandlerDecorator.java:30) ~[modlauncher-10.0.9.jar%2355!/:?]
	at cpw.mods.modlauncher.LaunchServiceHandler.launch(LaunchServiceHandler.java:53) ~[modlauncher-10.0.9.jar%2355!/:?]
	at cpw.mods.modlauncher.LaunchServiceHandler.launch(LaunchServiceHandler.java:71) ~[modlauncher-10.0.9.jar%2355!/:?]
	at cpw.mods.modlauncher.Launcher.run(Launcher.java:108) ~[modlauncher-10.0.9.jar%2355!/:?]
	at cpw.mods.modlauncher.Launcher.main(Launcher.java:78) ~[modlauncher-10.0.9.jar%2355!/:?]
	at cpw.mods.modlauncher.BootstrapLaunchConsumer.accept(BootstrapLaunchConsumer.java:26) ~[modlauncher-10.0.9.jar%2355!/:?]
	at cpw.mods.modlauncher.BootstrapLaunchConsumer.accept(BootstrapLaunchConsumer.java:23) ~[modlauncher-10.0.9.jar%2355!/:?]
	at cpw.mods.bootstraplauncher.BootstrapLauncher.main(BootstrapLauncher.java:141) ~[bootstraplauncher-1.1.2.jar:?]
[02Sep2026 19:43:36.268] [main/ERROR] [saintsdragons/]: Failed to parse dialogue file mca_vamp_compat:occult_favor_active
com.google.gson.JsonSyntaxException: Missing nodes, expected to find a JsonObject
	at net.minecraft.util.GsonHelper.m_13930_(GsonHelper.java:421) ~[server-1.20.1-20230612.114412-srg.jar%23413!/:?]
	at com.leon.saintsdragons.server.entity.npc.dialogue.DialogueReloadListener.parseFile(DialogueReloadListener.java:52) ~[saintsdragons-0.9.5+forge-1.20.1.jar%23368!/:?]
	at com.leon.saintsdragons.server.entity.npc.dialogue.DialogueReloadListener.lambda$apply$1(DialogueReloadListener.java:42) ~[saintsdragons-0.9.5+forge-1.20.1.jar%23368!/:?]
	at java.util.stream.ForEachOps$ForEachOp$OfRef.accept(ForEachOps.java:183) ~[?:?]
	at java.util.stream.SortedOps$SizedRefSortingSink.end(SortedOps.java:357) ~[?:?]
	at java.util.stream.AbstractPipeline.copyInto(AbstractPipeline.java:510) ~[?:?]
	at java.util.stream.AbstractPipeline.wrapAndCopyInto(AbstractPipeline.java:499) ~[?:?]
	at java.util.stream.ForEachOps$ForEachOp.evaluateSequential(ForEachOps.java:150) ~[?:?]
	at java.util.stream.ForEachOps$ForEachOp$OfRef.evaluateSequential(ForEachOps.java:173) ~[?:?]
	at java.util.stream.AbstractPipeline.evaluate(AbstractPipeline.java:234) ~[?:?]
	at java.util.stream.ReferencePipeline.forEach(ReferencePipeline.java:596) ~[?:?]
	at com.leon.saintsdragons.server.entity.npc.dialogue.DialogueReloadListener.apply(DialogueReloadListener.java:42) ~[saintsdragons-0.9.5+forge-1.20.1.jar%23368!/:?]
	at com.leon.saintsdragons.server.entity.npc.dialogue.DialogueReloadListener.m_5787_(DialogueReloadListener.java:23) ~[saintsdragons-0.9.5+forge-1.20.1.jar%23368!/:?]
	at net.minecraft.server.packs.resources.SimplePreparableReloadListener.m_10789_(SimplePreparableReloadListener.java:13) ~[server-1.20.1-20230612.114412-srg.jar%23413!/:?]
	at java.util.concurrent.CompletableFuture$UniAccept.tryFire(CompletableFuture.java:718) ~[?:?]
	at java.util.concurrent.CompletableFuture$Completion.run(CompletableFuture.java:482) ~[?:?]
	at net.minecraft.server.packs.resources.SimpleReloadInstance.m_143940_(SimpleReloadInstance.java:69) ~[server-1.20.1-20230612.114412-srg.jar%23413!/:?]
	at net.minecraft.Util.m_214652_(Util.java:783) ~[server-1.20.1-20230612.114412-srg.jar%23413!/:?]
	at net.minecraft.Util.m_214679_(Util.java:772) ~[server-1.20.1-20230612.114412-srg.jar%23413!/:?]
	at net.minecraft.server.Main.main(Main.java:166) ~[server-1.20.1-20230612.114412-srg.jar%23413!/:?]
	at jdk.internal.reflect.NativeMethodAccessorImpl.invoke0(Native Method) ~[?:?]
	at jdk.internal.reflect.NativeMethodAccessorImpl.invoke(NativeMethodAccessorImpl.java:77) ~[?:?]
	at jdk.internal.reflect.DelegatingMethodAccessorImpl.invoke(DelegatingMethodAccessorImpl.java:43) ~[?:?]
	at java.lang.reflect.Method.invoke(Method.java:569) ~[?:?]
	at net.minecraftforge.fml.loading.targets.CommonLaunchHandler.runTarget(CommonLaunchHandler.java:111) ~[fmlloader-1.20.1-47.4.20.jar%2369!/:?]
	at net.minecraftforge.fml.loading.targets.CommonLaunchHandler.serverService(CommonLaunchHandler.java:103) ~[fmlloader-1.20.1-47.4.20.jar%2369!/:?]
	at net.minecraftforge.fml.loading.targets.CommonServerLaunchHandler.lambda$makeService$0(CommonServerLaunchHandler.java:27) ~[fmlloader-1.20.1-47.4.20.jar%2369!/:?]
	at cpw.mods.modlauncher.LaunchServiceHandlerDecorator.launch(LaunchServiceHandlerDecorator.java:30) ~[modlauncher-10.0.9.jar%2355!/:?]
	at cpw.mods.modlauncher.LaunchServiceHandler.launch(LaunchServiceHandler.java:53) ~[modlauncher-10.0.9.jar%2355!/:?]
	at cpw.mods.modlauncher.LaunchServiceHandler.launch(LaunchServiceHandler.java:71) ~[modlauncher-10.0.9.jar%2355!/:?]
	at cpw.mods.modlauncher.Launcher.run(Launcher.java:108) ~[modlauncher-10.0.9.jar%2355!/:?]
	at cpw.mods.modlauncher.Launcher.main(Launcher.java:78) ~[modlauncher-10.0.9.jar%2355!/:?]
	at cpw.mods.modlauncher.BootstrapLaunchConsumer.accept(BootstrapLaunchConsumer.java:26) ~[modlauncher-10.0.9.jar%2355!/:?]
	at cpw.mods.modlauncher.BootstrapLaunchConsumer.accept(BootstrapLaunchConsumer.java:23) ~[modlauncher-10.0.9.jar%2355!/:?]
	at cpw.mods.bootstraplauncher.BootstrapLauncher.main(BootstrapLauncher.java:141) ~[bootstraplauncher-1.1.2.jar:?]
[02Sep2026 19:43:36.405] [main/ERROR] [saintsdragons/]: Failed to parse dialogue file mca_vamp_compat:occult_favor_pending
com.google.gson.JsonSyntaxException: Missing nodes, expected to find a JsonObject
	at net.minecraft.util.GsonHelper.m_13930_(GsonHelper.java:421) ~[server-1.20.1-20230612.114412-srg.jar%23413!/:?]
	at com.leon.saintsdragons.server.entity.npc.dialogue.DialogueReloadListener.parseFile(DialogueReloadListener.java:52) ~[saintsdragons-0.9.5+forge-1.20.1.jar%23368!/:?]
	at com.leon.saintsdragons.server.entity.npc.dialogue.DialogueReloadListener.lambda$apply$1(DialogueReloadListener.java:42) ~[saintsdragons-0.9.5+forge-1.20.1.jar%23368!/:?]
	at java.util.stream.ForEachOps$ForEachOp$OfRef.accept(ForEachOps.java:183) ~[?:?]
	at java.util.stream.SortedOps$SizedRefSortingSink.end(SortedOps.java:357) ~[?:?]
	at java.util.stream.AbstractPipeline.copyInto(AbstractPipeline.java:510) ~[?:?]
	at java.util.stream.AbstractPipeline.wrapAndCopyInto(AbstractPipeline.java:499) ~[?:?]
	at java.util.stream.ForEachOps$ForEachOp.evaluateSequential(ForEachOps.java:150) ~[?:?]
	at java.util.stream.ForEachOps$ForEachOp$OfRef.evaluateSequential(ForEachOps.java:173) ~[?:?]
	at java.util.stream.AbstractPipeline.evaluate(AbstractPipeline.java:234) ~[?:?]
	at java.util.stream.ReferencePipeline.forEach(ReferencePipeline.java:596) ~[?:?]
	at com.leon.saintsdragons.server.entity.npc.dialogue.DialogueReloadListener.apply(DialogueReloadListener.java:42) ~[saintsdragons-0.9.5+forge-1.20.1.jar%23368!/:?]
	at com.leon.saintsdragons.server.entity.npc.dialogue.DialogueReloadListener.m_5787_(DialogueReloadListener.java:23) ~[saintsdragons-0.9.5+forge-1.20.1.jar%23368!/:?]
	at net.minecraft.server.packs.resources.SimplePreparableReloadListener.m_10789_(SimplePreparableReloadListener.java:13) ~[server-1.20.1-20230612.114412-srg.jar%23413!/:?]
	at java.util.concurrent.CompletableFuture$UniAccept.tryFire(CompletableFuture.java:718) ~[?:?]
	at java.util.concurrent.CompletableFuture$Completion.run(CompletableFuture.java:482) ~[?:?]
	at net.minecraft.server.packs.resources.SimpleReloadInstance.m_143940_(SimpleReloadInstance.java:69) ~[server-1.20.1-20230612.114412-srg.jar%23413!/:?]
	at net.minecraft.Util.m_214652_(Util.java:783) ~[server-1.20.1-20230612.114412-srg.jar%23413!/:?]
	at net.minecraft.Util.m_214679_(Util.java:772) ~[server-1.20.1-20230612.114412-srg.jar%23413!/:?]
	at net.minecraft.server.Main.main(Main.java:166) ~[server-1.20.1-20230612.114412-srg.jar%23413!/:?]
	at jdk.internal.reflect.NativeMethodAccessorImpl.invoke0(Native Method) ~[?:?]
	at jdk.internal.reflect.NativeMethodAccessorImpl.invoke(NativeMethodAccessorImpl.java:77) ~[?:?]
	at jdk.internal.reflect.DelegatingMethodAccessorImpl.invoke(DelegatingMethodAccessorImpl.java:43) ~[?:?]
	at java.lang.reflect.Method.invoke(Method.java:569) ~[?:?]
	at net.minecraftforge.fml.loading.targets.CommonLaunchHandler.runTarget(CommonLaunchHandler.java:111) ~[fmlloader-1.20.1-47.4.20.jar%2369!/:?]
	at net.minecraftforge.fml.loading.targets.CommonLaunchHandler.serverService(CommonLaunchHandler.java:103) ~[fmlloader-1.20.1-47.4.20.jar%2369!/:?]
	at net.minecraftforge.fml.loading.targets.CommonServerLaunchHandler.lambda$makeService$0(CommonServerLaunchHandler.java:27) ~[fmlloader-1.20.1-47.4.20.jar%2369!/:?]
	at cpw.mods.modlauncher.LaunchServiceHandlerDecorator.launch(LaunchServiceHandlerDecorator.java:30) ~[modlauncher-10.0.9.jar%2355!/:?]
	at cpw.mods.modlauncher.LaunchServiceHandler.launch(LaunchServiceHandler.java:53) ~[modlauncher-10.0.9.jar%2355!/:?]
	at cpw.mods.modlauncher.LaunchServiceHandler.launch(LaunchServiceHandler.java:71) ~[modlauncher-10.0.9.jar%2355!/:?]
	at cpw.mods.modlauncher.Launcher.run(Launcher.java:108) ~[modlauncher-10.0.9.jar%2355!/:?]
	at cpw.mods.modlauncher.Launcher.main(Launcher.java:78) ~[modlauncher-10.0.9.jar%2355!/:?]
	at cpw.mods.modlauncher.BootstrapLaunchConsumer.accept(BootstrapLaunchConsumer.java:26) ~[modlauncher-10.0.9.jar%2355!/:?]
	at cpw.mods.modlauncher.BootstrapLaunchConsumer.accept(BootstrapLaunchConsumer.java:23) ~[modlauncher-10.0.9.jar%2355!/:?]
	at cpw.mods.bootstraplauncher.BootstrapLauncher.main(BootstrapLauncher.java:141) ~[bootstraplauncher-1.1.2.jar:?]
[02Sep2026 19:43:36.422] [main/INFO] [saintsdragons/]: Loaded Draconic Crucible thermal data
[02Sep2026 19:43:36.425] [main/INFO] [boss_checklist/]: Number of registered boss ids on the server: 44
[02Sep2026 19:43:36.468] [main/WARN] [forge.net.mca.MCA/]: Dialogue saintsdragons:ivy/known_greeting_trespasser is not properly formatted, not loading
[02Sep2026 19:43:36.470] [main/WARN] [forge.net.mca.MCA/]: Dialogue saintsdragons:ivy/known_greeting is not properly formatted, not loading
[02Sep2026 19:43:36.470] [main/WARN] [forge.net.mca.MCA/]: Dialogue saintsdragons:ivy/known_greeting_rude is not properly formatted, not loading
[02Sep2026 19:43:36.471] [main/WARN] [forge.net.mca.MCA/]: Dialogue saintsdragons:ivy/quest_cindervane is not properly formatted, not loading
[02Sep2026 19:43:36.472] [main/WARN] [forge.net.mca.MCA/]: Dialogue saintsdragons:ivy/recruited_greeting is not properly formatted, not loading
[02Sep2026 19:43:36.473] [main/WARN] [forge.net.mca.MCA/]: Dialogue saintsdragons:ivy/known_meeting_about_dragon is not properly formatted, not loading
[02Sep2026 19:43:36.473] [main/WARN] [forge.net.mca.MCA/]: Dialogue saintsdragons:ivy/quest_cindervane_complete is not properly formatted, not loading
[02Sep2026 19:43:36.473] [main/WARN] [forge.net.mca.MCA/]: Dialogue saintsdragons:ivy/nether_visit is not properly formatted, not loading
[02Sep2026 19:43:36.473] [main/WARN] [forge.net.mca.MCA/]: Dialogue saintsdragons:ivy/recruited_visitor_greeting is not properly formatted, not loading
[02Sep2026 19:43:36.474] [main/WARN] [forge.net.mca.MCA/]: Dialogue saintsdragons:ivy/known_meeting_about_work is not properly formatted, not loading
[02Sep2026 19:43:36.474] [main/WARN] [forge.net.mca.MCA/]: Dialogue saintsdragons:ivy/end_visit is not properly formatted, not loading
[02Sep2026 19:43:36.475] [main/WARN] [forge.net.mca.MCA/]: Dialogue saintsdragons:ivy/first_meeting is not properly formatted, not loading
[02Sep2026 19:43:36.475] [main/WARN] [forge.net.mca.MCA/]: Dialogue saintsdragons:ivy/known_greeting_wares is not properly formatted, not loading
[02Sep2026 19:43:36.527] [main/INFO] [dev.otectus.mcaquests.McaQuests/]: Loaded 21 MCA project(s) with 0 validation note(s).
[02Sep2026 19:43:36.530] [main/INFO] [dev.otectus.mcaquests.McaQuests/]: Loaded 9 title definition(s) with 0 note(s).
[02Sep2026 19:43:36.551] [main/INFO] [dev.otectus.mcaquests.McaQuests/]: Loaded 25 MCA situation(s) with 0 error(s), 0 warning(s).
[02Sep2026 19:43:36.557] [main/INFO] [dev.otectus.mcaquests.McaQuests/]: Loaded 1 reputation tier ladder(s) with 0 note(s).
[02Sep2026 19:43:36.631] [main/INFO] [dev.otectus.mcaquests.McaQuests/]: Loaded 262 MCA quest(s) with 0 error(s), 0 warning(s).
[02Sep2026 19:43:36.639] [main/INFO] [townstead/CatalogDataLoader/]: Registered enclosure type 'pen' priority=1 interior=4..1024 fences>=4 gates>=1 walls>=0 signatures=1
[02Sep2026 19:43:36.640] [main/INFO] [townstead/CatalogDataLoader/]: Catalog reload: groups=7 (townstead:farmersdelight_kitchens[label='Farmer's Delight',prefix='compat/farmersdelight/kitchen_l',layout=tiered], townstead:butchery_shops[label='Butcher Shop',prefix='compat/butchery/butcher_shop_l',layout=tiered], townstead:rusticdelight_cafes[label='Rustic Delight',prefix='compat/rusticdelight/cafe_l',layout=tiered], townstead:docks[label='Docks',prefix='dock_l',layout=tiered], townstead:butchery_facilities[label='Butchery Facilities',prefix='compat/butchery/',layout=grid], townstead:wool_sheds[label='Wool Sheds',prefix='wool_shed',layout=grid], townstead:livestock_pens[label='Livestock Pens',prefix='pen',layout=grid]), building overrides=5, building-spirits=25
[02Sep2026 19:43:36.640] [main/INFO] [townstead/]: Townstead reactions loaded 3 (triggers: context_present=1, gesture=5)
[02Sep2026 19:43:36.643] [main/INFO] [townstead/ShiftTemplateJsonLoader/]: Loaded 5 built-in shift templates
[02Sep2026 19:43:36.644] [main/INFO] [townstead/WeekPlanJsonLoader/]: Loaded 3 built-in week plans
[02Sep2026 19:43:36.649] [main/INFO] [townstead/CalendarProfileJsonLoader/]: Loaded 4 calendar profiles (110 sidecar lang entries)
[02Sep2026 19:43:36.652] [main/INFO] [townstead/SpeciesJsonLoader/]: Loaded 1 origin species
[02Sep2026 19:43:36.655] [main/INFO] [townstead/AncestryJsonLoader/]: Loaded 1 origin ancestries
[02Sep2026 19:43:36.656] [main/INFO] [townstead/LineageJsonLoader/]: Loaded 0 Roots lineages
[02Sep2026 19:43:36.659] [main/INFO] [townstead/RootJsonLoader/]: Loaded 1 roots
[02Sep2026 19:43:36.660] [main/INFO] [townstead/PersonalityJsonLoader/]: Loaded 0 personalities
[02Sep2026 19:43:36.661] [main/INFO] [townstead/HeritageJsonLoader/]: Loaded 0 heritage profiles
[02Sep2026 19:43:36.662] [main/INFO] [townstead/ChronotypeCatalogLoader/]: Loaded 4 chronotype variants
[02Sep2026 19:43:36.672] [main/INFO] [townstead/GeneJsonLoader/]: Loaded 6 genes (0 pheno diagnostics)
[02Sep2026 19:43:36.672] [main/INFO] [townstead/RigJsonLoader/]: Loaded 0 rigs
[02Sep2026 19:43:36.674] [main/INFO] [townstead/Disposition/]: Loaded 1 disposition groups
[02Sep2026 19:43:36.675] [main/INFO] [townstead/ProfessionDataLoader/]: Loaded 0 professions, 0 skills (0 diagnostics)
[02Sep2026 19:43:36.678] [main/INFO] [townstead/TraitJsonLoader/]: Loaded 1 traits
[02Sep2026 19:43:36.686] [main/INFO] [townstead/]: Loaded 0 attachment definitions, 10 points, 3 blobs (0 diagnostics)
[02Sep2026 19:43:36.688] [main/INFO] [net.normlroyal.descendedangel.content.item.custom.writings.SacredWritReloadListener/]: [SacredWrits] Loaded 8 writ(s), 0 invalid.
[02Sep2026 19:43:36.694] [main/INFO] [Apotheosis : Enchantment/]: Registered 34 enchanting_stats.
[02Sep2026 19:43:36.696] [main/INFO] [Apotheosis : Adventure/]: Registered 6 rarities.
[02Sep2026 19:43:36.703] [main/INFO] [placebo/]: Registered 16 gear_sets.
[02Sep2026 19:43:36.713] [main/INFO] [Apotheosis : Adventure/]: Registered 87 affixes.
[02Sep2026 19:43:36.719] [main/WARN] [Apotheosis : Adventure/]: Insufficient number of affixes to satisfy the loot rules (ignoring backup rules) of rarity apotheosis:mythic for category helmetRequired: 3; Provided: 2
[02Sep2026 19:43:36.719] [main/WARN] [Apotheosis : Adventure/]: Insufficient number of affixes to satisfy the loot rules (ignoring backup rules) of rarity apotheosis:mythic for category bootsRequired: 3; Provided: 2
[02Sep2026 19:43:36.720] [main/WARN] [Apotheosis : Adventure/]: Insufficient number of affixes to satisfy the loot rules (ignoring backup rules) of rarity apotheosis:ancient for category helmetRequired: 4; Provided: 2
[02Sep2026 19:43:36.720] [main/WARN] [Apotheosis : Adventure/]: Insufficient number of affixes to satisfy the loot rules (ignoring backup rules) of rarity apotheosis:ancient for category bootsRequired: 4; Provided: 2
[02Sep2026 19:43:36.721] [main/WARN] [Apotheosis : Adventure/]: Insufficient number of affixes to satisfy the loot rules (ignoring backup rules) of rarity apotheosis:ancient for category bowRequired: 5; Provided: 4
[02Sep2026 19:43:36.721] [main/WARN] [Apotheosis : Adventure/]: Insufficient number of affixes to satisfy the loot rules (ignoring backup rules) of rarity apotheosis:ancient for category crossbowRequired: 5; Provided: 4
[02Sep2026 19:43:36.721] [main/WARN] [Apotheosis : Adventure/]: Insufficient number of affixes to satisfy the loot rules (ignoring backup rules) of rarity apotheosis:ancient for category pickaxeRequired: 5; Provided: 4
[02Sep2026 19:43:36.721] [main/WARN] [Apotheosis : Adventure/]: Insufficient number of affixes to satisfy the loot rules (ignoring backup rules) of rarity apotheosis:ancient for category shovelRequired: 5; Provided: 4
[02Sep2026 19:43:36.731] [main/INFO] [Apotheosis : Adventure/]: Registered 32 gems.
[02Sep2026 19:43:36.738] [main/INFO] [Apotheosis : Adventure/]: Registered 67 affix_loot_entries.
[02Sep2026 19:43:36.743] [main/INFO] [Apotheosis : Adventure/]: Registered 17 bosses.
[02Sep2026 19:43:36.747] [main/INFO] [Apotheosis : Adventure/]: Registered 8 rogue_spawners.
[02Sep2026 19:43:36.750] [main/INFO] [Apotheosis : Adventure/]: Registered 5 minibosses.
[02Sep2026 19:43:36.754] [main/INFO] [Apotheosis : Village/]: Registered 28 wanderer_trades.
[02Sep2026 19:43:36.842] [main/WARN] [ModernFix/]: Initial datapack load took 9.737 s
[02Sep2026 19:43:37.080] [Server thread/INFO] [net.minecraft.server.dedicated.DedicatedServer/]: Starting minecraft server version 1.20.1
[02Sep2026 19:43:37.081] [Server thread/INFO] [net.minecraft.server.dedicated.DedicatedServer/]: Loading properties
[02Sep2026 19:43:37.081] [Server thread/INFO] [net.minecraft.server.dedicated.DedicatedServer/]: Default game type: SURVIVAL
[02Sep2026 19:43:37.081] [Server thread/INFO] [net.minecraft.server.MinecraftServer/]: Generating keypair
[02Sep2026 19:43:37.207] [Server thread/INFO] [net.minecraft.server.dedicated.DedicatedServer/]: Starting Minecraft server on *:25565
[02Sep2026 19:43:37.233] [Server thread/INFO] [net.minecraft.server.network.ServerConnectionListener/]: Using epoll channel type
[02Sep2026 19:43:37.337] [Server thread/WARN] [net.minecraft.server.dedicated.DedicatedServer/]: **** SERVER IS RUNNING IN OFFLINE/INSECURE MODE!
[02Sep2026 19:43:37.338] [Server thread/WARN] [net.minecraft.server.dedicated.DedicatedServer/]: The server will make no attempt to authenticate usernames. Beware.
[02Sep2026 19:43:37.338] [Server thread/WARN] [net.minecraft.server.dedicated.DedicatedServer/]: While this makes the game possible to play without internet access, it also opens up the ability for hackers to connect with any username they choose.
[02Sep2026 19:43:37.338] [Server thread/WARN] [net.minecraft.server.dedicated.DedicatedServer/]: To change this, set "online-mode" to "true" in the server.properties file.
[02Sep2026 19:43:37.382] [Server thread/INFO] [Dragon Survival/]: Rebuilding configuration...
[02Sep2026 19:43:37.934] [Server thread/INFO] [terrablender/]: Initialized TerraBlender biomes for level stem minecraft:the_nether
[02Sep2026 19:43:38.507] [Server thread/INFO] [terrablender/]: Initialized TerraBlender biomes for level stem minecraft:overworld
[02Sep2026 19:43:38.512] [Server thread/INFO] [net.minecraft.server.dedicated.DedicatedServer/]: Preparing level "world"
[02Sep2026 19:43:39.296] [Server thread/INFO] [de.teamlapen.vampirism.GeneralEventHandler/]: Replacing DistanceManager.chunksToUpdateFutures for level ResourceKey[minecraft:dimension / minecraft:overworld] with concurrent set.
[02Sep2026 19:43:39.322] [Server thread/INFO] [de.teamlapen.vampirism.GeneralEventHandler/]: Replacing DistanceManager.chunksToUpdateFutures for level ResourceKey[minecraft:dimension / minecraft:the_end] with concurrent set.
[02Sep2026 19:43:39.331] [Server thread/INFO] [de.teamlapen.vampirism.GeneralEventHandler/]: Replacing DistanceManager.chunksToUpdateFutures for level ResourceKey[minecraft:dimension / minecraft:the_nether] with concurrent set.
[02Sep2026 19:43:39.341] [Server thread/INFO] [de.teamlapen.vampirism.GeneralEventHandler/]: Replacing DistanceManager.chunksToUpdateFutures for level ResourceKey[minecraft:dimension / descendedangel:void_pocket] with concurrent set.
[02Sep2026 19:43:39.345] [Server thread/INFO] [de.teamlapen.vampirism.GeneralEventHandler/]: Replacing DistanceManager.chunksToUpdateFutures for level ResourceKey[minecraft:dimension / irons_spellbooks:pocket_dimension] with concurrent set.
[02Sep2026 19:43:39.351] [Server thread/INFO] [net.regions_unexplored.RegionsUnexploredMod/]: Loading dimension "minecraft:the_nether" with biome source: "minecraft:multi_noise".
[02Sep2026 19:43:39.352] [Server thread/INFO] [net.minecraft.server.MinecraftServer/]: Preparing start region for dimension minecraft:overworld
[02Sep2026 19:43:39.356] [Server thread/INFO] [KubeJS Server/]: Server resource reload complete!
[02Sep2026 19:43:39.637] [Forge Version Check/WARN] [net.minecraftforge.fml.VersionChecker/]: Failed to process update information
java.net.http.HttpConnectTimeoutException: HTTP connect timed out
	at jdk.internal.net.http.HttpClientImpl.send(HttpClientImpl.java:894) ~[java.net.http:?]
	at jdk.internal.net.http.HttpClientFacade.send(HttpClientFacade.java:133) ~[java.net.http:?]
	at net.minecraftforge.fml.VersionChecker$1.openUrlString(VersionChecker.java:142) ~[fmlcore-1.20.1-47.4.20.jar%23414!/:?]
	at net.minecraftforge.fml.VersionChecker$1.process(VersionChecker.java:180) ~[fmlcore-1.20.1-47.4.20.jar%23414!/:?]
	at java.lang.Iterable.forEach(Iterable.java:75) ~[?:?]
	at net.minecraftforge.fml.VersionChecker$1.run(VersionChecker.java:117) ~[fmlcore-1.20.1-47.4.20.jar%23414!/:?]
Caused by: java.net.http.HttpConnectTimeoutException: HTTP connect timed out
	at jdk.internal.net.http.ResponseTimerEvent.handle(ResponseTimerEvent.java:68) ~[java.net.http:?]
	at jdk.internal.net.http.HttpClientImpl.purgeTimeoutsAndReturnNextDeadline(HttpClientImpl.java:1693) ~[java.net.http:?]
	at jdk.internal.net.http.HttpClientImpl$SelectorManager.run(HttpClientImpl.java:1311) ~[java.net.http:?]
Caused by: java.net.ConnectException: HTTP connect timed out
	at jdk.internal.net.http.ResponseTimerEvent.handle(ResponseTimerEvent.java:69) ~[java.net.http:?]
	at jdk.internal.net.http.HttpClientImpl.purgeTimeoutsAndReturnNextDeadline(HttpClientImpl.java:1693) ~[java.net.http:?]
	at jdk.internal.net.http.HttpClientImpl$SelectorManager.run(HttpClientImpl.java:1311) ~[java.net.http:?]
[02Sep2026 19:43:39.637] [Forge Version Check/INFO] [net.minecraftforge.fml.VersionChecker/]: [searchables] Starting version check at https://updates.blamejared.com/get?n=searchables&gv=1.20.1
[02Sep2026 19:43:40.016] [Forge Version Check/INFO] [net.minecraftforge.fml.VersionChecker/]: [searchables] Found status: BETA Current: 1.0.3 Target: 1.0.3
[02Sep2026 19:43:40.017] [Forge Version Check/INFO] [net.minecraftforge.fml.VersionChecker/]: [catalogue] Starting version check at https://mrcrayfish.com/modupdatejson?id=catalogue
[02Sep2026 19:43:40.792] [Forge Version Check/WARN] [net.minecraftforge.fml.VersionChecker/]: Failed to process update information
com.google.gson.JsonSyntaxException: java.lang.IllegalStateException: Expected BEGIN_OBJECT but was STRING at line 1 column 1 path $
	at com.google.gson.Gson.fromJson(Gson.java:1226) ~[gson-2.10.jar%2372!/:?]
	at com.google.gson.Gson.fromJson(Gson.java:1124) ~[gson-2.10.jar%2372!/:?]
	at com.google.gson.Gson.fromJson(Gson.java:1034) ~[gson-2.10.jar%2372!/:?]
	at com.google.gson.Gson.fromJson(Gson.java:969) ~[gson-2.10.jar%2372!/:?]
	at net.minecraftforge.fml.VersionChecker$1.process(VersionChecker.java:186) ~[fmlcore-1.20.1-47.4.20.jar%23414!/:?]
	at java.lang.Iterable.forEach(Iterable.java:75) ~[?:?]
	at net.minecraftforge.fml.VersionChecker$1.run(VersionChecker.java:117) ~[fmlcore-1.20.1-47.4.20.jar%23414!/:?]
Caused by: java.lang.IllegalStateException: Expected BEGIN_OBJECT but was STRING at line 1 column 1 path $
	at com.google.gson.stream.JsonReader.beginObject(JsonReader.java:393) ~[gson-2.10.jar%2372!/:?]
	at com.google.gson.internal.bind.MapTypeAdapterFactory$Adapter.read(MapTypeAdapterFactory.java:182) ~[gson-2.10.jar%2372!/:?]
	at com.google.gson.internal.bind.MapTypeAdapterFactory$Adapter.read(MapTypeAdapterFactory.java:144) ~[gson-2.10.jar%2372!/:?]
	at com.google.gson.Gson.fromJson(Gson.java:1214) ~[gson-2.10.jar%2372!/:?]
	... 6 more
[02Sep2026 19:43:40.794] [Forge Version Check/INFO] [net.minecraftforge.fml.VersionChecker/]: [forge] Starting version check at https://files.minecraftforge.net/net/minecraftforge/forge/promotions_slim.json
[02Sep2026 19:43:40.895] [Server thread/INFO] [net.minecraft.server.level.progress.LoggerChunkProgressListener/]: Preparing spawn area: 0%
[02Sep2026 19:43:40.896] [Server thread/INFO] [net.minecraft.server.level.progress.LoggerChunkProgressListener/]: Preparing spawn area: 0%
[02Sep2026 19:43:40.898] [Server thread/INFO] [net.minecraft.server.level.progress.LoggerChunkProgressListener/]: Preparing spawn area: 0%
[02Sep2026 19:43:40.898] [Server thread/INFO] [net.minecraft.server.level.progress.LoggerChunkProgressListener/]: Preparing spawn area: 0%
[02Sep2026 19:43:41.217] [Forge Version Check/INFO] [net.minecraftforge.fml.VersionChecker/]: [forge] Found status: OUTDATED Current: 47.4.20 Target: 47.4.23
[02Sep2026 19:43:41.219] [Forge Version Check/INFO] [net.minecraftforge.fml.VersionChecker/]: [vampirism] Starting version check at https://api.modrinth.com/updates/vampirism/forge_updates.json
[02Sep2026 19:43:41.250] [Forge Version Check/INFO] [net.minecraftforge.fml.VersionChecker/]: [vampirism] Found status: OUTDATED Current: 1.10.16 Target: 1.20.1-1.10.16
[02Sep2026 19:43:41.250] [Forge Version Check/INFO] [net.minecraftforge.fml.VersionChecker/]: [vampirism_integrations] Starting version check at https://api.modrinth.com/updates/vampirism-integrations/forge_updates.json
[02Sep2026 19:43:41.284] [Forge Version Check/INFO] [net.minecraftforge.fml.VersionChecker/]: [vampirism_integrations] Found status: OUTDATED Current: 1.8.2 Target: 1.20.1-1.8.2
[02Sep2026 19:43:41.285] [Forge Version Check/INFO] [net.minecraftforge.fml.VersionChecker/]: [alexsmobsnaturalistcompat] Starting version check at https://api.modrinth.com/updates/v0NxYynO/forge_updates.json
[02Sep2026 19:43:41.318] [Forge Version Check/WARN] [net.minecraftforge.fml.VersionChecker/]: Failed to process update information
java.lang.NullPointerException: Cannot invoke "java.util.Map.get(Object)" because "promos" is null
	at net.minecraftforge.fml.VersionChecker$1.process(VersionChecker.java:192) ~[fmlcore-1.20.1-47.4.20.jar%23414!/:?]
	at java.lang.Iterable.forEach(Iterable.java:75) ~[?:?]
	at net.minecraftforge.fml.VersionChecker$1.run(VersionChecker.java:117) ~[fmlcore-1.20.1-47.4.20.jar%23414!/:?]
[02Sep2026 19:43:41.319] [Forge Version Check/INFO] [net.minecraftforge.fml.VersionChecker/]: [controlling] Starting version check at https://updates.blamejared.com/get?n=controlling&gv=1.20.1
[02Sep2026 19:43:41.355] [Server thread/INFO] [net.minecraft.server.level.progress.LoggerChunkProgressListener/]: Preparing spawn area: 0%
[02Sep2026 19:43:41.415] [Forge Version Check/INFO] [net.minecraftforge.fml.VersionChecker/]: [controlling] Found status: BETA Current: 12.0.2 Target: 12.0.2
[02Sep2026 19:43:41.416] [Forge Version Check/INFO] [net.minecraftforge.fml.VersionChecker/]: [configured] Starting version check at https://mrcrayfish.com/modupdatejson?id=configured
[02Sep2026 19:43:41.669] [Forge Version Check/WARN] [net.minecraftforge.fml.VersionChecker/]: Failed to process update information
com.google.gson.JsonSyntaxException: java.lang.IllegalStateException: Expected BEGIN_OBJECT but was STRING at line 1 column 1 path $
	at com.google.gson.Gson.fromJson(Gson.java:1226) ~[gson-2.10.jar%2372!/:?]
	at com.google.gson.Gson.fromJson(Gson.java:1124) ~[gson-2.10.jar%2372!/:?]
	at com.google.gson.Gson.fromJson(Gson.java:1034) ~[gson-2.10.jar%2372!/:?]
	at com.google.gson.Gson.fromJson(Gson.java:969) ~[gson-2.10.jar%2372!/:?]
	at net.minecraftforge.fml.VersionChecker$1.process(VersionChecker.java:186) ~[fmlcore-1.20.1-47.4.20.jar%23414!/:?]
	at java.lang.Iterable.forEach(Iterable.java:75) ~[?:?]
	at net.minecraftforge.fml.VersionChecker$1.run(VersionChecker.java:117) ~[fmlcore-1.20.1-47.4.20.jar%23414!/:?]
Caused by: java.lang.IllegalStateException: Expected BEGIN_OBJECT but was STRING at line 1 column 1 path $
	at com.google.gson.stream.JsonReader.beginObject(JsonReader.java:393) ~[gson-2.10.jar%2372!/:?]
	at com.google.gson.internal.bind.MapTypeAdapterFactory$Adapter.read(MapTypeAdapterFactory.java:182) ~[gson-2.10.jar%2372!/:?]
	at com.google.gson.internal.bind.MapTypeAdapterFactory$Adapter.read(MapTypeAdapterFactory.java:144) ~[gson-2.10.jar%2372!/:?]
	at com.google.gson.Gson.fromJson(Gson.java:1214) ~[gson-2.10.jar%2372!/:?]
	... 6 more
[02Sep2026 19:43:41.672] [Forge Version Check/INFO] [net.minecraftforge.fml.VersionChecker/]: [smoothboot] Starting version check at https://github.com/AbdElAziz333/SmoothBoot-Reloaded/raw/mc1.20.1/dev/updates.json
[02Sep2026 19:43:41.768] [Forge Version Check/WARN] [net.minecraftforge.fml.VersionChecker/]: Failed to process update information
com.google.gson.JsonSyntaxException: java.lang.IllegalStateException: Expected BEGIN_OBJECT but was STRING at line 9 column 1 path $
	at com.google.gson.Gson.fromJson(Gson.java:1226) ~[gson-2.10.jar%2372!/:?]
	at com.google.gson.Gson.fromJson(Gson.java:1124) ~[gson-2.10.jar%2372!/:?]
	at com.google.gson.Gson.fromJson(Gson.java:1034) ~[gson-2.10.jar%2372!/:?]
	at com.google.gson.Gson.fromJson(Gson.java:969) ~[gson-2.10.jar%2372!/:?]
	at net.minecraftforge.fml.VersionChecker$1.process(VersionChecker.java:186) ~[fmlcore-1.20.1-47.4.20.jar%23414!/:?]
	at java.lang.Iterable.forEach(Iterable.java:75) ~[?:?]
	at net.minecraftforge.fml.VersionChecker$1.run(VersionChecker.java:117) ~[fmlcore-1.20.1-47.4.20.jar%23414!/:?]
Caused by: java.lang.IllegalStateException: Expected BEGIN_OBJECT but was STRING at line 9 column 1 path $
	at com.google.gson.stream.JsonReader.beginObject(JsonReader.java:393) ~[gson-2.10.jar%2372!/:?]
	at com.google.gson.internal.bind.MapTypeAdapterFactory$Adapter.read(MapTypeAdapterFactory.java:182) ~[gson-2.10.jar%2372!/:?]
	at com.google.gson.internal.bind.MapTypeAdapterFactory$Adapter.read(MapTypeAdapterFactory.java:144) ~[gson-2.10.jar%2372!/:?]
	at com.google.gson.Gson.fromJson(Gson.java:1214) ~[gson-2.10.jar%2372!/:?]
	... 6 more
[02Sep2026 19:43:41.768] [Forge Version Check/INFO] [net.minecraftforge.fml.VersionChecker/]: [iceberg] Starting version check at https://mc-update-check.anthonyhilyard.com/520110
[02Sep2026 19:43:41.868] [Server thread/INFO] [net.minecraft.server.level.progress.LoggerChunkProgressListener/]: Preparing spawn area: 19%
[02Sep2026 19:43:42.076] [Server thread/WARN] [net.minecraft.network.syncher.SynchedEntityData/]: defineId called for: class forge.net.mca.entity.VillagerEntityMCA from class com.guilh.mca_vampirism_compat.visual.McaVampireVisualData
[02Sep2026 19:43:42.076] [Server thread/WARN] [net.minecraft.network.syncher.SynchedEntityData/]: defineId called for: class forge.net.mca.entity.VillagerEntityMCA from class com.guilh.mca_vampirism_compat.visual.McaVampireVisualData
[02Sep2026 19:43:42.319] [Server thread/INFO] [com.guilh.mca_vampirism_compat.McaVampirismCompat/]: Migrated MCA villager 30dfd644-0008-425b-916a-14d052e05606 from the 1.0.3 Forge state payload
[02Sep2026 19:43:42.355] [Server thread/INFO] [net.minecraft.server.level.progress.LoggerChunkProgressListener/]: Preparing spawn area: 41%
[02Sep2026 19:43:42.853] [Server thread/INFO] [net.minecraft.server.level.progress.LoggerChunkProgressListener/]: Preparing spawn area: 81%
[02Sep2026 19:43:43.299] [Server thread/INFO] [com.guilh.mca_vampirism_compat.McaVampirismCompat/]: Migrated MCA villager c153c9e9-d984-474c-af85-1e3114d3ffa0 from the 1.0.3 Forge state payload
[02Sep2026 19:43:43.397] [Server thread/INFO] [com.guilh.mca_vampirism_compat.McaVampirismCompat/]: Migrated MCA villager 0e93a0b4-46fb-4726-a874-4470cbebbd2d from the 1.0.3 Forge state payload
[02Sep2026 19:43:43.412] [Server thread/INFO] [com.guilh.mca_vampirism_compat.McaVampirismCompat/]: Migrated MCA villager df62fd1d-2b5a-4d39-978a-363846375aa3 from the 1.0.3 Forge state payload
[02Sep2026 19:43:43.446] [Server thread/INFO] [net.minecraft.server.level.progress.LoggerChunkProgressListener/]: Time elapsed: 4094 ms
[02Sep2026 19:43:43.446] [Server thread/INFO] [net.minecraft.server.dedicated.DedicatedServer/]: Done (6.092s)! For help, type "help"
[02Sep2026 19:43:43.590] [Server thread/INFO] [net.minecraftforge.server.permission.PermissionAPI/]: Successfully initialized permission handler forge:default_handler
[02Sep2026 19:43:43.607] [Server thread/INFO] [puffish_skills/]: [puffish_skills] Mod configuration loaded successfully!
[02Sep2026 19:43:43.686] [Server thread/INFO] [puffish_skills/]: [puffish_skills] Data pack `rpg_skill_trees` loaded successfully!
[02Sep2026 19:43:43.734] [Server thread/INFO] [net.normlroyal.descendedcore.DescendedCore/]: HELLO from server starting
[02Sep2026 19:43:43.734] [Server thread/INFO] [org.drakosha.corpsedragonsurvival.CorpseDragonSurvival/]: HELLO from server starting
[02Sep2026 19:43:43.735] [Server thread/INFO] [net.normlroyal.descendedangel.DescendedAngel/]: HELLO from server starting
[02Sep2026 19:43:43.742] [Server thread/INFO] [com.github.alexthe666.iceandfire.IceAndFire/]: {iceandfire:fire_dragon_roost=true, iceandfire:fire_lily=true, iceandfire:spawn_dragon_skeleton_fire=true, iceandfire:lightning_dragon_roost=true, iceandfire:spawn_dragon_skeleton_lightning=true, iceandfire:ice_dragon_roost=true, iceandfire:ice_dragon_cave=true, iceandfire:lightning_dragon_cave=true, iceandfire:cyclops_cave=true, iceandfire:spawn_wandering_cyclops=true, iceandfire:spawn_sea_serpent=true, iceandfire:frost_lily=true, iceandfire:hydra_cave=true, iceandfire:lightning_lily=true, iceandfire:pixie_village=true, iceandfire:myrmex_hive_jungle=true, iceandfire:myrmex_hive_desert=true, iceandfire:silver_ore=true, iceandfire:siren_island=true, iceandfire:spawn_dragon_skeleton_ice=true, iceandfire:spawn_stymphalian_bird=true, iceandfire:fire_dragon_cave=true, iceandfire:sapphire_ore=true, iceandfire:spawn_hippocampus=true, iceandfire:spawn_death_worm=true}
[02Sep2026 19:43:43.742] [Server thread/INFO] [com.github.alexthe666.iceandfire.IceAndFire/]: {TROLL_S=true, HIPPOGRYPH=true, AMPHITHERE=true, COCKATRICE=true, TROLL_M=true, DREAD_LICH=true, TROLL_F=true}
[02Sep2026 19:43:43.777] [Server thread/WARN] [dev.otectus.mcaquests.McaQuests/]: [MCA: Quests] 21 definition(s) cannot currently be finished with the loaded Townstead. They are hidden rather than offered; run '/mcaquests validate' for the list.
[02Sep2026 19:43:43.777] [Server thread/WARN] [dev.otectus.mcaquests.McaQuests/]: [MCA: Quests]   Quest 'mcaquests:relations_widow_memorial' is marked hard but every objective is possession or delivery; a hard quest should ask for something the player has to go and do.
[02Sep2026 19:43:43.778] [Server thread/WARN] [dev.otectus.mcaquests.McaQuests/]: [MCA: Quests]   Quest 'mcaquests:jobless_friendship_3_friend' is marked hard but every objective is possession or delivery; a hard quest should ask for something the player has to go and do.
[02Sep2026 19:43:43.778] [Server thread/WARN] [dev.otectus.mcaquests.McaQuests/]: [MCA: Quests]   Quest 'mcaquests:relations_sick_villager_remedy' is marked hard but every objective is possession or delivery; a hard quest should ask for something the player has to go and do.
[02Sep2026 19:43:43.778] [Server thread/WARN] [dev.otectus.mcaquests.McaQuests/]: [MCA: Quests]   Quest 'mcaquests:townstead_the_long_harvest': objective[0] asks minecraft:farmer to advance, but the loaded Townstead has no progression for that trade, so it could never finish.
[02Sep2026 19:43:43.778] [Server thread/WARN] [dev.otectus.mcaquests.McaQuests/]: [MCA: Quests]   Quest 'mcaquests:courting_3_meet_the_family' is marked hard but every objective is possession or delivery; a hard quest should ask for something the player has to go and do.
[02Sep2026 19:43:43.778] [Server thread/WARN] [dev.otectus.mcaquests.McaQuests/]: [MCA: Quests]   Quest 'mcaquests:guard_safety_3_militia' is marked hard but every objective is possession or delivery; a hard quest should ask for something the player has to go and do.
[02Sep2026 19:43:43.778] [Server thread/WARN] [dev.otectus.mcaquests.McaQuests/]: [MCA: Quests]   Quest 'mcaquests:courting_4_the_proposal' is marked hard but every objective is possession or delivery; a hard quest should ask for something the player has to go and do.
[02Sep2026 19:43:43.778] [Server thread/WARN] [dev.otectus.mcaquests.McaQuests/]: [MCA: Quests]   Quest 'mcaquests:townstead_the_winter_cure': objective[0] asks minecraft:butcher to advance, but the loaded Townstead has no progression for that trade, so it could never finish.
[02Sep2026 19:43:43.778] [Server thread/WARN] [dev.otectus.mcaquests.McaQuests/]: [MCA: Quests]   Quest 'mcaquests:mapmaker_expedition_3_frontier' is marked hard but every objective is possession or delivery; a hard quest should ask for something the player has to go and do.
[02Sep2026 19:43:43.778] [Server thread/WARN] [dev.otectus.mcaquests.McaQuests/]: [MCA: Quests]   Quest 'mcaquests:lost_child_3_homecoming' is marked hard but every objective is possession or delivery; a hard quest should ask for something the player has to go and do.
[02Sep2026 19:43:43.778] [Server thread/WARN] [dev.otectus.mcaquests.McaQuests/]: [MCA: Quests]   Quest 'mcaquests:farmer_family_4_feast' is marked hard but every objective is possession or delivery; a hard quest should ask for something the player has to go and do.
[02Sep2026 19:43:43.779] [Server thread/WARN] [dev.otectus.mcaquests.McaQuests/]: [MCA: Quests]   Quest 'mcaquests:townstead_the_whole_flock': objective[0] asks minecraft:shepherd to advance, but the loaded Townstead has no progression for that trade, so it could never finish.
[02Sep2026 19:43:43.779] [Server thread/WARN] [dev.otectus.mcaquests.McaQuests/]: [MCA: Quests]   Quest 'mcaquests:cleric_urgent_medicine' is marked hard but every objective is possession or delivery; a hard quest should ask for something the player has to go and do.
[02Sep2026 19:43:43.779] [Server thread/WARN] [dev.otectus.mcaquests.McaQuests/]: [MCA: Quests]   Quest 'mcaquests:feast_of_many_tables' is marked hard but every objective is possession or delivery; a hard quest should ask for something the player has to go and do.
[02Sep2026 19:43:43.779] [Server thread/WARN] [dev.otectus.mcaquests.McaQuests/]: [MCA: Quests]   Quest 'mcaquests:librarian_knowledge_3_share' is marked hard but every objective is possession or delivery; a hard quest should ask for something the player has to go and do.
[02Sep2026 19:43:43.779] [Server thread/WARN] [dev.otectus.mcaquests.McaQuests/]: [MCA: Quests]   Quest 'mcaquests:relations_anniversary_gift' is marked hard but every objective is possession or delivery; a hard quest should ask for something the player has to go and do.
[02Sep2026 19:43:43.779] [Server thread/WARN] [dev.otectus.mcaquests.McaQuests/]: [MCA: Quests]   Quest 'mcaquests:cleric_urgent_medicine_recovery' is marked hard but every objective is possession or delivery; a hard quest should ask for something the player has to go and do.
[02Sep2026 19:43:43.779] [Server thread/WARN] [dev.otectus.mcaquests.McaQuests/]: [MCA: Quests]   Project 'mcaquests:townstead_a_working_village' phase 'Optional[skilled_hands]' asks for tier 2 workers, but none of the professions it names can reach that tier in the loaded Townstead.
[02Sep2026 19:43:43.779] [Server thread/WARN] [dev.otectus.mcaquests.McaQuests/]: [MCA: Quests]   Project 'mcaquests:townstead_pastures_and_wool' phase 'Optional[shepherds_at_work]' asks for tier 2 workers, but none of the professions it names can reach that tier in the loaded Townstead.
[02Sep2026 19:43:43.779] [Server thread/WARN] [dev.otectus.mcaquests.McaQuests/]: [MCA: Quests]   Project 'mcaquests:townstead_apprentices_guild' phase 'Optional[trusted_workers]' asks for tier 2 workers, but none of the professions it names can reach that tier in the loaded Townstead.
[02Sep2026 19:43:43.779] [Server thread/WARN] [dev.otectus.mcaquests.McaQuests/]: [MCA: Quests]   Project 'mcaquests:townstead_apprentices_guild' phase 'Optional[one_master_many_hands]' asks for tier 3 workers, but none of the professions it names can reach that tier in the loaded Townstead.
[02Sep2026 19:43:43.801] [Server thread/INFO] [patchouli/]: Sending reload packet to clients
[02Sep2026 19:43:43.802] [Server thread/WARN] [ModernFix/]: Dedicated server took 64.447 seconds to load
[02Sep2026 19:43:56.773] [Forge Version Check/WARN] [net.minecraftforge.fml.VersionChecker/]: Failed to process update information
java.net.http.HttpConnectTimeoutException: HTTP connect timed out
	at jdk.internal.net.http.HttpClientImpl.send(HttpClientImpl.java:894) ~[java.net.http:?]
	at jdk.internal.net.http.HttpClientFacade.send(HttpClientFacade.java:133) ~[java.net.http:?]
	at net.minecraftforge.fml.VersionChecker$1.openUrlString(VersionChecker.java:142) ~[fmlcore-1.20.1-47.4.20.jar%23414!/:?]
	at net.minecraftforge.fml.VersionChecker$1.process(VersionChecker.java:180) ~[fmlcore-1.20.1-47.4.20.jar%23414!/:?]
	at java.lang.Iterable.forEach(Iterable.java:75) ~[?:?]
	at net.minecraftforge.fml.VersionChecker$1.run(VersionChecker.java:117) ~[fmlcore-1.20.1-47.4.20.jar%23414!/:?]
Caused by: java.net.http.HttpConnectTimeoutException: HTTP connect timed out
	at jdk.internal.net.http.ResponseTimerEvent.handle(ResponseTimerEvent.java:68) ~[java.net.http:?]
	at jdk.internal.net.http.HttpClientImpl.purgeTimeoutsAndReturnNextDeadline(HttpClientImpl.java:1693) ~[java.net.http:?]
	at jdk.internal.net.http.HttpClientImpl$SelectorManager.run(HttpClientImpl.java:1311) ~[java.net.http:?]
Caused by: java.net.ConnectException: HTTP connect timed out
	at jdk.internal.net.http.ResponseTimerEvent.handle(ResponseTimerEvent.java:69) ~[java.net.http:?]
	at jdk.internal.net.http.HttpClientImpl.purgeTimeoutsAndReturnNextDeadline(HttpClientImpl.java:1693) ~[java.net.http:?]
	at jdk.internal.net.http.HttpClientImpl$SelectorManager.run(HttpClientImpl.java:1311) ~[java.net.http:?]
[02Sep2026 19:45:45.144] [Server thread/WARN] [net.minecraft.stats.ServerStatsCounter/]: Invalid statistic in ./world/stats/cb7d0a21-a420-3229-b4ec-d66932681a27.json: Don't know what icarusrewinged:membrane_chain_mail_wings is
[02Sep2026 19:45:45.145] [Server thread/WARN] [net.minecraft.stats.ServerStatsCounter/]: Invalid statistic in ./world/stats/cb7d0a21-a420-3229-b4ec-d66932681a27.json: Don't know what icarusrewinged:membrane_chain_mail_wings is
[02Sep2026 19:45:45.146] [Server thread/WARN] [net.minecraft.stats.ServerStatsCounter/]: Invalid statistic in ./world/stats/cb7d0a21-a420-3229-b4ec-d66932681a27.json: Don't know what icarusrewinged:membrane_chain_mail_wings is
[02Sep2026 19:45:45.272] [Server thread/ERROR] [net.minecraft.stats.ServerRecipeBook/]: Tried to load unrecognized recipe: icarusrewinged:membrane/membrane_chain_mail_wings removed now.
[02Sep2026 19:45:45.274] [Server thread/ERROR] [net.minecraft.stats.ServerRecipeBook/]: Tried to load unrecognized recipe: icarusrewinged:membrane/membrane_chain_mail_wings removed now.
[02Sep2026 19:45:45.275] [Server thread/INFO] [net.minecraft.server.players.PlayerList/]: Frank3033[/127.25.144.206:44921] logged in with entity id 161 at (-254.16069436134646, 122.5, 318.335209490093)
[02Sep2026 19:45:45.472] [Server thread/INFO] [ModernFix/]: Using enhanced recipe sync for player Frank3033
[02Sep2026 19:45:45.538] [Server thread/INFO] [net.minecraft.server.MinecraftServer/]: Frank3033 joined the game
[02Sep2026 19:45:46.007] [Server thread/INFO] [Jade/]: Syncing config to Frank3033 (cb7d0a21-a420-3229-b4ec-d66932681a27)
[02Sep2026 19:45:46.435] [Server thread/INFO] [sleys.sl.datadriven.SLDataDrivenExtension/]: System integrity valid for Frank3033; proceeding...
[02Sep2026 19:45:46.649] [Server thread/INFO] [com.alrex.parcool.ParCool/]: Limitation of cb7d0a21-a420-3229-b4ec-d66932681a27 was loaded
[02Sep2026 19:45:46.651] [Server thread/INFO] [com.alrex.parcool.ParCool/]: Sent Server Limitation of [Frank3033]
[02Sep2026 19:45:46.651] [Server thread/INFO] [com.alrex.parcool.ParCool/]: Received Client Information of [Frank3033]
[02Sep2026 19:45:46.760] [Server thread/INFO] [com.guilh.mca_vampirism_compat.McaVampirismCompat/]: Migrated MCA villager 11ab98f6-4cff-4447-88d4-ed52c20c35dc from the 1.0.3 Forge state payload
[02Sep2026 19:45:46.771] [Server thread/INFO] [com.guilh.mca_vampirism_compat.McaVampirismCompat/]: Migrated MCA villager c09c51c4-5e88-4793-bad5-a2cc2c5d0c9c from the 1.0.3 Forge state payload
[02Sep2026 19:45:46.789] [Server thread/INFO] [com.guilh.mca_vampirism_compat.McaVampirismCompat/]: Migrated MCA villager d63f8d04-fd48-4a45-a910-be22aec92149 from the 1.0.3 Forge state payload
[02Sep2026 19:45:46.793] [Server thread/INFO] [com.guilh.mca_vampirism_compat.McaVampirismCompat/]: Migrated MCA villager 33e24b3c-14a6-4eef-a93b-807f57c6c7dd from the 1.0.3 Forge state payload
[02Sep2026 19:45:46.797] [Server thread/INFO] [com.guilh.mca_vampirism_compat.McaVampirismCompat/]: Migrated MCA villager fd8f3898-1321-44bf-8666-2f137cbcaede from the 1.0.3 Forge state payload
[02Sep2026 19:45:46.804] [Server thread/INFO] [com.guilh.mca_vampirism_compat.McaVampirismCompat/]: Migrated MCA villager 19269034-7548-4584-82a1-79e7f17edc53 from the 1.0.3 Forge state payload
[02Sep2026 19:45:46.824] [Server thread/INFO] [com.guilh.mca_vampirism_compat.McaVampirismCompat/]: Migrated MCA villager d8d1cf35-6fd7-4719-8b51-b11da4d09755 from the 1.0.3 Forge state payload
[02Sep2026 19:45:46.926] [Server thread/INFO] [com.guilh.mca_vampirism_compat.McaVampirismCompat/]: Migrated MCA villager 14fe5b5d-6744-457d-ae13-6f6eea84d353 from the 1.0.3 Forge state payload
[02Sep2026 19:45:46.931] [Server thread/INFO] [com.guilh.mca_vampirism_compat.McaVampirismCompat/]: Migrated MCA villager 64cfcd5b-3acf-4c5e-8275-5a9a400ca16c from the 1.0.3 Forge state payload
[02Sep2026 19:45:47.134] [Server thread/INFO] [com.guilh.mca_vampirism_compat.McaVampirismCompat/]: Migrated MCA villager ce9feaa1-093f-40a0-bbb9-cc16a1831741 from the 1.0.3 Forge state payload
[02Sep2026 19:45:47.199] [Server thread/INFO] [com.guilh.mca_vampirism_compat.McaVampirismCompat/]: Migrated MCA villager 96510146-ce28-4304-bd0e-66ea63a708dc from the 1.0.3 Forge state payload
[02Sep2026 19:45:47.256] [Server thread/INFO] [com.guilh.mca_vampirism_compat.McaVampirismCompat/]: Migrated MCA villager 9e37dd16-7d1c-42a2-9b26-586bf5630284 from the 1.0.3 Forge state payload
[02Sep2026 19:45:47.304] [Server thread/INFO] [com.guilh.mca_vampirism_compat.McaVampirismCompat/]: Migrated MCA villager 9a9c87e4-2c4a-4410-8b2a-800da9e4a718 from the 1.0.3 Forge state payload
[02Sep2026 19:45:47.315] [Server thread/INFO] [com.guilh.mca_vampirism_compat.McaVampirismCompat/]: Migrated MCA villager 160511b3-e482-4da6-9d5c-3d7fa6a361db from the 1.0.3 Forge state payload
[02Sep2026 19:45:47.319] [Server thread/INFO] [com.guilh.mca_vampirism_compat.McaVampirismCompat/]: Migrated MCA villager 8208ea62-254f-4bb0-b2fa-7d6366a49482 from the 1.0.3 Forge state payload
[02Sep2026 19:45:47.323] [Server thread/INFO] [com.guilh.mca_vampirism_compat.McaVampirismCompat/]: Migrated MCA villager c7deaefa-8ac9-49f4-9cee-c9bb857be81a from the 1.0.3 Forge state payload
[02Sep2026 19:45:47.326] [Server thread/INFO] [com.guilh.mca_vampirism_compat.McaVampirismCompat/]: Migrated MCA villager b6616ef3-9883-4806-9d1a-40c27d986c0a from the 1.0.3 Forge state payload
[02Sep2026 19:45:47.332] [Server thread/INFO] [com.guilh.mca_vampirism_compat.McaVampirismCompat/]: Migrated MCA villager a2e300a4-487e-4c6d-a66c-78803ec8a31b from the 1.0.3 Forge state payload
[02Sep2026 19:45:47.336] [Server thread/INFO] [com.guilh.mca_vampirism_compat.McaVampirismCompat/]: Migrated MCA villager d8dd5924-9966-4a8a-b0fa-15750137d4e9 from the 1.0.3 Forge state payload
[02Sep2026 19:45:47.339] [Server thread/INFO] [com.guilh.mca_vampirism_compat.McaVampirismCompat/]: Migrated MCA villager f70e5ab6-cc73-40cd-afe0-e8bd8b5aae37 from the 1.0.3 Forge state payload
[02Sep2026 19:45:47.350] [Server thread/INFO] [com.guilh.mca_vampirism_compat.McaVampirismCompat/]: Migrated MCA villager e7f9fe00-3851-4f36-89e9-ec673559e65e from the 1.0.3 Forge state payload
[02Sep2026 19:45:47.577] [Server thread/INFO] [com.guilh.mca_vampirism_compat.McaVampirismCompat/]: Migrated MCA villager 5884a55c-f8d6-4c88-90b4-179fab846c10 from the 1.0.3 Forge state payload
[02Sep2026 19:45:47.580] [Server thread/INFO] [com.guilh.mca_vampirism_compat.McaVampirismCompat/]: Migrated MCA villager 7741c1ac-04e1-4376-a747-bf5f3e21e274 from the 1.0.3 Forge state payload
[02Sep2026 19:45:47.583] [Server thread/INFO] [com.guilh.mca_vampirism_compat.McaVampirismCompat/]: Migrated MCA villager ef2b3d5e-585b-41ad-a4b7-ced2342f185f from the 1.0.3 Forge state payload
[02Sep2026 19:45:51.273] [Server thread/WARN] [net.minecraft.server.MinecraftServer/]: Can't keep up! Is the server overloaded? Running 2019ms or 40 ticks behind
[02Sep2026 19:46:09.315] [Server thread/WARN] [net.minecraft.server.MinecraftServer/]: Can't keep up! Is the server overloaded? Running 3061ms or 61 ticks behind
[02Sep2026 19:46:17.128] [Server thread/INFO] [net.minecraft.server.network.ServerGamePacketListenerImpl/]: Frank3033 lost connection: Disconnected
[02Sep2026 19:46:17.129] [Server thread/INFO] [net.minecraft.server.MinecraftServer/]: Frank3033 left the game
[02Sep2026 19:46:17.147] [Server thread/INFO] [com.alrex.parcool.ParCool/]: Limitation of cb7d0a21-a420-3229-b4ec-d66932681a27 was unloaded
[02Sep2026 19:48:20.929] [Server thread/INFO] [net.minecraft.server.players.PlayerList/]: Frank3033[/127.25.144.206:36287] logged in with entity id 748 at (-254.16069436134646, 122.5, 318.335209490093)
[02Sep2026 19:48:20.964] [Server thread/INFO] [ModernFix/]: Using enhanced recipe sync for player Frank3033
[02Sep2026 19:48:20.993] [Server thread/INFO] [net.minecraft.server.MinecraftServer/]: Frank3033 joined the game
[02Sep2026 19:48:21.106] [Server thread/INFO] [Jade/]: Syncing config to Frank3033 (cb7d0a21-a420-3229-b4ec-d66932681a27)
[02Sep2026 19:48:21.291] [Server thread/INFO] [com.guilh.mca_vampirism_compat.McaVampirismCompat/]: Migrated MCA villager 64cfcd5b-3acf-4c5e-8275-5a9a400ca16c from the 1.0.3 Forge state payload
[02Sep2026 19:48:21.293] [Server thread/INFO] [com.guilh.mca_vampirism_compat.McaVampirismCompat/]: Migrated MCA villager 11ab98f6-4cff-4447-88d4-ed52c20c35dc from the 1.0.3 Forge state payload
[02Sep2026 19:48:21.309] [Server thread/INFO] [com.guilh.mca_vampirism_compat.McaVampirismCompat/]: Migrated MCA villager fd8f3898-1321-44bf-8666-2f137cbcaede from the 1.0.3 Forge state payload
[02Sep2026 19:48:21.330] [Server thread/INFO] [com.guilh.mca_vampirism_compat.McaVampirismCompat/]: Migrated MCA villager 14fe5b5d-6744-457d-ae13-6f6eea84d353 from the 1.0.3 Forge state payload
[02Sep2026 19:48:21.338] [Server thread/INFO] [com.guilh.mca_vampirism_compat.McaVampirismCompat/]: Migrated MCA villager 96510146-ce28-4304-bd0e-66ea63a708dc from the 1.0.3 Forge state payload
[02Sep2026 19:48:21.351] [Server thread/INFO] [com.guilh.mca_vampirism_compat.McaVampirismCompat/]: Migrated MCA villager 19269034-7548-4584-82a1-79e7f17edc53 from the 1.0.3 Forge state payload
[02Sep2026 19:48:21.355] [Server thread/INFO] [com.guilh.mca_vampirism_compat.McaVampirismCompat/]: Migrated MCA villager d8dd5924-9966-4a8a-b0fa-15750137d4e9 from the 1.0.3 Forge state payload
[02Sep2026 19:48:21.358] [Server thread/INFO] [com.guilh.mca_vampirism_compat.McaVampirismCompat/]: Migrated MCA villager 8208ea62-254f-4bb0-b2fa-7d6366a49482 from the 1.0.3 Forge state payload
[02Sep2026 19:48:21.440] [Server thread/INFO] [com.guilh.mca_vampirism_compat.McaVampirismCompat/]: Migrated MCA villager ce9feaa1-093f-40a0-bbb9-cc16a1831741 from the 1.0.3 Forge state payload
[02Sep2026 19:48:21.449] [Server thread/INFO] [com.guilh.mca_vampirism_compat.McaVampirismCompat/]: Migrated MCA villager c09c51c4-5e88-4793-bad5-a2cc2c5d0c9c from the 1.0.3 Forge state payload
[02Sep2026 19:48:21.495] [Server thread/INFO] [com.guilh.mca_vampirism_compat.McaVampirismCompat/]: Migrated MCA villager 9e37dd16-7d1c-42a2-9b26-586bf5630284 from the 1.0.3 Forge state payload
[02Sep2026 19:48:21.510] [Server thread/INFO] [com.guilh.mca_vampirism_compat.McaVampirismCompat/]: Migrated MCA villager 9a9c87e4-2c4a-4410-8b2a-800da9e4a718 from the 1.0.3 Forge state payload
[02Sep2026 19:48:21.515] [Server thread/INFO] [com.guilh.mca_vampirism_compat.McaVampirismCompat/]: Migrated MCA villager 160511b3-e482-4da6-9d5c-3d7fa6a361db from the 1.0.3 Forge state payload
[02Sep2026 19:48:21.518] [Server thread/INFO] [com.guilh.mca_vampirism_compat.McaVampirismCompat/]: Migrated MCA villager b6616ef3-9883-4806-9d1a-40c27d986c0a from the 1.0.3 Forge state payload
[02Sep2026 19:48:21.521] [Server thread/INFO] [com.guilh.mca_vampirism_compat.McaVampirismCompat/]: Migrated MCA villager 33e24b3c-14a6-4eef-a93b-807f57c6c7dd from the 1.0.3 Forge state payload
[02Sep2026 19:48:21.525] [Server thread/INFO] [com.guilh.mca_vampirism_compat.McaVampirismCompat/]: Migrated MCA villager f70e5ab6-cc73-40cd-afe0-e8bd8b5aae37 from the 1.0.3 Forge state payload
[02Sep2026 19:48:21.528] [Server thread/INFO] [com.guilh.mca_vampirism_compat.McaVampirismCompat/]: Migrated MCA villager d63f8d04-fd48-4a45-a910-be22aec92149 from the 1.0.3 Forge state payload
[02Sep2026 19:48:21.570] [Server thread/INFO] [com.guilh.mca_vampirism_compat.McaVampirismCompat/]: Migrated MCA villager e7f9fe00-3851-4f36-89e9-ec673559e65e from the 1.0.3 Forge state payload
[02Sep2026 19:48:21.573] [Server thread/INFO] [com.guilh.mca_vampirism_compat.McaVampirismCompat/]: Migrated MCA villager c7deaefa-8ac9-49f4-9cee-c9bb857be81a from the 1.0.3 Forge state payload
[02Sep2026 19:48:21.575] [Server thread/INFO] [com.guilh.mca_vampirism_compat.McaVampirismCompat/]: Migrated MCA villager d8d1cf35-6fd7-4719-8b51-b11da4d09755 from the 1.0.3 Forge state payload
[02Sep2026 19:48:21.577] [Server thread/INFO] [com.guilh.mca_vampirism_compat.McaVampirismCompat/]: Migrated MCA villager a2e300a4-487e-4c6d-a66c-78803ec8a31b from the 1.0.3 Forge state payload
[02Sep2026 19:48:21.751] [Server thread/INFO] [com.guilh.mca_vampirism_compat.McaVampirismCompat/]: Migrated MCA villager 7741c1ac-04e1-4376-a747-bf5f3e21e274 from the 1.0.3 Forge state payload
[02Sep2026 19:48:21.755] [Server thread/INFO] [com.guilh.mca_vampirism_compat.McaVampirismCompat/]: Migrated MCA villager ef2b3d5e-585b-41ad-a4b7-ced2342f185f from the 1.0.3 Forge state payload
[02Sep2026 19:48:21.758] [Server thread/INFO] [com.guilh.mca_vampirism_compat.McaVampirismCompat/]: Migrated MCA villager 5884a55c-f8d6-4c88-90b4-179fab846c10 from the 1.0.3 Forge state payload
[02Sep2026 19:48:22.005] [Server thread/INFO] [sleys.sl.datadriven.SLDataDrivenExtension/]: System integrity valid for Frank3033; proceeding...
[02Sep2026 19:48:22.122] [Server thread/INFO] [com.alrex.parcool.ParCool/]: Limitation of cb7d0a21-a420-3229-b4ec-d66932681a27 was loaded
[02Sep2026 19:48:22.123] [Server thread/INFO] [com.alrex.parcool.ParCool/]: Sent Server Limitation of [Frank3033]
[02Sep2026 19:48:22.123] [Server thread/INFO] [com.alrex.parcool.ParCool/]: Received Client Information of [Frank3033]
[02Sep2026 19:51:01.989] [Server thread/INFO] [net.minecraft.server.MinecraftServer/]: Frank3033 has reached the goal [Dark Creator]
[02Sep2026 19:51:19.781] [Server thread/INFO] [fastsuite/]: Constructed recipe list for minecraft:crafting in 4.377 ms. 5156/5222 recipes are parallelized.
[02Sep2026 19:51:24.778] [Server thread/INFO] [net.minecraft.server.MinecraftServer/]: Frank3033 has made the advancement [Dark Metallurgy]
[02Sep2026 19:52:00.370] [Server thread/INFO] [net.minecraft.world.entity.npc.Villager/]: Villager ConvertedVillagerEntityMCA['Natalie'/822, l='ServerLevel[world]', x=-297.48, y=107.00, z=324.10] died, message: 'Natalie was slain by Door Knight'
[02Sep2026 19:52:00.397] [Server thread/INFO] [net.minecraft.world.entity.LivingEntity/]: Named entity ConvertedVillagerEntityMCA['Natalie'/822, l='ServerLevel[world]', x=-297.48, y=107.00, z=324.10] died: Natalie was slain by Door Knight
[02Sep2026 20:06:21.722] [Server thread/INFO] [net.minecraft.world.entity.LivingEntity/]: Named entity Skeleton['Melody the Supreme'/5717, l='ServerLevel[world]', x=-320.04, y=110.00, z=389.71] died: Melody the Supreme was slain by Dread Ghoul
[02Sep2026 20:10:43.420] [Server thread/INFO] [net.minecraft.world.entity.npc.Villager/]: Villager ConvertedVillagerEntityMCA['Fokje'/900, l='ServerLevel[world]', x=-236.55, y=107.31, z=314.88] died, message: 'Fokje was slain by Dread Ghoul'
[02Sep2026 20:10:43.422] [Server thread/INFO] [net.minecraft.world.entity.LivingEntity/]: Named entity ConvertedVillagerEntityMCA['Fokje'/900, l='ServerLevel[world]', x=-236.55, y=107.31, z=314.88] died: Fokje was slain by Dread Ghoul
[02Sep2026 20:11:09.874] [Server thread/INFO] [net.minecraft.world.entity.npc.Villager/]: Villager ConvertedVillagerEntityMCA['Iris'/763, l='ServerLevel[world]', x=-250.66, y=114.25, z=319.04] died, message: 'Iris was slain by Dread Ghoul'
[02Sep2026 20:11:09.875] [Server thread/INFO] [net.minecraft.world.entity.LivingEntity/]: Named entity ConvertedVillagerEntityMCA['Iris'/763, l='ServerLevel[world]', x=-250.66, y=114.25, z=319.04] died: Iris was slain by Dread Ghoul
[02Sep2026 20:11:15.990] [Server thread/INFO] [net.minecraft.world.entity.npc.Villager/]: Villager ConvertedVillagerEntityMCA['Gerke'/777, l='ServerLevel[world]', x=-211.23, y=111.18, z=286.12] died, message: 'Gerke was slain by Vampire'
[02Sep2026 20:11:15.992] [Server thread/INFO] [net.minecraft.world.entity.LivingEntity/]: Named entity ConvertedVillagerEntityMCA['Gerke'/777, l='ServerLevel[world]', x=-211.23, y=111.18, z=286.12] died: Gerke was slain by Vampire
[02Sep2026 20:11:29.822] [Server thread/INFO] [net.minecraft.world.entity.npc.Villager/]: Villager ConvertedVillagerEntityMCA['Angela'/6900, l='ServerLevel[world]', x=-210.36, y=110.00, z=290.80] died, message: 'Angela was slain by Vampire'
[02Sep2026 20:12:10.774] [Server thread/INFO] [net.minecraft.world.entity.npc.Villager/]: Villager ConvertedVillagerEntityMCA['Arie'/880, l='ServerLevel[world]', x=-234.08, y=108.00, z=338.90] died, message: 'Arie was slain by Decaying Zombie'
[02Sep2026 20:12:10.776] [Server thread/INFO] [net.minecraft.world.entity.LivingEntity/]: Named entity ConvertedVillagerEntityMCA['Arie'/880, l='ServerLevel[world]', x=-234.08, y=108.00, z=338.90] died: Arie was slain by Decaying Zombie
[02Sep2026 20:13:06.419] [Server thread/INFO] [net.minecraft.world.entity.npc.Villager/]: Villager VillagerEntityMCA['George'/6949, l='ServerLevel[world]', x=-275.27, y=108.56, z=336.16] died, message: 'George was slain by Dread Ghoul'
[02Sep2026 20:13:08.934] [Server thread/INFO] [net.minecraft.world.entity.npc.Villager/]: Villager VillagerEntityMCA['Helma'/834, l='ServerLevel[world]', x=-273.80, y=109.00, z=333.72] died, message: 'Helma was slain by Dread Ghoul'
[02Sep2026 20:13:08.935] [Server thread/INFO] [net.minecraft.world.entity.LivingEntity/]: Named entity VillagerEntityMCA['Helma'/834, l='ServerLevel[world]', x=-273.80, y=109.00, z=333.72] died: Helma was slain by Dread Ghoul
[02Sep2026 20:13:23.166] [Server thread/INFO] [net.minecraft.world.entity.npc.Villager/]: Villager VillagerEntityMCA['Bob'/2302, l='ServerLevel[world]', x=-270.45, y=109.00, z=326.50] died, message: 'Bob was slain by Dread Ghoul'
[02Sep2026 20:13:27.967] [Server thread/INFO] [net.minecraft.world.entity.npc.Villager/]: Villager VillagerEntityMCA['Marlene'/7119, l='ServerLevel[world]', x=-249.11, y=108.31, z=327.86] died, message: 'Marlene was slain by Dread Ghoul'
[02Sep2026 20:23:27.366] [Server thread/INFO] [net.minecraft.world.entity.npc.Villager/]: Villager ConvertedVillagerEntityMCA['Rens'/7439, l='ServerLevel[world]', x=-272.30, y=108.31, z=334.44] died, message: 'Rens was slain by Dread Ghoul'
[02Sep2026 20:25:14.381] [Server thread/WARN] [net.minecraft.stats.ServerStatsCounter/]: Invalid statistic in ./world/stats/d55d7538-5f23-3031-911c-6d368c91a231.json: Don't know what icarusrewinged:membrane_chain_mail_wings is
[02Sep2026 20:25:14.382] [Server thread/WARN] [net.minecraft.stats.ServerStatsCounter/]: Invalid statistic in ./world/stats/d55d7538-5f23-3031-911c-6d368c91a231.json: Don't know what icarusrewinged:membrane_chain_mail_wings is
[02Sep2026 20:25:14.404] [Server thread/INFO] [net.minecraft.server.players.PlayerList/]: Sahankiel071727[/127.189.196.10:44365] logged in with entity id 9580 at (-1773.6693438254397, 69.0, -194.82065055799754)
[02Sep2026 20:25:14.431] [Server thread/INFO] [ModernFix/]: Using enhanced recipe sync for player Sahankiel071727
[02Sep2026 20:25:14.434] [Server thread/INFO] [net.minecraft.server.MinecraftServer/]: Sahankiel071727 joined the game
[02Sep2026 20:25:14.535] [Server thread/INFO] [Jade/]: Syncing config to Sahankiel071727 (d55d7538-5f23-3031-911c-6d368c91a231)
[02Sep2026 20:25:15.107] [Server thread/INFO] [com.guilh.mca_vampirism_compat.McaVampirismCompat/]: Migrated MCA villager bda15894-310a-4ed6-85f3-a6b750ddf211 from the 1.0.3 Forge state payload
[02Sep2026 20:25:15.629] [Server thread/INFO] [sleys.sl.datadriven.SLDataDrivenExtension/]: System integrity valid for Sahankiel071727; proceeding...
[02Sep2026 20:25:15.687] [Server thread/INFO] [com.alrex.parcool.ParCool/]: Limitation of d55d7538-5f23-3031-911c-6d368c91a231 was loaded
[02Sep2026 20:25:15.687] [Server thread/INFO] [com.alrex.parcool.ParCool/]: Sent Server Limitation of [Sahankiel071727]
[02Sep2026 20:25:15.687] [Server thread/INFO] [com.alrex.parcool.ParCool/]: Received Client Information of [Sahankiel071727]
[02Sep2026 20:25:15.845] [Server thread/INFO] [com.guilh.mca_vampirism_compat.McaVampirismCompat/]: Migrated MCA villager 8bce6c10-c2a8-4d06-9dc9-eab27cb0e59e from the 1.0.3 Forge state payload
[02Sep2026 20:25:16.301] [Server thread/INFO] [com.guilh.mca_vampirism_compat.McaVampirismCompat/]: Migrated MCA villager 17fdb261-8306-4de2-9fa1-caa7afb31db3 from the 1.0.3 Forge state payload
[02Sep2026 20:25:16.303] [Server thread/INFO] [com.guilh.mca_vampirism_compat.McaVampirismCompat/]: Migrated MCA villager bf9d4b65-5312-4097-9171-d46e6ebb5a0f from the 1.0.3 Forge state payload
[02Sep2026 20:25:16.573] [Server thread/INFO] [com.guilh.mca_vampirism_compat.McaVampirismCompat/]: Migrated MCA villager 353cd5a1-71e9-417a-a52e-6b4f7c03d2b8 from the 1.0.3 Forge state payload
[02Sep2026 20:25:16.575] [Server thread/INFO] [com.guilh.mca_vampirism_compat.McaVampirismCompat/]: Migrated MCA villager 66bd92a9-6d40-4e73-b7f4-ac4f6bcb2add from the 1.0.3 Forge state payload
[02Sep2026 20:25:16.576] [Server thread/INFO] [com.guilh.mca_vampirism_compat.McaVampirismCompat/]: Migrated MCA villager 35474151-b271-47b6-b0cd-70f5ec820bdc from the 1.0.3 Forge state payload
[02Sep2026 20:25:16.578] [Server thread/INFO] [com.guilh.mca_vampirism_compat.McaVampirismCompat/]: Migrated MCA villager 62e508de-8dd8-4498-95b0-e04346559ee2 from the 1.0.3 Forge state payload
[02Sep2026 20:25:16.581] [Server thread/INFO] [com.guilh.mca_vampirism_compat.McaVampirismCompat/]: Migrated MCA villager e8fed025-c541-4d56-83f8-bba92912c9d2 from the 1.0.3 Forge state payload
[02Sep2026 20:25:16.583] [Server thread/INFO] [com.guilh.mca_vampirism_compat.McaVampirismCompat/]: Migrated MCA villager f2b001e8-c578-453b-a0e4-303dd52bd42f from the 1.0.3 Forge state payload
[02Sep2026 20:25:16.585] [Server thread/INFO] [com.guilh.mca_vampirism_compat.McaVampirismCompat/]: Migrated MCA villager efa7dec6-0e68-462c-9894-6a534ec800df from the 1.0.3 Forge state payload
[02Sep2026 20:25:16.588] [Server thread/INFO] [com.guilh.mca_vampirism_compat.McaVampirismCompat/]: Migrated MCA villager cbd220da-72c6-40ed-9e60-74ee8b92c3e7 from the 1.0.3 Forge state payload
[02Sep2026 20:25:16.591] [Server thread/INFO] [com.guilh.mca_vampirism_compat.McaVampirismCompat/]: Migrated MCA villager f6fc6269-110e-4c43-b207-c7ef0b6f40e6 from the 1.0.3 Forge state payload
[02Sep2026 20:25:16.593] [Server thread/INFO] [com.guilh.mca_vampirism_compat.McaVampirismCompat/]: Migrated MCA villager b35b8239-3847-422c-a2c9-5a2e230711a3 from the 1.0.3 Forge state payload
[02Sep2026 20:25:16.595] [Server thread/INFO] [com.guilh.mca_vampirism_compat.McaVampirismCompat/]: Migrated MCA villager 3ff00d70-5839-4127-8db3-8811ec885944 from the 1.0.3 Forge state payload
[02Sep2026 20:25:16.597] [Server thread/INFO] [com.guilh.mca_vampirism_compat.McaVampirismCompat/]: Migrated MCA villager f1cb8f4f-22ab-4100-aa6c-ee202e10557d from the 1.0.3 Forge state payload
[02Sep2026 20:25:16.599] [Server thread/INFO] [com.guilh.mca_vampirism_compat.McaVampirismCompat/]: Migrated MCA villager ebf56d95-4abf-4c30-86a2-6fb3c9a993a4 from the 1.0.3 Forge state payload
[02Sep2026 20:25:16.601] [Server thread/INFO] [com.guilh.mca_vampirism_compat.McaVampirismCompat/]: Migrated MCA villager a87cd8a5-c4c2-4506-815f-34242cb67cb5 from the 1.0.3 Forge state payload
[02Sep2026 20:25:16.602] [Server thread/INFO] [com.guilh.mca_vampirism_compat.McaVampirismCompat/]: Migrated MCA villager aa1b8ee1-366f-4ff0-9f34-8c793868413b from the 1.0.3 Forge state payload
[02Sep2026 20:25:16.604] [Server thread/INFO] [com.guilh.mca_vampirism_compat.McaVampirismCompat/]: Migrated MCA villager c3573b2a-5335-4670-ad8c-1a800d00af45 from the 1.0.3 Forge state payload
[02Sep2026 20:25:16.606] [Server thread/INFO] [com.guilh.mca_vampirism_compat.McaVampirismCompat/]: Migrated MCA villager 2ecf4a67-bc32-4dcd-a12d-94605359f377 from the 1.0.3 Forge state payload
[02Sep2026 20:25:16.609] [Server thread/INFO] [com.guilh.mca_vampirism_compat.McaVampirismCompat/]: Migrated MCA villager 4b6bd7fd-0bfc-423e-ae6a-9e0f094a9d5d from the 1.0.3 Forge state payload
[02Sep2026 20:25:16.611] [Server thread/INFO] [com.guilh.mca_vampirism_compat.McaVampirismCompat/]: Migrated MCA villager 658763ca-2045-4469-a247-122ebef1e881 from the 1.0.3 Forge state payload
[02Sep2026 20:25:16.612] [Server thread/INFO] [com.guilh.mca_vampirism_compat.McaVampirismCompat/]: Migrated MCA villager 3bb047bc-7a28-4020-8254-2dddfde01133 from the 1.0.3 Forge state payload
[02Sep2026 20:25:16.727] [Server thread/INFO] [com.guilh.mca_vampirism_compat.McaVampirismCompat/]: Migrated MCA villager 069479b6-a643-4e38-8df3-78b5df14754d from the 1.0.3 Forge state payload
[02Sep2026 20:25:20.754] [Server thread/INFO] [com.guilh.mca_vampirism_compat.McaVampirismCompat/]: Migrated MCA villager 66493276-9556-45aa-9428-519d3a9dc7dd from the 1.0.3 Forge state payload
[02Sep2026 20:25:50.415] [Server thread/INFO] [net.minecraft.world.entity.npc.Villager/]: Villager VillagerEntityMCA['Wessel'/761, l='ServerLevel[world]', x=-236.22, y=107.31, z=316.35] died, message: 'Wessel was slain by Dread Ghoul'
[02Sep2026 20:25:50.416] [Server thread/INFO] [net.minecraft.world.entity.LivingEntity/]: Named entity VillagerEntityMCA['Wessel'/761, l='ServerLevel[world]', x=-236.22, y=107.31, z=316.35] died: Wessel was slain by Dread Ghoul
[02Sep2026 20:26:13.282] [Server thread/INFO] [net.minecraft.world.entity.npc.Villager/]: Villager VillagerEntityMCA['Fons'/10261, l='ServerLevel[world]', x=-271.49, y=108.00, z=335.53] died, message: 'Fons was slain by Dread Ghoul'
[02Sep2026 20:27:23.462] [Server thread/INFO] [com.guilh.mca_vampirism_compat.McaVampirismCompat/]: Migrated MCA villager eb0538fd-3a8a-4fcd-a358-90f755dee8f2 from the 1.0.3 Forge state payload
[02Sep2026 20:27:23.646] [Server thread/INFO] [com.guilh.mca_vampirism_compat.McaVampirismCompat/]: Migrated MCA villager 32f97be6-8310-470a-b66f-fbe8d97b6843 from the 1.0.3 Forge state payload
[02Sep2026 20:27:26.130] [Server thread/INFO] [com.guilh.mca_vampirism_compat.McaVampirismCompat/]: Migrated MCA villager fe27847f-b1be-4653-ae09-faaa9f94c6fe from the 1.0.3 Forge state payload
[02Sep2026 20:27:26.133] [Server thread/INFO] [com.guilh.mca_vampirism_compat.McaVampirismCompat/]: Migrated MCA villager bcfaa19b-a3f3-4f73-81c0-4428898efe8b from the 1.0.3 Forge state payload
[02Sep2026 20:27:26.135] [Server thread/INFO] [com.guilh.mca_vampirism_compat.McaVampirismCompat/]: Migrated MCA villager bbc65648-0d04-4f8c-8a18-7fc16682f9b9 from the 1.0.3 Forge state payload
[02Sep2026 20:27:26.137] [Server thread/INFO] [com.guilh.mca_vampirism_compat.McaVampirismCompat/]: Migrated MCA villager 63f56b96-749e-43b1-8a5a-c84a85d293fa from the 1.0.3 Forge state payload
[02Sep2026 20:27:26.139] [Server thread/INFO] [com.guilh.mca_vampirism_compat.McaVampirismCompat/]: Migrated MCA villager 129c0a8c-83ca-41f7-a570-f089051c7591 from the 1.0.3 Forge state payload
[02Sep2026 20:27:26.141] [Server thread/INFO] [com.guilh.mca_vampirism_compat.McaVampirismCompat/]: Migrated MCA villager 4328e35a-7788-445d-953a-303ffbcf8f17 from the 1.0.3 Forge state payload
[02Sep2026 20:27:26.143] [Server thread/INFO] [com.guilh.mca_vampirism_compat.McaVampirismCompat/]: Migrated MCA villager 6af7c1c0-0451-49e3-bfee-ee49728ab01d from the 1.0.3 Forge state payload
[02Sep2026 20:27:26.145] [Server thread/INFO] [com.guilh.mca_vampirism_compat.McaVampirismCompat/]: Migrated MCA villager 7ed7ba29-38ce-4435-940d-f82ab50c2f11 from the 1.0.3 Forge state payload
[02Sep2026 20:27:26.147] [Server thread/INFO] [com.guilh.mca_vampirism_compat.McaVampirismCompat/]: Migrated MCA villager f62dee4e-4f12-4915-ac97-4859dcacf8ac from the 1.0.3 Forge state payload
[02Sep2026 20:27:26.149] [Server thread/INFO] [com.guilh.mca_vampirism_compat.McaVampirismCompat/]: Migrated MCA villager 53c0609e-0360-40cb-864e-544fca91bc7a from the 1.0.3 Forge state payload
[02Sep2026 20:27:26.150] [Server thread/INFO] [com.guilh.mca_vampirism_compat.McaVampirismCompat/]: Migrated MCA villager 69d8d6b5-befc-4162-b00c-6546646eea5a from the 1.0.3 Forge state payload
[02Sep2026 20:27:26.152] [Server thread/INFO] [com.guilh.mca_vampirism_compat.McaVampirismCompat/]: Migrated MCA villager f7be341c-b60a-4e7f-a6f8-1fa7bc9d081d from the 1.0.3 Forge state payload
[02Sep2026 20:27:26.155] [Server thread/INFO] [com.guilh.mca_vampirism_compat.McaVampirismCompat/]: Migrated MCA villager 6ce2dee0-846b-4990-9f01-46f8cf7b2bdd from the 1.0.3 Forge state payload
[02Sep2026 20:27:26.157] [Server thread/INFO] [com.guilh.mca_vampirism_compat.McaVampirismCompat/]: Migrated MCA villager dbad992d-6cf7-469e-a826-2041a64b323f from the 1.0.3 Forge state payload
[02Sep2026 20:27:26.159] [Server thread/INFO] [com.guilh.mca_vampirism_compat.McaVampirismCompat/]: Migrated MCA villager 3072b684-f999-460a-8818-ac4a81f903b8 from the 1.0.3 Forge state payload
[02Sep2026 20:27:26.163] [Server thread/INFO] [com.guilh.mca_vampirism_compat.McaVampirismCompat/]: Migrated MCA villager 8d6bc6c0-85dc-4dc1-9e93-341981a04fde from the 1.0.3 Forge state payload
[02Sep2026 20:27:26.767] [Server thread/INFO] [com.guilh.mca_vampirism_compat.McaVampirismCompat/]: Migrated MCA villager e1cef044-35e6-44c6-b92b-fa0466f750ca from the 1.0.3 Forge state payload
[02Sep2026 20:27:26.769] [Server thread/INFO] [com.guilh.mca_vampirism_compat.McaVampirismCompat/]: Migrated MCA villager 7677c88e-2653-4c0e-ba36-43ba458e782a from the 1.0.3 Forge state payload
[02Sep2026 20:27:26.771] [Server thread/INFO] [com.guilh.mca_vampirism_compat.McaVampirismCompat/]: Migrated MCA villager 17b56433-b5a5-40d3-a6aa-94aa741ca8af from the 1.0.3 Forge state payload
[02Sep2026 20:27:26.773] [Server thread/INFO] [com.guilh.mca_vampirism_compat.McaVampirismCompat/]: Migrated MCA villager 9b35d555-0238-470c-80a4-4ace121339f8 from the 1.0.3 Forge state payload
[02Sep2026 20:27:26.775] [Server thread/INFO] [com.guilh.mca_vampirism_compat.McaVampirismCompat/]: Migrated MCA villager badaa599-7a18-4c64-a13e-08e9c767aacf from the 1.0.3 Forge state payload
[02Sep2026 20:27:26.781] [Server thread/INFO] [com.guilh.mca_vampirism_compat.McaVampirismCompat/]: Migrated MCA villager 86b0a869-70ad-41ed-afdd-d8bb28692230 from the 1.0.3 Forge state payload
[02Sep2026 20:27:26.782] [Server thread/INFO] [com.guilh.mca_vampirism_compat.McaVampirismCompat/]: Migrated MCA villager 69fc59f5-6211-4cd2-a272-db8a51db7c18 from the 1.0.3 Forge state payload
[02Sep2026 20:27:26.784] [Server thread/INFO] [com.guilh.mca_vampirism_compat.McaVampirismCompat/]: Migrated MCA villager 109c9726-b983-4bef-80e4-9fcfa4400c4d from the 1.0.3 Forge state payload
[02Sep2026 20:27:26.785] [Server thread/INFO] [com.guilh.mca_vampirism_compat.McaVampirismCompat/]: Migrated MCA villager f87db405-bcaf-443c-b808-bd559955c21f from the 1.0.3 Forge state payload
[02Sep2026 20:27:26.788] [Server thread/INFO] [com.guilh.mca_vampirism_compat.McaVampirismCompat/]: Migrated MCA villager 94666307-1a4a-4108-928b-c42c34fa1888 from the 1.0.3 Forge state payload
[02Sep2026 20:27:27.845] [Server thread/INFO] [com.guilh.mca_vampirism_compat.McaVampirismCompat/]: Migrated MCA villager 7d846f84-db63-482d-b515-48ba6c7c7669 from the 1.0.3 Forge state payload
[02Sep2026 20:27:27.899] [Server thread/INFO] [com.guilh.mca_vampirism_compat.McaVampirismCompat/]: Migrated MCA villager 7d0ce8fd-04c2-4dbe-a224-f005af4ffd38 from the 1.0.3 Forge state payload
[02Sep2026 20:27:27.998] [Server thread/INFO] [com.guilh.mca_vampirism_compat.McaVampirismCompat/]: Migrated MCA villager fc4a3a2d-2689-47e5-a6ab-94e397937ebb from the 1.0.3 Forge state payload
[02Sep2026 20:27:28.000] [Server thread/INFO] [com.guilh.mca_vampirism_compat.McaVampirismCompat/]: Migrated MCA villager 60fdc694-178e-4a30-a449-4cb5eedb1a77 from the 1.0.3 Forge state payload
[02Sep2026 20:27:28.523] [Server thread/INFO] [com.guilh.mca_vampirism_compat.McaVampirismCompat/]: Migrated MCA villager 06f5545d-435f-4f2e-a21f-e966196a870b from the 1.0.3 Forge state payload
[02Sep2026 20:27:28.525] [Server thread/INFO] [com.guilh.mca_vampirism_compat.McaVampirismCompat/]: Migrated MCA villager 4be35f6e-4014-41d6-ab4d-49026b0bf890 from the 1.0.3 Forge state payload
[02Sep2026 20:27:28.539] [Server thread/INFO] [com.guilh.mca_vampirism_compat.McaVampirismCompat/]: Migrated MCA villager fdf7435d-c4cf-4ee5-bb9d-96c3807267c4 from the 1.0.3 Forge state payload
[02Sep2026 20:27:28.717] [Server thread/INFO] [com.guilh.mca_vampirism_compat.McaVampirismCompat/]: Migrated MCA villager 8b3ccf5c-f22c-4424-a01f-4ee01fcd9883 from the 1.0.3 Forge state payload
[02Sep2026 20:27:28.720] [Server thread/INFO] [com.guilh.mca_vampirism_compat.McaVampirismCompat/]: Migrated MCA villager d8d1cf35-6fd7-4719-8b51-b11da4d09755 from the 1.0.3 Forge state payload
[02Sep2026 20:27:29.077] [Server thread/INFO] [com.guilh.mca_vampirism_compat.McaVampirismCompat/]: Migrated MCA villager eb9fbf17-1cff-453b-a6e4-d2caf0349b81 from the 1.0.3 Forge state payload
[02Sep2026 20:27:29.079] [Server thread/INFO] [com.guilh.mca_vampirism_compat.McaVampirismCompat/]: Migrated MCA villager f924de01-5995-4949-b4d7-2d4771994400 from the 1.0.3 Forge state payload
[02Sep2026 20:27:29.081] [Server thread/INFO] [com.guilh.mca_vampirism_compat.McaVampirismCompat/]: Migrated MCA villager 356c211d-098c-4f67-80d2-7e3f694e0a37 from the 1.0.3 Forge state payload
[02Sep2026 20:27:29.133] [Server thread/INFO] [com.guilh.mca_vampirism_compat.McaVampirismCompat/]: Migrated MCA villager 25e14e63-b23b-4638-88db-94ba714f51a1 from the 1.0.3 Forge state payload
[02Sep2026 20:27:29.135] [Server thread/INFO] [com.guilh.mca_vampirism_compat.McaVampirismCompat/]: Migrated MCA villager 6d046695-cda3-4f70-aa6d-cc82053c8fe9 from the 1.0.3 Forge state payload
[02Sep2026 20:27:29.584] [Server thread/INFO] [com.guilh.mca_vampirism_compat.McaVampirismCompat/]: Migrated MCA villager 0bfe36ca-6b21-4bc2-a376-45a3a2a811b0 from the 1.0.3 Forge state payload
[02Sep2026 20:27:30.497] [Server thread/INFO] [com.guilh.mca_vampirism_compat.McaVampirismCompat/]: Migrated MCA villager a0cd6cec-b9f0-4ea0-b242-8ee6cc874610 from the 1.0.3 Forge state payload
[02Sep2026 20:27:32.657] [Server thread/INFO] [com.guilh.mca_vampirism_compat.McaVampirismCompat/]: Migrated MCA villager fdf05226-d94b-4635-9379-f3421b7a2a51 from the 1.0.3 Forge state payload
[02Sep2026 20:29:03.171] [Server thread/WARN] [net.minecraft.server.MinecraftServer/]: Can't keep up! Is the server overloaded? Running 2017ms or 40 ticks behind
[02Sep2026 20:29:13.815] [Server thread/INFO] [com.alrex.parcool.ParCool/]: Sent Server Limitation of [Frank3033]
[02Sep2026 20:29:29.366] [Server thread/INFO] [com.alrex.parcool.ParCool/]: Received Client Information of [Frank3033]
[02Sep2026 20:29:29.701] [Server thread/WARN] [net.minecraft.server.network.ServerGamePacketListenerImpl/]: Sahankiel071727 moved wrongly!
[02Sep2026 20:29:30.284] [Server thread/WARN] [de.teamlapen.vampirism.entity.ModEntityEventHandler/]: Could not modify villager zombie attack target task for translation{key='entity.minecraft.zombified_piglin', args=[]}
[02Sep2026 20:29:41.079] [Server thread/WARN] [net.minecraft.server.MinecraftServer/]: Can't keep up! Is the server overloaded? Running 22925ms or 458 ticks behind
[02Sep2026 20:30:04.253] [Server thread/WARN] [net.minecraft.server.MinecraftServer/]: Can't keep up! Is the server overloaded? Running 8199ms or 163 ticks behind
[02Sep2026 20:30:31.124] [Server thread/INFO] [net.minecraft.world.entity.npc.Villager/]: Villager VillagerEntityMCA['Brigitte'/9803, l='ServerLevel[world]', x=-1828.33, y=67.36, z=-189.28] died, message: 'Brigitte was slain by Zombie'
[02Sep2026 20:30:31.125] [Server thread/INFO] [net.minecraft.world.entity.LivingEntity/]: Named entity VillagerEntityMCA['Brigitte'/9803, l='ServerLevel[world]', x=-1828.33, y=67.36, z=-189.28] died: Brigitte was slain by Zombie
[02Sep2026 20:30:56.372] [Server thread/INFO] [net.minecraft.world.entity.LivingEntity/]: Named entity PiglinBrute['Bobette the Rock Smasher'/14284, l='ServerLevel[world]', x=-89.10, y=63.00, z=-5.78] died: Bobette the Rock Smasher was slain by Frank3033
[02Sep2026 20:31:14.870] [Server thread/INFO] [net.minecraft.server.MinecraftServer/]: Frank3033 has made the advancement [Fetch Me Their Souls!]
[02Sep2026 20:32:09.162] [Worker-Main-3/WARN] [net.minecraft.world.level.levelgen.heightproviders.UniformHeight/]: Empty height range: [6 above bottom--1 absolute]
[02Sep2026 20:32:09.163] [Worker-Main-3/WARN] [net.minecraft.world.level.levelgen.heightproviders.UniformHeight/]: Empty height range: [6 above bottom--1 absolute]
[02Sep2026 20:32:09.165] [Worker-Main-3/WARN] [net.minecraft.world.level.levelgen.heightproviders.UniformHeight/]: Empty height range: [6 above bottom--1 absolute]
[02Sep2026 20:32:54.829] [Worker-Main-17/WARN] [ModernFix/]: Skipped emitting ENTITY_MOUNT game event for entity Strider['Strider'/15586, l='ServerLevel[world]', x=-236.00, y=31.00, z=-341.00] as it would cause deadlock
[02Sep2026 20:33:15.686] [Server thread/INFO] [com.guilh.mca_vampirism_compat.McaVampirismCompat/]: Migrated MCA villager 81f5af00-3d6e-4204-bbf8-ee0b65b80467 from the 1.0.3 Forge state payload
[02Sep2026 20:33:16.113] [Server thread/INFO] [com.guilh.mca_vampirism_compat.McaVampirismCompat/]: Migrated MCA villager b6616ef3-9883-4806-9d1a-40c27d986c0a from the 1.0.3 Forge state payload
[02Sep2026 20:33:16.117] [Server thread/INFO] [com.guilh.mca_vampirism_compat.McaVampirismCompat/]: Migrated MCA villager fd42c337-ff47-4d57-b1db-6b38817df509 from the 1.0.3 Forge state payload
[02Sep2026 20:33:16.119] [Server thread/INFO] [com.guilh.mca_vampirism_compat.McaVampirismCompat/]: Migrated MCA villager d8dd5924-9966-4a8a-b0fa-15750137d4e9 from the 1.0.3 Forge state payload
[02Sep2026 20:33:16.122] [Server thread/INFO] [com.guilh.mca_vampirism_compat.McaVampirismCompat/]: Migrated MCA villager e7f9fe00-3851-4f36-89e9-ec673559e65e from the 1.0.3 Forge state payload
[02Sep2026 20:33:16.124] [Server thread/INFO] [com.guilh.mca_vampirism_compat.McaVampirismCompat/]: Migrated MCA villager a2e300a4-487e-4c6d-a66c-78803ec8a31b from the 1.0.3 Forge state payload
[02Sep2026 20:33:16.176] [Server thread/INFO] [com.guilh.mca_vampirism_compat.McaVampirismCompat/]: Migrated MCA villager 527825c3-0914-4dc3-bcf9-e85d3e7a3733 from the 1.0.3 Forge state payload
[02Sep2026 20:33:16.180] [Server thread/INFO] [com.guilh.mca_vampirism_compat.McaVampirismCompat/]: Migrated MCA villager c7deaefa-8ac9-49f4-9cee-c9bb857be81a from the 1.0.3 Forge state payload
[02Sep2026 20:33:16.185] [Server thread/INFO] [com.guilh.mca_vampirism_compat.McaVampirismCompat/]: Migrated MCA villager 160511b3-e482-4da6-9d5c-3d7fa6a361db from the 1.0.3 Forge state payload
[02Sep2026 20:33:16.188] [Server thread/INFO] [com.guilh.mca_vampirism_compat.McaVampirismCompat/]: Migrated MCA villager 33e24b3c-14a6-4eef-a93b-807f57c6c7dd from the 1.0.3 Forge state payload
[02Sep2026 20:33:16.190] [Server thread/INFO] [com.guilh.mca_vampirism_compat.McaVampirismCompat/]: Migrated MCA villager 19269034-7548-4584-82a1-79e7f17edc53 from the 1.0.3 Forge state payload
[02Sep2026 20:33:16.192] [Server thread/INFO] [com.guilh.mca_vampirism_compat.McaVampirismCompat/]: Migrated MCA villager fd8f3898-1321-44bf-8666-2f137cbcaede from the 1.0.3 Forge state payload
[02Sep2026 20:33:16.194] [Server thread/INFO] [com.guilh.mca_vampirism_compat.McaVampirismCompat/]: Migrated MCA villager 64cfcd5b-3acf-4c5e-8275-5a9a400ca16c from the 1.0.3 Forge state payload
[02Sep2026 20:33:16.195] [Server thread/INFO] [com.guilh.mca_vampirism_compat.McaVampirismCompat/]: Migrated MCA villager 11ab98f6-4cff-4447-88d4-ed52c20c35dc from the 1.0.3 Forge state payload
[02Sep2026 20:33:16.246] [Server thread/INFO] [com.guilh.mca_vampirism_compat.McaVampirismCompat/]: Migrated MCA villager f70e5ab6-cc73-40cd-afe0-e8bd8b5aae37 from the 1.0.3 Forge state payload
[02Sep2026 20:33:16.286] [Server thread/INFO] [com.guilh.mca_vampirism_compat.McaVampirismCompat/]: Migrated MCA villager 16181068-86bc-4609-8499-550ba29d5fd5 from the 1.0.3 Forge state payload
[02Sep2026 20:33:16.599] [Server thread/INFO] [com.guilh.mca_vampirism_compat.McaVampirismCompat/]: Migrated MCA villager 5884a55c-f8d6-4c88-90b4-179fab846c10 from the 1.0.3 Forge state payload
[02Sep2026 20:33:16.603] [Server thread/INFO] [com.guilh.mca_vampirism_compat.McaVampirismCompat/]: Migrated MCA villager 9525375b-7fec-420a-9e58-edeebe5360b3 from the 1.0.3 Forge state payload
[02Sep2026 20:33:16.605] [Server thread/INFO] [com.guilh.mca_vampirism_compat.McaVampirismCompat/]: Migrated MCA villager bdb07568-ef02-4e1f-bb14-b6bd8a895ef0 from the 1.0.3 Forge state payload
[02Sep2026 20:33:16.610] [Server thread/INFO] [com.guilh.mca_vampirism_compat.McaVampirismCompat/]: Migrated MCA villager 9a9c87e4-2c4a-4410-8b2a-800da9e4a718 from the 1.0.3 Forge state payload
[02Sep2026 20:33:16.627] [Server thread/INFO] [com.guilh.mca_vampirism_compat.McaVampirismCompat/]: Migrated MCA villager 9e37dd16-7d1c-42a2-9b26-586bf5630284 from the 1.0.3 Forge state payload
[02Sep2026 20:33:16.698] [Server thread/INFO] [com.guilh.mca_vampirism_compat.McaVampirismCompat/]: Migrated MCA villager ef2b3d5e-585b-41ad-a4b7-ced2342f185f from the 1.0.3 Forge state payload
[02Sep2026 20:33:16.700] [Server thread/INFO] [com.guilh.mca_vampirism_compat.McaVampirismCompat/]: Migrated MCA villager 8b3ccf5c-f22c-4424-a01f-4ee01fcd9883 from the 1.0.3 Forge state payload
[02Sep2026 20:33:16.702] [Server thread/INFO] [com.guilh.mca_vampirism_compat.McaVampirismCompat/]: Migrated MCA villager d8d1cf35-6fd7-4719-8b51-b11da4d09755 from the 1.0.3 Forge state payload
[02Sep2026 20:33:53.410] [Server thread/WARN] [net.minecraft.server.MinecraftServer/]: Can't keep up! Is the server overloaded? Running 2106ms or 42 ticks behind
[02Sep2026 20:34:08.613] [Server thread/INFO] [net.minecraft.server.MinecraftServer/]: Sahankiel071727 has made the advancement [Tools of the Trade]
[02Sep2026 20:34:13.062] [Server thread/INFO] [net.minecraft.server.MinecraftServer/]: Frank3033 has made the advancement [Downer]
[02Sep2026 20:34:13.185] [Server thread/INFO] [com.guilh.mca_vampirism_compat.McaVampirismCompat/]: Migrated MCA villager f70e5ab6-cc73-40cd-afe0-e8bd8b5aae37 from the 1.0.3 Forge state payload
[02Sep2026 20:34:15.314] [Worker-Main-17/WARN] [ModernFix/]: Skipped emitting ENTITY_MOUNT game event for entity Strider['Strider'/17045, l='ServerLevel[world]', x=-25.00, y=31.00, z=-504.00] as it would cause deadlock
[02Sep2026 20:34:15.827] [Server thread/WARN] [net.minecraft.server.MinecraftServer/]: Can't keep up! Is the server overloaded? Running 7423ms or 148 ticks behind
[02Sep2026 20:34:22.877] [Server thread/INFO] [com.guilh.mca_vampirism_compat.McaVampirismCompat/]: Migrated MCA villager f70e5ab6-cc73-40cd-afe0-e8bd8b5aae37 from the 1.0.3 Forge state payload
[02Sep2026 20:34:51.492] [Server thread/INFO] [net.minecraft.server.MinecraftServer/]: Frank3033 has made the advancement [A Terrible Fortress]
[02Sep2026 20:36:24.641] [Worker-Main-4/WARN] [ModernFix/]: Skipped emitting ENTITY_MOUNT game event for entity Strider['Strider'/18381, l='ServerLevel[world]', x=137.00, y=31.00, z=-648.00] as it would cause deadlock
[02Sep2026 20:37:31.204] [Server thread/INFO] [net.minecraft.server.MinecraftServer/]: Frank3033 has made the advancement [Surge Protector]
[02Sep2026 20:37:53.643] [Server thread/WARN] [net.minecraft.world.level.storage.loot.functions.SetItemDamageFunction/]: Couldn't set damage of loot item 1 iron_horse_armor
[02Sep2026 20:39:15.869] [Server thread/INFO] [net.minecraft.world.entity.LivingEntity/]: Named entity WitherSkeleton['Withering Archer'/18932, l='ServerLevel[world]', x=-37.24, y=73.00, z=-437.65] died: Withering Archer was slain by Frank3033
[02Sep2026 20:40:58.445] [Server thread/INFO] [net.minecraft.server.MinecraftServer/]: [Frank3033: Teleported Frank3033 to -62.500000, 69.500000, 5.500000]
[02Sep2026 20:41:05.827] [Server thread/INFO] [com.alrex.parcool.ParCool/]: Sent Server Limitation of [Frank3033]
[02Sep2026 20:41:05.827] [Server thread/INFO] [com.alrex.parcool.ParCool/]: Received Client Information of [Frank3033]
[02Sep2026 20:41:05.951] [Server thread/INFO] [com.guilh.mca_vampirism_compat.McaVampirismCompat/]: Migrated MCA villager a0cd6cec-b9f0-4ea0-b242-8ee6cc874610 from the 1.0.3 Forge state payload
[02Sep2026 20:41:05.953] [Server thread/INFO] [com.guilh.mca_vampirism_compat.McaVampirismCompat/]: Migrated MCA villager f924de01-5995-4949-b4d7-2d4771994400 from the 1.0.3 Forge state payload
[02Sep2026 20:41:05.955] [Server thread/INFO] [com.guilh.mca_vampirism_compat.McaVampirismCompat/]: Migrated MCA villager eb9fbf17-1cff-453b-a6e4-d2caf0349b81 from the 1.0.3 Forge state payload
[02Sep2026 20:41:06.154] [Server thread/INFO] [com.guilh.mca_vampirism_compat.McaVampirismCompat/]: Migrated MCA villager 7677c88e-2653-4c0e-ba36-43ba458e782a from the 1.0.3 Forge state payload
[02Sep2026 20:41:06.157] [Server thread/INFO] [com.guilh.mca_vampirism_compat.McaVampirismCompat/]: Migrated MCA villager 356c211d-098c-4f67-80d2-7e3f694e0a37 from the 1.0.3 Forge state payload
[02Sep2026 20:41:06.159] [Server thread/INFO] [com.guilh.mca_vampirism_compat.McaVampirismCompat/]: Migrated MCA villager 9b35d555-0238-470c-80a4-4ace121339f8 from the 1.0.3 Forge state payload
[02Sep2026 20:41:06.162] [Server thread/INFO] [com.guilh.mca_vampirism_compat.McaVampirismCompat/]: Migrated MCA villager 86b0a869-70ad-41ed-afdd-d8bb28692230 from the 1.0.3 Forge state payload
[02Sep2026 20:41:06.163] [Server thread/INFO] [com.guilh.mca_vampirism_compat.McaVampirismCompat/]: Migrated MCA villager badaa599-7a18-4c64-a13e-08e9c767aacf from the 1.0.3 Forge state payload
[02Sep2026 20:41:06.165] [Server thread/INFO] [com.guilh.mca_vampirism_compat.McaVampirismCompat/]: Migrated MCA villager 69fc59f5-6211-4cd2-a272-db8a51db7c18 from the 1.0.3 Forge state payload
[02Sep2026 20:41:06.167] [Server thread/INFO] [com.guilh.mca_vampirism_compat.McaVampirismCompat/]: Migrated MCA villager e1cef044-35e6-44c6-b92b-fa0466f750ca from the 1.0.3 Forge state payload
[02Sep2026 20:41:06.169] [Server thread/INFO] [com.guilh.mca_vampirism_compat.McaVampirismCompat/]: Migrated MCA villager 17b56433-b5a5-40d3-a6aa-94aa741ca8af from the 1.0.3 Forge state payload
[02Sep2026 20:41:06.171] [Server thread/INFO] [com.guilh.mca_vampirism_compat.McaVampirismCompat/]: Migrated MCA villager 109c9726-b983-4bef-80e4-9fcfa4400c4d from the 1.0.3 Forge state payload
[02Sep2026 20:41:06.173] [Server thread/INFO] [com.guilh.mca_vampirism_compat.McaVampirismCompat/]: Migrated MCA villager f87db405-bcaf-443c-b808-bd559955c21f from the 1.0.3 Forge state payload
[02Sep2026 20:41:06.174] [Server thread/INFO] [com.guilh.mca_vampirism_compat.McaVampirismCompat/]: Migrated MCA villager 94666307-1a4a-4108-928b-c42c34fa1888 from the 1.0.3 Forge state payload
[02Sep2026 20:41:06.528] [Server thread/INFO] [com.guilh.mca_vampirism_compat.McaVampirismCompat/]: Migrated MCA villager fdf05226-d94b-4635-9379-f3421b7a2a51 from the 1.0.3 Forge state payload
[02Sep2026 20:41:06.532] [Server thread/INFO] [com.guilh.mca_vampirism_compat.McaVampirismCompat/]: Migrated MCA villager 25e14e63-b23b-4638-88db-94ba714f51a1 from the 1.0.3 Forge state payload
[02Sep2026 20:41:06.533] [Server thread/INFO] [com.guilh.mca_vampirism_compat.McaVampirismCompat/]: Migrated MCA villager 6d046695-cda3-4f70-aa6d-cc82053c8fe9 from the 1.0.3 Forge state payload
[02Sep2026 20:41:06.570] [Server thread/INFO] [com.guilh.mca_vampirism_compat.McaVampirismCompat/]: Migrated MCA villager 60fdc694-178e-4a30-a449-4cb5eedb1a77 from the 1.0.3 Forge state payload
[02Sep2026 20:41:06.778] [Server thread/INFO] [com.guilh.mca_vampirism_compat.McaVampirismCompat/]: Migrated MCA villager 32f97be6-8310-470a-b66f-fbe8d97b6843 from the 1.0.3 Forge state payload
[02Sep2026 20:41:06.825] [Server thread/INFO] [com.guilh.mca_vampirism_compat.McaVampirismCompat/]: Migrated MCA villager eb0538fd-3a8a-4fcd-a358-90f755dee8f2 from the 1.0.3 Forge state payload
[02Sep2026 20:41:06.828] [Server thread/INFO] [com.guilh.mca_vampirism_compat.McaVampirismCompat/]: Migrated MCA villager bcfaa19b-a3f3-4f73-81c0-4428898efe8b from the 1.0.3 Forge state payload
[02Sep2026 20:41:06.830] [Server thread/INFO] [com.guilh.mca_vampirism_compat.McaVampirismCompat/]: Migrated MCA villager bbc65648-0d04-4f8c-8a18-7fc16682f9b9 from the 1.0.3 Forge state payload
[02Sep2026 20:41:06.834] [Server thread/INFO] [com.guilh.mca_vampirism_compat.McaVampirismCompat/]: Migrated MCA villager 63f56b96-749e-43b1-8a5a-c84a85d293fa from the 1.0.3 Forge state payload
[02Sep2026 20:41:06.836] [Server thread/INFO] [com.guilh.mca_vampirism_compat.McaVampirismCompat/]: Migrated MCA villager 129c0a8c-83ca-41f7-a570-f089051c7591 from the 1.0.3 Forge state payload
[02Sep2026 20:41:06.837] [Server thread/INFO] [com.guilh.mca_vampirism_compat.McaVampirismCompat/]: Migrated MCA villager 4328e35a-7788-445d-953a-303ffbcf8f17 from the 1.0.3 Forge state payload
[02Sep2026 20:41:06.839] [Server thread/INFO] [com.guilh.mca_vampirism_compat.McaVampirismCompat/]: Migrated MCA villager 6af7c1c0-0451-49e3-bfee-ee49728ab01d from the 1.0.3 Forge state payload
[02Sep2026 20:41:06.840] [Server thread/INFO] [com.guilh.mca_vampirism_compat.McaVampirismCompat/]: Migrated MCA villager 7ed7ba29-38ce-4435-940d-f82ab50c2f11 from the 1.0.3 Forge state payload
[02Sep2026 20:41:06.842] [Server thread/INFO] [com.guilh.mca_vampirism_compat.McaVampirismCompat/]: Migrated MCA villager f62dee4e-4f12-4915-ac97-4859dcacf8ac from the 1.0.3 Forge state payload
[02Sep2026 20:41:06.843] [Server thread/INFO] [com.guilh.mca_vampirism_compat.McaVampirismCompat/]: Migrated MCA villager 53c0609e-0360-40cb-864e-544fca91bc7a from the 1.0.3 Forge state payload
[02Sep2026 20:41:06.844] [Server thread/INFO] [com.guilh.mca_vampirism_compat.McaVampirismCompat/]: Migrated MCA villager 69d8d6b5-befc-4162-b00c-6546646eea5a from the 1.0.3 Forge state payload
[02Sep2026 20:41:06.846] [Server thread/INFO] [com.guilh.mca_vampirism_compat.McaVampirismCompat/]: Migrated MCA villager f7be341c-b60a-4e7f-a6f8-1fa7bc9d081d from the 1.0.3 Forge state payload
[02Sep2026 20:41:06.848] [Server thread/INFO] [com.guilh.mca_vampirism_compat.McaVampirismCompat/]: Migrated MCA villager 6ce2dee0-846b-4990-9f01-46f8cf7b2bdd from the 1.0.3 Forge state payload
[02Sep2026 20:41:06.849] [Server thread/INFO] [com.guilh.mca_vampirism_compat.McaVampirismCompat/]: Migrated MCA villager dbad992d-6cf7-469e-a826-2041a64b323f from the 1.0.3 Forge state payload
[02Sep2026 20:41:07.605] [Server thread/INFO] [com.guilh.mca_vampirism_compat.McaVampirismCompat/]: Migrated MCA villager fdf7435d-c4cf-4ee5-bb9d-96c3807267c4 from the 1.0.3 Forge state payload
[02Sep2026 20:41:07.635] [Server thread/INFO] [com.guilh.mca_vampirism_compat.McaVampirismCompat/]: Migrated MCA villager 0bfe36ca-6b21-4bc2-a376-45a3a2a811b0 from the 1.0.3 Forge state payload
[02Sep2026 20:41:07.760] [Server thread/INFO] [fastsuite/]: Constructed recipe list for minecraft:smelting in 184.8 μs. 195/195 recipes are parallelized.
[02Sep2026 20:41:07.771] [Server thread/INFO] [com.guilh.mca_vampirism_compat.McaVampirismCompat/]: Migrated MCA villager 06f5545d-435f-4f2e-a21f-e966196a870b from the 1.0.3 Forge state payload
[02Sep2026 20:41:07.773] [Server thread/INFO] [com.guilh.mca_vampirism_compat.McaVampirismCompat/]: Migrated MCA villager 4be35f6e-4014-41d6-ab4d-49026b0bf890 from the 1.0.3 Forge state payload
[02Sep2026 20:41:07.840] [Server thread/INFO] [com.guilh.mca_vampirism_compat.McaVampirismCompat/]: Migrated MCA villager 8d6bc6c0-85dc-4dc1-9e93-341981a04fde from the 1.0.3 Forge state payload
[02Sep2026 20:41:07.842] [Server thread/INFO] [com.guilh.mca_vampirism_compat.McaVampirismCompat/]: Migrated MCA villager 7d0ce8fd-04c2-4dbe-a224-f005af4ffd38 from the 1.0.3 Forge state payload
[02Sep2026 20:41:07.843] [Server thread/INFO] [com.guilh.mca_vampirism_compat.McaVampirismCompat/]: Migrated MCA villager 3072b684-f999-460a-8818-ac4a81f903b8 from the 1.0.3 Forge state payload
[02Sep2026 20:41:07.846] [Server thread/INFO] [com.guilh.mca_vampirism_compat.McaVampirismCompat/]: Migrated MCA villager fe27847f-b1be-4653-ae09-faaa9f94c6fe from the 1.0.3 Forge state payload
[02Sep2026 20:41:08.377] [Server thread/INFO] [com.guilh.mca_vampirism_compat.McaVampirismCompat/]: Migrated MCA villager fc4a3a2d-2689-47e5-a6ab-94e397937ebb from the 1.0.3 Forge state payload
[02Sep2026 20:41:08.378] [Server thread/INFO] [com.guilh.mca_vampirism_compat.McaVampirismCompat/]: Migrated MCA villager 7d846f84-db63-482d-b515-48ba6c7c7669 from the 1.0.3 Forge state payload
[02Sep2026 20:41:17.142] [Server thread/INFO] [net.minecraft.server.MinecraftServer/]: [Frank3033: Applied effect Sunscreen to Frank3033]
[02Sep2026 20:41:45.238] [Server thread/WARN] [net.minecraft.server.MinecraftServer/]: Can't keep up! Is the server overloaded? Running 28134ms or 562 ticks behind
[02Sep2026 20:41:45.310] [Server thread/WARN] [net.minecraft.server.network.ServerGamePacketListenerImpl/]: Frank3033 moved too quickly! -9.989741589933487,-0.5800000131130219,0.9383247828074559
[02Sep2026 20:41:45.461] [Server thread/INFO] [net.minecraft.server.MinecraftServer/]: [Frank3033: Teleported Frank3033 to -855.500000, 108.500000, -200.500000]
[02Sep2026 20:41:45.545] [Server thread/INFO] [net.minecraft.server.MinecraftServer/]: [Frank3033: Teleported Frank3033 to -253.500000, 114.500000, 318.500000]
[02Sep2026 20:44:56.015] [Server thread/INFO] [com.guilh.mca_vampirism_compat.McaVampirismCompat/]: Migrated MCA villager 60fdc694-178e-4a30-a449-4cb5eedb1a77 from the 1.0.3 Forge state payload
[02Sep2026 20:44:56.055] [Server thread/INFO] [com.guilh.mca_vampirism_compat.McaVampirismCompat/]: Migrated MCA villager 69fc59f5-6211-4cd2-a272-db8a51db7c18 from the 1.0.3 Forge state payload
[02Sep2026 20:44:56.057] [Server thread/INFO] [com.guilh.mca_vampirism_compat.McaVampirismCompat/]: Migrated MCA villager 17b56433-b5a5-40d3-a6aa-94aa741ca8af from the 1.0.3 Forge state payload
[02Sep2026 20:44:56.059] [Server thread/INFO] [com.guilh.mca_vampirism_compat.McaVampirismCompat/]: Migrated MCA villager 9b35d555-0238-470c-80a4-4ace121339f8 from the 1.0.3 Forge state payload
[02Sep2026 20:44:56.061] [Server thread/INFO] [com.guilh.mca_vampirism_compat.McaVampirismCompat/]: Migrated MCA villager 109c9726-b983-4bef-80e4-9fcfa4400c4d from the 1.0.3 Forge state payload
[02Sep2026 20:44:56.062] [Server thread/INFO] [com.guilh.mca_vampirism_compat.McaVampirismCompat/]: Migrated MCA villager f87db405-bcaf-443c-b808-bd559955c21f from the 1.0.3 Forge state payload
[02Sep2026 20:44:56.064] [Server thread/INFO] [com.guilh.mca_vampirism_compat.McaVampirismCompat/]: Migrated MCA villager 94666307-1a4a-4108-928b-c42c34fa1888 from the 1.0.3 Forge state payload
[02Sep2026 20:44:56.106] [Server thread/INFO] [com.guilh.mca_vampirism_compat.McaVampirismCompat/]: Migrated MCA villager 7677c88e-2653-4c0e-ba36-43ba458e782a from the 1.0.3 Forge state payload
[02Sep2026 20:44:56.107] [Server thread/INFO] [com.guilh.mca_vampirism_compat.McaVampirismCompat/]: Migrated MCA villager 356c211d-098c-4f67-80d2-7e3f694e0a37 from the 1.0.3 Forge state payload
[02Sep2026 20:44:56.109] [Server thread/INFO] [com.guilh.mca_vampirism_compat.McaVampirismCompat/]: Migrated MCA villager badaa599-7a18-4c64-a13e-08e9c767aacf from the 1.0.3 Forge state payload
[02Sep2026 20:44:56.110] [Server thread/INFO] [com.guilh.mca_vampirism_compat.McaVampirismCompat/]: Migrated MCA villager e1cef044-35e6-44c6-b92b-fa0466f750ca from the 1.0.3 Forge state payload
[02Sep2026 20:44:56.116] [Server thread/INFO] [com.guilh.mca_vampirism_compat.McaVampirismCompat/]: Migrated MCA villager fe27847f-b1be-4653-ae09-faaa9f94c6fe from the 1.0.3 Forge state payload
[02Sep2026 20:44:56.118] [Server thread/INFO] [com.guilh.mca_vampirism_compat.McaVampirismCompat/]: Migrated MCA villager 7d0ce8fd-04c2-4dbe-a224-f005af4ffd38 from the 1.0.3 Forge state payload
[02Sep2026 20:44:56.120] [Server thread/INFO] [com.guilh.mca_vampirism_compat.McaVampirismCompat/]: Migrated MCA villager eb0538fd-3a8a-4fcd-a358-90f755dee8f2 from the 1.0.3 Forge state payload
[02Sep2026 20:44:56.195] [Server thread/INFO] [com.guilh.mca_vampirism_compat.McaVampirismCompat/]: Migrated MCA villager 8d6bc6c0-85dc-4dc1-9e93-341981a04fde from the 1.0.3 Forge state payload
[02Sep2026 20:44:56.197] [Server thread/INFO] [com.guilh.mca_vampirism_compat.McaVampirismCompat/]: Migrated MCA villager 3072b684-f999-460a-8818-ac4a81f903b8 from the 1.0.3 Forge state payload
[02Sep2026 20:44:56.199] [Server thread/INFO] [com.guilh.mca_vampirism_compat.McaVampirismCompat/]: Migrated MCA villager bbc65648-0d04-4f8c-8a18-7fc16682f9b9 from the 1.0.3 Forge state payload
[02Sep2026 20:44:56.200] [Server thread/INFO] [com.guilh.mca_vampirism_compat.McaVampirismCompat/]: Migrated MCA villager 63f56b96-749e-43b1-8a5a-c84a85d293fa from the 1.0.3 Forge state payload
[02Sep2026 20:44:56.202] [Server thread/INFO] [com.guilh.mca_vampirism_compat.McaVampirismCompat/]: Migrated MCA villager 129c0a8c-83ca-41f7-a570-f089051c7591 from the 1.0.3 Forge state payload
[02Sep2026 20:44:56.203] [Server thread/INFO] [com.guilh.mca_vampirism_compat.McaVampirismCompat/]: Migrated MCA villager 4328e35a-7788-445d-953a-303ffbcf8f17 from the 1.0.3 Forge state payload
[02Sep2026 20:44:56.205] [Server thread/INFO] [com.guilh.mca_vampirism_compat.McaVampirismCompat/]: Migrated MCA villager 6af7c1c0-0451-49e3-bfee-ee49728ab01d from the 1.0.3 Forge state payload
[02Sep2026 20:44:56.206] [Server thread/INFO] [com.guilh.mca_vampirism_compat.McaVampirismCompat/]: Migrated MCA villager 7ed7ba29-38ce-4435-940d-f82ab50c2f11 from the 1.0.3 Forge state payload
[02Sep2026 20:44:56.207] [Server thread/INFO] [com.guilh.mca_vampirism_compat.McaVampirismCompat/]: Migrated MCA villager f62dee4e-4f12-4915-ac97-4859dcacf8ac from the 1.0.3 Forge state payload
[02Sep2026 20:44:56.208] [Server thread/INFO] [com.guilh.mca_vampirism_compat.McaVampirismCompat/]: Migrated MCA villager 53c0609e-0360-40cb-864e-544fca91bc7a from the 1.0.3 Forge state payload
[02Sep2026 20:44:56.210] [Server thread/INFO] [com.guilh.mca_vampirism_compat.McaVampirismCompat/]: Migrated MCA villager 69d8d6b5-befc-4162-b00c-6546646eea5a from the 1.0.3 Forge state payload
[02Sep2026 20:44:56.211] [Server thread/INFO] [com.guilh.mca_vampirism_compat.McaVampirismCompat/]: Migrated MCA villager f7be341c-b60a-4e7f-a6f8-1fa7bc9d081d from the 1.0.3 Forge state payload
[02Sep2026 20:44:56.213] [Server thread/INFO] [com.guilh.mca_vampirism_compat.McaVampirismCompat/]: Migrated MCA villager 6ce2dee0-846b-4990-9f01-46f8cf7b2bdd from the 1.0.3 Forge state payload
[02Sep2026 20:44:56.214] [Server thread/INFO] [com.guilh.mca_vampirism_compat.McaVampirismCompat/]: Migrated MCA villager dbad992d-6cf7-469e-a826-2041a64b323f from the 1.0.3 Forge state payload
[02Sep2026 20:44:56.216] [Server thread/INFO] [com.guilh.mca_vampirism_compat.McaVampirismCompat/]: Migrated MCA villager bcfaa19b-a3f3-4f73-81c0-4428898efe8b from the 1.0.3 Forge state payload
[02Sep2026 20:44:56.451] [Server thread/INFO] [com.guilh.mca_vampirism_compat.McaVampirismCompat/]: Migrated MCA villager 32f97be6-8310-470a-b66f-fbe8d97b6843 from the 1.0.3 Forge state payload
[02Sep2026 20:44:56.496] [Server thread/INFO] [com.guilh.mca_vampirism_compat.McaVampirismCompat/]: Migrated MCA villager fdf7435d-c4cf-4ee5-bb9d-96c3807267c4 from the 1.0.3 Forge state payload
[02Sep2026 20:44:56.501] [Server thread/INFO] [com.guilh.mca_vampirism_compat.McaVampirismCompat/]: Migrated MCA villager a0cd6cec-b9f0-4ea0-b242-8ee6cc874610 from the 1.0.3 Forge state payload
[02Sep2026 20:44:56.503] [Server thread/INFO] [com.guilh.mca_vampirism_compat.McaVampirismCompat/]: Migrated MCA villager eb9fbf17-1cff-453b-a6e4-d2caf0349b81 from the 1.0.3 Forge state payload
[02Sep2026 20:44:56.505] [Server thread/INFO] [com.guilh.mca_vampirism_compat.McaVampirismCompat/]: Migrated MCA villager fdf05226-d94b-4635-9379-f3421b7a2a51 from the 1.0.3 Forge state payload
[02Sep2026 20:44:56.543] [Server thread/INFO] [com.guilh.mca_vampirism_compat.McaVampirismCompat/]: Migrated MCA villager f924de01-5995-4949-b4d7-2d4771994400 from the 1.0.3 Forge state payload
[02Sep2026 20:44:56.545] [Server thread/INFO] [com.guilh.mca_vampirism_compat.McaVampirismCompat/]: Migrated MCA villager 86b0a869-70ad-41ed-afdd-d8bb28692230 from the 1.0.3 Forge state payload
[02Sep2026 20:44:56.547] [Server thread/INFO] [com.guilh.mca_vampirism_compat.McaVampirismCompat/]: Migrated MCA villager 25e14e63-b23b-4638-88db-94ba714f51a1 from the 1.0.3 Forge state payload
[02Sep2026 20:44:56.548] [Server thread/INFO] [com.guilh.mca_vampirism_compat.McaVampirismCompat/]: Migrated MCA villager 6d046695-cda3-4f70-aa6d-cc82053c8fe9 from the 1.0.3 Forge state payload
[02Sep2026 20:44:56.550] [Server thread/INFO] [com.guilh.mca_vampirism_compat.McaVampirismCompat/]: Migrated MCA villager 0bfe36ca-6b21-4bc2-a376-45a3a2a811b0 from the 1.0.3 Forge state payload
[02Sep2026 20:44:56.552] [Server thread/INFO] [com.guilh.mca_vampirism_compat.McaVampirismCompat/]: Migrated MCA villager 06f5545d-435f-4f2e-a21f-e966196a870b from the 1.0.3 Forge state payload
[02Sep2026 20:44:56.554] [Server thread/INFO] [com.guilh.mca_vampirism_compat.McaVampirismCompat/]: Migrated MCA villager 4be35f6e-4014-41d6-ab4d-49026b0bf890 from the 1.0.3 Forge state payload
[02Sep2026 20:44:56.555] [Server thread/INFO] [com.guilh.mca_vampirism_compat.McaVampirismCompat/]: Migrated MCA villager fc4a3a2d-2689-47e5-a6ab-94e397937ebb from the 1.0.3 Forge state payload
[02Sep2026 20:44:56.557] [Server thread/INFO] [com.guilh.mca_vampirism_compat.McaVampirismCompat/]: Migrated MCA villager 7d846f84-db63-482d-b515-48ba6c7c7669 from the 1.0.3 Forge state payload
[02Sep2026 20:45:32.456] [Server thread/INFO] [net.minecraft.world.entity.npc.Villager/]: Villager VillagerEntityMCA['Clara'/16038, l='ServerLevel[world]', x=-204.91, y=107.94, z=328.60] died, message: 'Clara was slain by Vampire'
[02Sep2026 20:45:32.457] [Server thread/INFO] [net.minecraft.world.entity.LivingEntity/]: Named entity VillagerEntityMCA['Clara'/16038, l='ServerLevel[world]', x=-204.91, y=107.94, z=328.60] died: Clara was slain by Vampire
[02Sep2026 20:45:37.445] [Server thread/INFO] [net.minecraft.world.entity.npc.Villager/]: Villager VillagerEntityMCA['Erna'/17090, l='ServerLevel[world]', x=-217.46, y=109.02, z=327.18] died, message: 'Erna was slain by Vampire'
[02Sep2026 20:45:37.446] [Server thread/INFO] [net.minecraft.world.entity.LivingEntity/]: Named entity VillagerEntityMCA['Erna'/17090, l='ServerLevel[world]', x=-217.46, y=109.02, z=327.18] died: Erna was slain by Vampire
[02Sep2026 20:45:45.956] [Server thread/INFO] [com.guilh.mca_vampirism_compat.McaVampirismCompat/]: Migrated MCA villager 67f77d73-f43f-453c-850d-a82ea997a9a4 from the 1.0.3 Forge state payload
[02Sep2026 20:45:45.958] [Server thread/INFO] [com.guilh.mca_vampirism_compat.McaVampirismCompat/]: Migrated MCA villager 32afcd58-d489-4d05-9740-84b976e25a19 from the 1.0.3 Forge state payload
[02Sep2026 20:45:45.960] [Server thread/INFO] [com.guilh.mca_vampirism_compat.McaVampirismCompat/]: Migrated MCA villager 2a1ed210-1281-42de-a4ae-db96d6688f92 from the 1.0.3 Forge state payload
[02Sep2026 20:45:45.965] [Server thread/INFO] [com.guilh.mca_vampirism_compat.McaVampirismCompat/]: Migrated MCA villager c9a29d7b-0b53-46be-a421-83de180c072b from the 1.0.3 Forge state payload
[02Sep2026 20:45:45.968] [Server thread/INFO] [com.guilh.mca_vampirism_compat.McaVampirismCompat/]: Migrated MCA villager bc548b64-c3a4-4882-837b-7f87816761b2 from the 1.0.3 Forge state payload
[02Sep2026 20:45:45.969] [Server thread/INFO] [com.guilh.mca_vampirism_compat.McaVampirismCompat/]: Migrated MCA villager 6899d67b-bf16-4e91-9dee-edc44b12affd from the 1.0.3 Forge state payload
[02Sep2026 20:45:46.009] [Server thread/INFO] [com.guilh.mca_vampirism_compat.McaVampirismCompat/]: Migrated MCA villager b2cf4c47-d266-43fd-9fb5-7bfdf404a74e from the 1.0.3 Forge state payload
[02Sep2026 20:45:46.063] [Server thread/INFO] [com.guilh.mca_vampirism_compat.McaVampirismCompat/]: Migrated MCA villager 2b07e2df-eeba-4c25-b2d1-b225e32ed871 from the 1.0.3 Forge state payload
[02Sep2026 20:45:46.143] [Server thread/INFO] [com.guilh.mca_vampirism_compat.McaVampirismCompat/]: Migrated MCA villager 5e987322-fd55-4f5b-94eb-863a86aa6cc1 from the 1.0.3 Forge state payload
[02Sep2026 20:45:46.548] [Server thread/INFO] [com.guilh.mca_vampirism_compat.McaVampirismCompat/]: Migrated MCA villager 49a3195a-bcb8-48af-ae59-05a4d74c579c from the 1.0.3 Forge state payload
[02Sep2026 20:45:46.961] [Server thread/INFO] [com.guilh.mca_vampirism_compat.McaVampirismCompat/]: Migrated MCA villager 0f4e3c8d-548a-4713-a5cf-f0b73c6a0d2a from the 1.0.3 Forge state payload
[02Sep2026 20:45:46.962] [Server thread/INFO] [com.guilh.mca_vampirism_compat.McaVampirismCompat/]: Migrated MCA villager 26cd53b0-d3b1-4fec-a548-bd2c92e26f01 from the 1.0.3 Forge state payload
[02Sep2026 20:45:52.260] [Server thread/INFO] [net.minecraft.world.entity.npc.Villager/]: Villager VillagerEntityMCA['Timmo'/16046, l='ServerLevel[world]', x=-260.10, y=108.00, z=354.54] died, message: 'Timmo was slain by Vampire'
[02Sep2026 20:45:52.261] [Server thread/INFO] [net.minecraft.world.entity.LivingEntity/]: Named entity VillagerEntityMCA['Timmo'/16046, l='ServerLevel[world]', x=-260.10, y=108.00, z=354.54] died: Timmo was slain by Vampire
[02Sep2026 20:46:12.605] [Server thread/INFO] [net.minecraft.world.entity.npc.Villager/]: Villager ConvertedVillagerEntityMCA['Franca'/22542, l='ServerLevel[world]', x=-175.37, y=107.00, z=335.01] died, message: 'Franca was slain by Vampire'
[02Sep2026 20:48:14.460] [Server thread/INFO] [net.minecraft.server.MinecraftServer/]: Frank3033 has made the advancement [Arachnophobia]
[02Sep2026 20:49:15.215] [Server thread/WARN] [net.minecraft.server.network.ServerGamePacketListenerImpl/]: Frank3033 moved wrongly!
[02Sep2026 20:49:56.208] [Worker-Main-3/INFO] [bettercaves/]: CREATING AND INIT'ING MASTER CONTROLLER...
[02Sep2026 20:50:01.520] [Server thread/WARN] [net.minecraft.server.MinecraftServer/]: Can't keep up! Is the server overloaded? Running 2016ms or 40 ticks behind
[02Sep2026 20:50:11.402] [Server thread/WARN] [net.minecraft.server.network.ServerGamePacketListenerImpl/]: Frank3033 moved wrongly!
[02Sep2026 20:51:06.473] [Server thread/INFO] [net.minecraft.server.MinecraftServer/]: Frank3033 has made the advancement [Wake Up!]
[02Sep2026 20:52:30.099] [Server thread/INFO] [com.guilh.mca_vampirism_compat.McaVampirismCompat/]: Migrated MCA villager 32afcd58-d489-4d05-9740-84b976e25a19 from the 1.0.3 Forge state payload
[02Sep2026 20:52:30.101] [Server thread/INFO] [com.guilh.mca_vampirism_compat.McaVampirismCompat/]: Migrated MCA villager 49a3195a-bcb8-48af-ae59-05a4d74c579c from the 1.0.3 Forge state payload
[02Sep2026 20:52:30.102] [Server thread/INFO] [com.guilh.mca_vampirism_compat.McaVampirismCompat/]: Migrated MCA villager 26cd53b0-d3b1-4fec-a548-bd2c92e26f01 from the 1.0.3 Forge state payload
[02Sep2026 20:52:30.104] [Server thread/INFO] [com.guilh.mca_vampirism_compat.McaVampirismCompat/]: Migrated MCA villager 6899d67b-bf16-4e91-9dee-edc44b12affd from the 1.0.3 Forge state payload
[02Sep2026 20:52:30.105] [Server thread/INFO] [com.guilh.mca_vampirism_compat.McaVampirismCompat/]: Migrated MCA villager c9a29d7b-0b53-46be-a421-83de180c072b from the 1.0.3 Forge state payload
[02Sep2026 20:52:30.107] [Server thread/INFO] [com.guilh.mca_vampirism_compat.McaVampirismCompat/]: Migrated MCA villager c876322f-0cf7-4746-bca5-cb62a225c214 from the 1.0.3 Forge state payload
[02Sep2026 20:52:42.072] [Server thread/INFO] [com.guilh.mca_vampirism_compat.McaVampirismCompat/]: Migrated MCA villager 32afcd58-d489-4d05-9740-84b976e25a19 from the 1.0.3 Forge state payload
[02Sep2026 20:52:42.074] [Server thread/INFO] [com.guilh.mca_vampirism_compat.McaVampirismCompat/]: Migrated MCA villager 49a3195a-bcb8-48af-ae59-05a4d74c579c from the 1.0.3 Forge state payload
[02Sep2026 20:52:42.076] [Server thread/INFO] [com.guilh.mca_vampirism_compat.McaVampirismCompat/]: Migrated MCA villager 26cd53b0-d3b1-4fec-a548-bd2c92e26f01 from the 1.0.3 Forge state payload
[02Sep2026 20:52:42.078] [Server thread/INFO] [com.guilh.mca_vampirism_compat.McaVampirismCompat/]: Migrated MCA villager 6899d67b-bf16-4e91-9dee-edc44b12affd from the 1.0.3 Forge state payload
[02Sep2026 20:52:42.080] [Server thread/INFO] [com.guilh.mca_vampirism_compat.McaVampirismCompat/]: Migrated MCA villager c9a29d7b-0b53-46be-a421-83de180c072b from the 1.0.3 Forge state payload
[02Sep2026 20:52:42.081] [Server thread/INFO] [com.guilh.mca_vampirism_compat.McaVampirismCompat/]: Migrated MCA villager c876322f-0cf7-4746-bca5-cb62a225c214 from the 1.0.3 Forge state payload
[02Sep2026 20:52:44.990] [Server thread/INFO] [com.guilh.mca_vampirism_compat.McaVampirismCompat/]: Migrated MCA villager 94b06f19-4896-405f-8432-42536da5dcd6 from the 1.0.3 Forge state payload
[02Sep2026 20:52:44.993] [Server thread/INFO] [com.guilh.mca_vampirism_compat.McaVampirismCompat/]: Migrated MCA villager 67f77d73-f43f-453c-850d-a82ea997a9a4 from the 1.0.3 Forge state payload
[02Sep2026 20:52:44.995] [Server thread/INFO] [com.guilh.mca_vampirism_compat.McaVampirismCompat/]: Migrated MCA villager 49fce706-a7f5-4b06-8df4-21911df6d4ca from the 1.0.3 Forge state payload
[02Sep2026 20:52:44.996] [Server thread/INFO] [com.guilh.mca_vampirism_compat.McaVampirismCompat/]: Migrated MCA villager daca12db-f4a3-4b45-b8cb-691f9d9926c5 from the 1.0.3 Forge state payload
[02Sep2026 20:52:44.997] [Server thread/INFO] [com.guilh.mca_vampirism_compat.McaVampirismCompat/]: Migrated MCA villager 5e987322-fd55-4f5b-94eb-863a86aa6cc1 from the 1.0.3 Forge state payload
[02Sep2026 20:52:44.999] [Server thread/INFO] [com.guilh.mca_vampirism_compat.McaVampirismCompat/]: Migrated MCA villager b2cf4c47-d266-43fd-9fb5-7bfdf404a74e from the 1.0.3 Forge state payload
[02Sep2026 20:52:45.044] [Server thread/INFO] [com.guilh.mca_vampirism_compat.McaVampirismCompat/]: Migrated MCA villager 2b07e2df-eeba-4c25-b2d1-b225e32ed871 from the 1.0.3 Forge state payload
[02Sep2026 20:52:49.350] [Server thread/WARN] [net.minecraft.server.network.ServerGamePacketListenerImpl/]: Frank3033 moved wrongly!
[02Sep2026 20:53:01.851] [Server thread/INFO] [com.guilh.mca_vampirism_compat.McaVampirismCompat/]: Migrated MCA villager 94b06f19-4896-405f-8432-42536da5dcd6 from the 1.0.3 Forge state payload
[02Sep2026 20:53:01.852] [Server thread/INFO] [com.guilh.mca_vampirism_compat.McaVampirismCompat/]: Migrated MCA villager 67f77d73-f43f-453c-850d-a82ea997a9a4 from the 1.0.3 Forge state payload
[02Sep2026 20:53:01.854] [Server thread/INFO] [com.guilh.mca_vampirism_compat.McaVampirismCompat/]: Migrated MCA villager 49fce706-a7f5-4b06-8df4-21911df6d4ca from the 1.0.3 Forge state payload
[02Sep2026 20:53:01.855] [Server thread/INFO] [com.guilh.mca_vampirism_compat.McaVampirismCompat/]: Migrated MCA villager daca12db-f4a3-4b45-b8cb-691f9d9926c5 from the 1.0.3 Forge state payload
[02Sep2026 20:53:01.856] [Server thread/INFO] [com.guilh.mca_vampirism_compat.McaVampirismCompat/]: Migrated MCA villager 5e987322-fd55-4f5b-94eb-863a86aa6cc1 from the 1.0.3 Forge state payload
[02Sep2026 20:53:01.857] [Server thread/INFO] [com.guilh.mca_vampirism_compat.McaVampirismCompat/]: Migrated MCA villager b2cf4c47-d266-43fd-9fb5-7bfdf404a74e from the 1.0.3 Forge state payload
[02Sep2026 20:53:01.859] [Server thread/INFO] [com.guilh.mca_vampirism_compat.McaVampirismCompat/]: Migrated MCA villager 2b07e2df-eeba-4c25-b2d1-b225e32ed871 from the 1.0.3 Forge state payload
[02Sep2026 20:53:02.978] [Server thread/WARN] [net.minecraft.server.network.ServerGamePacketListenerImpl/]: Frank3033 moved wrongly!
[02Sep2026 20:53:46.950] [Server thread/WARN] [net.minecraft.server.MinecraftServer/]: Can't keep up! Is the server overloaded? Running 2046ms or 40 ticks behind
[02Sep2026 20:54:03.325] [Server thread/WARN] [net.minecraft.server.network.ServerGamePacketListenerImpl/]: Frank3033 moved wrongly!
[02Sep2026 20:54:16.787] [Server thread/WARN] [net.minecraft.server.MinecraftServer/]: Can't keep up! Is the server overloaded? Running 14883ms or 297 ticks behind
[02Sep2026 20:54:37.778] [Server thread/INFO] [net.minecraft.server.MinecraftServer/]: [Frank3033: Teleported Frank3033 to -253.500000, 114.500000, 318.500000]
[02Sep2026 21:09:57.366] [Server thread/INFO] [net.minecraft.world.entity.npc.Villager/]: Villager ConvertedVillagerEntityMCA['Jannie'/15972, l='ServerLevel[world]', x=-224.09, y=107.00, z=315.30] died, message: 'Jannie was slain by Wendela'
[02Sep2026 21:09:57.367] [Server thread/INFO] [net.minecraft.world.entity.LivingEntity/]: Named entity ConvertedVillagerEntityMCA['Jannie'/15972, l='ServerLevel[world]', x=-224.09, y=107.00, z=315.30] died: Jannie was slain by Wendela
